文章日期,文章标题,文章链接,文章简介,文章作者,文章封面,原文链接,是否原创,文章位置,阅读数,在看数,点赞数,留言数
2021-12-30,自由之路提前2年,http://mp.weixin.qq.com/s?__biz=MzUzNjE3NzQ3Nw==&mid=2247490022&idx=1&sn=27a9cce20d644e2fcbb7dc82056756a9&chksm=fafb67cccd8ceedaf9430f88eb0952e8ece80fc4de4b9acd702d65813b104d08e4f729e59556&scene=27#wechat_redirect,,也谈钱,http://mmbiz.qpic.cn/mmbiz_jpg/xd1hVMKQsAEcs4NFxoPqRRHLJia759v17yH3SGFVDOG2aPE8m7qicP5ldTnb3dT2nsDRDX1kh3wDTbSyzJRUT3ew/0?wx_fmt=jpeg,,是,1,32223,56,280,32
2021-12-24,算算储蓄险的真实收益,http://mp.weixin.qq.com/s?__biz=MzUzNjE3NzQ3Nw==&mid=2247490008&idx=1&sn=753bc92d182ef450c16666b57612f4be&chksm=fafb67f2cd8ceee4b96119964093d2d42037b1352c818f89ba13c661aa6b0cf23bab41cb8429&scene=27#wechat_redirect,,也谈钱,http://mmbiz.qpic.cn/mmbiz_jpg/xd1hVMKQsAFm4HCOuRNJYCOqP8P0b6Kt9o1T2ZGEGT98aIyvdlNxQhp3bODCpzNuuoibmqzlAibelVGsoYGIAic0A/0?wx_fmt=jpeg,,是,1,14632,34,146,25
2021-12-22,上涨下跌都舒服,http://mp.weixin.qq.com/s?__biz=MzUzNjE3NzQ3Nw==&mid=2247489995&idx=1&sn=226f515bf73ddeefe50d69cc2ccf414a&chksm=fafb67e1cd8ceef7fbc8ad497a629392fe6ec272ccc4b0a36acf5cadaefef612c630895b4223&scene=27#wechat_redirect,,也谈钱,http://mmbiz.qpic.cn/mmbiz_jpg/xd1hVMKQsAEmiartMw2uKtjic2iaYACjxzraVnQP2c02GZ30kzQMhz5uQa4A5EJq2Xvc1kfXDwKict1N4iaWeVOwFEg/0?wx_fmt=jpeg,,是,1,23260,57,339,27
2021-12-08,爬上来跟大伙请个假，，这两天我生病了。因为平时极少感冒，所以我觉得这一定是身体在提醒我，该休息一下了。，，再加上按照之前给大伙分享的把意外收入作为奖励预算的思路，我和也太也攒下了一笔足够出去玩的奖励预算。，，再加上这几周也错开了德国的圣诞假期，旅行的价格只有假期的三分之一。，，所以我们决定提前给自己放假啦，做点自己的事儿，或者出门转转。后面几周更新频率会相对随意一些，大伙不要每天等我啦。，，想我的时候就再翻开这篇👉财务自由路上应该了解的每一个问题，重要的事儿都安排好了。，，PS：不要祝我旅途愉快，就祝我一趟回来再看账户钱又变多了吧[旺柴],http://mp.weixin.qq.com/s?__biz=MzUzNjE3NzQ3Nw==&mid=2247489989&idx=1&sn=1f02cbcd7fd400d1ff120037439fd79f&chksm=fafb67efcd8ceef9ccff9a3ca1db16c489d0ee0c7745a884643efe097e4da4cbb091e32b2c69&scene=27#wechat_redirect,,,,,否,1,8488,13,106,0
2021-12-03,不是杠……,http://mp.weixin.qq.com/s?__biz=MzUzNjE3NzQ3Nw==&mid=2247489987&idx=1&sn=290eee3fdeaca073e23e24c94c4a21f4&chksm=fafb67e9cd8ceeffaea3c3947da2fcec5c74b52ef2fbd812bb7d22c4a45a2becdb85d820fb26&scene=27#wechat_redirect,,也谈钱,http://mmbiz.qpic.cn/mmbiz_jpg/xd1hVMKQsAEEmicB6PjgyAKCy0KTTgufiakviaicXcF0OYxQ2rZFk28iaSlqAHrXNwccdGBWLMMoDEbKwibAOfC2Jo9w/0?wx_fmt=jpeg,,是,1,22055,66,259,22
2021-12-02,财富不会改变一个人，只会让他更像他自己，财务自由实证#33,http://mp.weixin.qq.com/s?__biz=MzUzNjE3NzQ3Nw==&mid=2247489985&idx=1&sn=b903124fda49464eaef9e4804786476a&chksm=fafb67ebcd8ceefd0983ca06d17266350f245060a52300210e2ba4fb372f41035bc969546b99&scene=27#wechat_redirect,,也谈钱,http://mmbiz.qpic.cn/mmbiz_jpg/xd1hVMKQsAERtCeU9uMbt2W2EOGLg9YDYUE5kd8ia7rgNfk16JUhbvxgOJuP7Adox9Wmwib40VaLvq1Wz7FIPkVQ/0?wx_fmt=jpeg,,是,1,18106,63,260,32
2021-11-30,这个角度不错,http://mp.weixin.qq.com/s?__biz=MzUzNjE3NzQ3Nw==&mid=2247489975&idx=1&sn=be706049566d8646d610a5893168a372&chksm=fafb679dcd8cee8bb1dbf4ae9be4498b8add805e5b559638e60813cacef723db9b4b911915c1&scene=27#wechat_redirect,,也谈钱,http://mmbiz.qpic.cn/mmbiz_jpg/xd1hVMKQsAF93ClSlfmVmBPrwTDSPQmpDeT61NmuwkFl4HjaQVczAkW43Et7sooCtfcDzsG9PZpogKQjBhOFSA/0?wx_fmt=jpeg,,是,1,18839,44,197,12
2021-11-29,买点稳的,http://mp.weixin.qq.com/s?__biz=MzUzNjE3NzQ3Nw==&mid=2247489964&idx=1&sn=73d1e5ddc8e0e09aee8e8d23f618f372&chksm=fafb6786cd8cee90cb6501a56b23633983b676bd3ef7548cef483332b7a3f6c71a9095c3cb0d&scene=27#wechat_redirect,,也谈钱,http://mmbiz.qpic.cn/mmbiz_jpg/xd1hVMKQsAEiaXGy9aftRytWk7icluYefBf64c0xrRLiaL38de3COt3l7Lo54jLS4yOaZAcVWLNNNT2Rl4UiaxicicMA/0?wx_fmt=jpeg,,是,1,26481,21,102,7
2021-11-26,花60万出国读研，值不值？,http://mp.weixin.qq.com/s?__biz=MzUzNjE3NzQ3Nw==&mid=2247489951&idx=1&sn=f2216dfe188528e8e96256a4a8a3fc36&chksm=fafb67b5cd8ceea32c4f5fb77f4c93fe27d8ed24fa5dcf4f2ef36f8050a7efac0fe307256c64&scene=27#wechat_redirect,,也谈钱,http://mmbiz.qpic.cn/mmbiz_jpg/xd1hVMKQsAE83uY1AIsibNCTGaRickO6mButbKLcgX0WQNfNvQPaKias5BAJ91dNic5CGyVoIDDOkFgsZPassDrCdw/0?wx_fmt=jpeg,,是,1,19054,45,198,15
2021-11-25,首次正收益，十年之约#11,http://mp.weixin.qq.com/s?__biz=MzUzNjE3NzQ3Nw==&mid=2247489941&idx=1&sn=aec11c2cb80e106036c9f4867106e3ac&chksm=fafb67bfcd8ceea91e53bf7bb154b963c0767a41e8e18dfc8976511e74a6b41ca993a1036f0f&scene=27#wechat_redirect,,也谈钱,http://mmbiz.qpic.cn/mmbiz_jpg/xd1hVMKQsAEEmicB6PjgyAKCy0KTTgufiaZ0qic2h5IkibugCXoHzLrhcq5fGFGlS2ls9HWX3FDpic97RTToOeBaO4w/0?wx_fmt=jpeg,,是,1,17830,33,168,16
2021-11-24,全都安排好了，财务自由路上我们需要了解的每一个问题,http://mp.weixin.qq.com/s?__biz=MzUzNjE3NzQ3Nw==&mid=2247489926&idx=1&sn=eac357cebcbfd7250828cdda88d9f122&chksm=fafb67accd8ceebaa1e750f129714bb000be9720a990a70c6fba6fc52fd3712014a58d699d6e&scene=27#wechat_redirect,,也谈钱,http://mmbiz.qpic.cn/mmbiz_jpg/xd1hVMKQsAGJyWSU2fZxvpYV3PH8YYlyjEP1DqfJJlCiavWHpMfUEC58Q3zic0ibFMuFLSia8yQBWGDAueBZjQSvSQ/0?wx_fmt=jpeg,,是,1,29258,93,320,36
2021-11-23,今天没有推送，大伙不用等啦。在写一篇干货😉，还没写完，明天发～,http://mp.weixin.qq.com/s?__biz=MzUzNjE3NzQ3Nw==&mid=2247489917&idx=1&sn=a59a394acd27a47c4b5ac537c4a31e8f&chksm=fafb6757cd8cee413e1cba966c0eac4d0bd7aa26e3f71acacba5c3907191ca832ec4d86c8871&scene=27#wechat_redirect,,,,,否,1,3114,12,72,0
2021-11-22,新东西不少，11月保险最推荐,http://mp.weixin.qq.com/s?__biz=MzUzNjE3NzQ3Nw==&mid=2247489914&idx=1&sn=8bf62296e34162d96c58ad19c78ef3ab&chksm=fafb6750cd8cee468667a0799a23ae4af0f155a1e5ca152845b08708fedb7fefba4172780283&scene=27#wechat_redirect,,也谈钱,http://mmbiz.qpic.cn/mmbiz_jpg/xd1hVMKQsAGuib3P1Zvkt880mib6lIoxe9Fx5gGibsSB5WmMtrCocAJichL1mynu8PE2oASpknozBPCQfobiaKAOg0g/0?wx_fmt=jpeg,,是,1,12796,9,26,9
2021-11-19,撸猫神器,http://mp.weixin.qq.com/s?__biz=MzUzNjE3NzQ3Nw==&mid=2247489896&idx=1&sn=49da9a26b705c56d3313a8eb1799c67f&chksm=fafb6742cd8cee548aef36611e4fe892a05b896a7442b5946832bbd121bf7352c46183ec9b75&scene=27#wechat_redirect,猫语翻译Meowtalk（喵说）,也谈钱,http://mmbiz.qpic.cn/mmbiz_jpg/xd1hVMKQsAFN7oMgF1SaPSprDBMULVQ7OkIlqzHAboAJdl7NjeHN2pGI7EBB7lcqibicdAUpPjOyLgfOChO7Kvgg/0?wx_fmt=jpeg,,是,1,18909,27,147,18
2021-11-18,随便聊聊,http://mp.weixin.qq.com/s?__biz=MzUzNjE3NzQ3Nw==&mid=2247489895&idx=1&sn=58c5447a68c91c70de239d92f9b5db6e&chksm=fafb674dcd8cee5b369a7f4571421cceaeb1c5cf659ee1813149c4ebed44ed1b64f45e7dbb30&scene=27#wechat_redirect,,也谈钱,http://mmbiz.qpic.cn/mmbiz_jpg/xd1hVMKQsAEl3JVJDPibichUFS3pol1ia1tiaD7M5Fxub7Ck0cibWk9CibYybJyNIDR7eU8GKkeHPvWhvqLhpZDhXBUA/0?wx_fmt=jpeg,,是,1,18550,17,100,9
2021-11-17,心平气和地搞钱~,http://mp.weixin.qq.com/s?__biz=MzUzNjE3NzQ3Nw==&mid=2247489879&idx=1&sn=201fccc11649662da63e4d6fe5877538&chksm=fafb677dcd8cee6b0fa40cd165adb49af21a04201a21b52cee0fb7a7bedb6dea71d9e9eaaec5&scene=27#wechat_redirect,,也谈钱,http://mmbiz.qpic.cn/mmbiz_jpg/xd1hVMKQsAHuvGClqGfDZsGOcOIZ7Q1Z7esU2CxeGplQiaeEibVibmicyuKMmXx5ydtqYVJc30G151C06Qiaiao9ZkVw/0?wx_fmt=jpeg,,是,1,25429,35,163,8
2021-11-16,联名款,http://mp.weixin.qq.com/s?__biz=MzUzNjE3NzQ3Nw==&mid=2247489868&idx=1&sn=435f9ca36e7b48f92a9b129b91ea677c&chksm=fafb6766cd8cee7010f2eec3a9445560483abb66f7e8b131564b3d21f8fa62bc934f1e61aa7f&scene=27#wechat_redirect,,也谈钱,http://mmbiz.qpic.cn/mmbiz_jpg/xd1hVMKQsAHuvGClqGfDZsGOcOIZ7Q1ZVD7Q1e3o2jxhsrLUzBM1DL6nOwUWiagoEJRnhKqGrXz1Eo53apqc5bw/0?wx_fmt=jpeg,,是,1,19655,18,89,1
2021-11-15,还有最后一年……,http://mp.weixin.qq.com/s?__biz=MzUzNjE3NzQ3Nw==&mid=2247489848&idx=1&sn=4156e8cff7013d3a96a9c8ce990f4b73&chksm=fafb6712cd8cee04cc158c5171749b44d5b4e981ec86961476ae3192e9d2b85a922b0a3afcf4&scene=27#wechat_redirect,,也谈钱,http://mmbiz.qpic.cn/mmbiz_jpg/xd1hVMKQsAHjgqKS4gNTp4HpHhSW4h9B5SHPT1mK0bicXLz0lTSHEB2QqyPs2eqibDaLlebuImmgRQL9Agoolr6g/0?wx_fmt=jpeg,,是,1,26959,60,310,22
2021-11-12,“双十一买了啥？”,http://mp.weixin.qq.com/s?__biz=MzUzNjE3NzQ3Nw==&mid=2247489846&idx=1&sn=d1a22a26797d08805ba6006273ffc6f9&chksm=fafb671ccd8cee0a0d757d8a5d2818c435fd3ab7d45d439b7a15bf504e266e0c8fdb736f4a1a&scene=27#wechat_redirect,,也谈钱,http://mmbiz.qpic.cn/mmbiz_jpg/xd1hVMKQsAFILMMwicI9dTJuiaEnR6vJAv7uFJBESArzWEzomDL14YvyPicjfSce3a96kxH8Kr27HibewialPOpLdYA/0?wx_fmt=jpeg,https://www.youzhiyouxing.cn/s/8ZbqXSle,是,1,17819,23,100,20
2021-11-11,薅羊毛的规则变了……,http://mp.weixin.qq.com/s?__biz=MzUzNjE3NzQ3Nw==&mid=2247489834&idx=1&sn=b19f0bf65cc3c78e93f931fa6550a121&chksm=fafb6700cd8cee168315f59f2ec423aae4b099d131af84a94dacf27b9bc2c5edeb4432c9be76&scene=27#wechat_redirect,,也谈钱,http://mmbiz.qpic.cn/mmbiz_jpg/xd1hVMKQsAFk092jNCHj1gricI1dejPH41EmoL61bTByVCCGPZvkDOQIL9ItpEWGfSy4OTN1pcC1PqJPLwakqSA/0?wx_fmt=jpeg,,是,1,24810,21,111,23
2021-11-10,这次没处理好……,http://mp.weixin.qq.com/s?__biz=MzUzNjE3NzQ3Nw==&mid=2247489822&idx=1&sn=4ca5ade1a1b728314645d5a6370751c5&chksm=fafb6734cd8cee22568f2ee236ccc2ccf27c5f629482fde8f335f5a70804ef541bb008addc69&scene=27#wechat_redirect,,也谈钱,http://mmbiz.qpic.cn/mmbiz_jpg/xd1hVMKQsAExcKxcOiaow4IZ737lnfZcbDuaibWmQOHSrcCDzsmejJV4JJJTDSlICMJ8agkWgpTHxGxBPLU2VuicA/0?wx_fmt=jpeg,,是,1,20871,33,280,12
2021-11-09,大伙问的买书福利来喽，更新版推荐书单,http://mp.weixin.qq.com/s?__biz=MzUzNjE3NzQ3Nw==&mid=2247489817&idx=1&sn=273d49f380a8bfe9d81f2fe4aa1d9b96&chksm=fafb6733cd8cee25f623bacc109fc0a798cc3f96e47121713219fc1359ed33f4e95605ad888b&scene=27#wechat_redirect,,也谈钱,http://mmbiz.qpic.cn/mmbiz_jpg/xd1hVMKQsAHv93dbafEeMtJZsviaiacW5uPYfLwia7Rr2PMEfXpPBGge1s7vpib6WHFk0njsFltjKxF7lNaAxVgj6g/0?wx_fmt=jpeg,,是,1,17591,39,140,12
2021-11-08,暂时不能买了……,http://mp.weixin.qq.com/s?__biz=MzUzNjE3NzQ3Nw==&mid=2247489792&idx=1&sn=b4d12815a68f1ad4c74f74bfd187d69d&chksm=fafb672acd8cee3c434f46ddd9b0354f0d988f649773a3ca8e805cde22035d9ed482b6dab505&scene=27#wechat_redirect,,也谈钱,http://mmbiz.qpic.cn/mmbiz_jpg/xd1hVMKQsAFSldPjKQtP4vamVTOZN4iaV4Y2cNOiagpY5qSG1SlOia8dHWFAUjQ51XRBeeeWhBcHCQpTcev1Wictng/0?wx_fmt=jpeg,,是,1,37195,34,156,8
2021-11-05,完美错过……,http://mp.weixin.qq.com/s?__biz=MzUzNjE3NzQ3Nw==&mid=2247489784&idx=1&sn=719f45e492bb1d4663fcc35cd330accc&chksm=fafb66d2cd8cefc46517242a5d4989de8024ac25e63e644a3f96fad5b6303d09fd17a20b649f&scene=27#wechat_redirect,,也谈钱,http://mmbiz.qpic.cn/mmbiz_jpg/xd1hVMKQsAHXCWibj9ooveHjpxvTko0ePxPUibCiaKyJKRk6eU56ngIwztzyiaTfGLpaVibDPQzgiaoy1moRhibr0cvTw/0?wx_fmt=jpeg,,是,1,23221,37,200,7
2021-11-04,50万本金，应该咋配置？,http://mp.weixin.qq.com/s?__biz=MzUzNjE3NzQ3Nw==&mid=2247489763&idx=1&sn=905a77add49fd26d68a0f936ffbf43e3&chksm=fafb66c9cd8cefdf736287421921ed3c154bffe93af685b2fd1bb349599ed9b218e7bcf94910&scene=27#wechat_redirect,,也谈钱,http://mmbiz.qpic.cn/mmbiz_jpg/xd1hVMKQsAHSMB5flEQ9gUZO2gP0dXaJcqjXDq09D8FZbkITOIlic4diasRGBR3IboibYjsBCBH9Yxh9WdG0Wo4uA/0?wx_fmt=jpeg,,是,1,26119,59,310,17
2021-11-02,也许是时候了,http://mp.weixin.qq.com/s?__biz=MzUzNjE3NzQ3Nw==&mid=2247489736&idx=1&sn=8acb2c50b78a65bbcf7550b886ed684a&chksm=fafb66e2cd8ceff474028c60661b39401175c8a56a943d49dab7f76ce3be71d0fc27a92cf0d3&scene=27#wechat_redirect,关注投资最好的时候,也谈钱,http://mmbiz.qpic.cn/mmbiz_jpg/xd1hVMKQsAHTS7mwUo2TdZS1yI5q4fZ2XAicLvChqBKC7wAUWIK3LxysrdPfoyibwkUH48lEfAZug4DsSZ0yKSPw/0?wx_fmt=jpeg,,是,1,26592,50,253,11
2021-11-01,这个问题，我终于有经验聊聊了，财务自由实证#32,http://mp.weixin.qq.com/s?__biz=MzUzNjE3NzQ3Nw==&mid=2247489724&idx=1&sn=f35a86009ce54b0b887a07a38161331e&chksm=fafb6696cd8cef80f6c60b5151865d01bd8084462ff1e93c8666a368f46c4b69bc071bb5b32e&scene=27#wechat_redirect,,也谈钱,http://mmbiz.qpic.cn/mmbiz_jpg/xd1hVMKQsAGlj8d6gsdu92FkZdoLosMVpptZ6Xhr3ByFQrEB57BjywIaULg2tt6WUO7VHyicWEddXdGibH8icG5Kw/0?wx_fmt=jpeg,,是,1,24510,67,266,15
2021-10-29,这才5个月……,http://mp.weixin.qq.com/s?__biz=MzUzNjE3NzQ3Nw==&mid=2247489709&idx=1&sn=4c0dbe9897b48518cb0196ed41dbf842&chksm=fafb6687cd8cef91110c76780869a4a381e7b95d546aa68841f280c70fa87d93298b2c41b8dc&scene=27#wechat_redirect,,也谈钱,http://mmbiz.qpic.cn/mmbiz_jpg/xd1hVMKQsAHCFS3EibQmyDaOficAWRUQQoibynba985we5fZ8wtVWya62hYe6ygvFea6mmqLkerwIwQtLZeUBXbqA/0?wx_fmt=jpeg,,是,1,24841,26,160,11
2021-10-28,暴涨，然后呢？,http://mp.weixin.qq.com/s?__biz=MzUzNjE3NzQ3Nw==&mid=2247489699&idx=1&sn=760a1bede27805a48d1ad4f2e690d2d3&chksm=fafb6689cd8cef9f5e11ed29019cf20ef68d61f2c1a06f1e98b74b594890efda3b009be65047&scene=27#wechat_redirect,,也谈钱,http://mmbiz.qpic.cn/mmbiz_jpg/xd1hVMKQsAGlicYCgic7Mq7wvGk0vyImYxVkSefHO8jAH3Otm4SsMMEB4DPZSNbmDnEfNQFoKdrnVmtFzkico2mHw/0?wx_fmt=jpeg,,是,1,23292,29,143,4
2021-10-27,该来的还是来了……，十年之约#10,http://mp.weixin.qq.com/s?__biz=MzUzNjE3NzQ3Nw==&mid=2247489693&idx=1&sn=809f67f0fa9f455bf81096d7e47d42d6&chksm=fafb66b7cd8cefa14558388037ba6133149c0329bc1d18d51bf563f1fc9436028746754b4652&scene=27#wechat_redirect,,也谈钱,http://mmbiz.qpic.cn/mmbiz_jpg/xd1hVMKQsAFP2O2kZ9XeQ4WwT3AAs2g8VDLcNLsFP7ksEmwp5a6awkSpFkplIMoHKEkac9kUseW9Y8Fib3ricyFQ/0?wx_fmt=jpeg,,是,1,24635,37,201,13
2021-10-26,hhhh，我可真是个人才，玩游戏玩出来的时间管理策略……,http://mp.weixin.qq.com/s?__biz=MzUzNjE3NzQ3Nw==&mid=2247489686&idx=1&sn=b7092b0d246704541ecd68459e79d242&chksm=fafb66bccd8cefaa7666a857c91b68b2d8c0c6c1317972208dcaab90cd06899c38d2e6b31ed4&scene=27#wechat_redirect,,也谈钱,http://mmbiz.qpic.cn/mmbiz_jpg/xd1hVMKQsAHKcoVHc7XE35iaIAjic5ciaRZsKQQCGaicLHNhmuWvNk6UuQOgEV1N6SppRfk9w1KasLdpBGiatzmNdicA/0?wx_fmt=jpeg,,是,1,16085,37,182,20
2021-10-25,让我肝了68个小时的游戏……,http://mp.weixin.qq.com/s?__biz=MzUzNjE3NzQ3Nw==&mid=2247489671&idx=1&sn=c579ff70042d5dfc63999c89b3acc811&chksm=fafb66adcd8cefbb65fb51c6b2cfbff31a13e5e59fbbce5ddde9ff1e8acf6a16836ff9fb6fc0&scene=27#wechat_redirect,肝出了人生感悟,也谈钱,http://mmbiz.qpic.cn/mmbiz_jpg/xd1hVMKQsAHDAFwy7Onw0cJBszj8cFibZRicyxTR5InWS2DmkiaWheBQHGwU4SQJpXAwoZM91jJx1iay99bkjibblkQ/0?wx_fmt=jpeg,,是,1,22418,59,271,35
2021-10-22,请也太答题～,http://mp.weixin.qq.com/s?__biz=MzUzNjE3NzQ3Nw==&mid=2247489656&idx=1&sn=70415aa6d8bebad3c684243197cebedd&chksm=fafb6652cd8cef4469d0e9fd80aa02a6dfdaf1ba9f6f276a590bbab98e84a3bd59437159a98b&scene=27#wechat_redirect,,也谈钱,http://mmbiz.qpic.cn/mmbiz_jpg/xd1hVMKQsAE57Rgfdt2m1ibfmh5J2ialVTRX236Vny101aLNcGhM6U36U8wcXgQZ0ZUsrNxoTlNlic1SVwoalicExA/0?wx_fmt=jpeg,,是,1,18854,51,290,19
2021-10-21,到底啥叫“保证续保”，10月保险最推荐,http://mp.weixin.qq.com/s?__biz=MzUzNjE3NzQ3Nw==&mid=2247489650&idx=1&sn=8b6dac6029e58ab8fe7986a5e56eec7f&chksm=fafb6658cd8cef4ea1877c9be84752465473220cd1a731103dd1c840f648a8ac3688f6c62fdb&scene=27#wechat_redirect,,也谈钱,http://mmbiz.qpic.cn/mmbiz_jpg/xd1hVMKQsAEK4lKJmK19prUXtaeu6SjlYJraZ5ZDjdxW7sic9Z4k0u3xzL9kiah9r5xPAibOyLjdYuHvhB74rmbkg/0?wx_fmt=jpeg,,是,1,9644,15,34,9
2021-10-20,心塞，大佬卸任了……,http://mp.weixin.qq.com/s?__biz=MzUzNjE3NzQ3Nw==&mid=2247489649&idx=1&sn=85b008b62df466b8dcf15388ee6dc9b2&chksm=fafb665bcd8cef4d400c28b3f9d8569a63c2b9c06ca11a69cb46930c7bf06def7933a899431e&scene=27#wechat_redirect,,也谈钱,http://mmbiz.qpic.cn/mmbiz_jpg/xd1hVMKQsAGNEgqh5zTFZ8wXSsJibe5KvwUR8dO3LeElQwBRMeJ0N2EhEK8tN60fZgmSNWopgjVDEV8KT0Z6FbQ/0?wx_fmt=jpeg,,是,1,39451,44,207,16
2021-10-19,又是一笔大钱……,http://mp.weixin.qq.com/s?__biz=MzUzNjE3NzQ3Nw==&mid=2247489637&idx=1&sn=343e4ab78f77dad074722627c53f8049&chksm=fafb664fcd8cef599919e5e3d2dbdcb210f0eecf37b275d4fcea7ecc53d9e14e97526872ad8e&scene=27#wechat_redirect,,也谈钱,http://mmbiz.qpic.cn/mmbiz_jpg/xd1hVMKQsAFywHhOZl5fHZJydHH4WSSwjn8dxqqVv3nXq3mtHq3g7b83ibQ3ruTPW6J9YLZfCsQ8WaTYXTfeoXw/0?wx_fmt=jpeg,,是,1,28242,43,205,32
2021-10-18,写作4年，我的一个转变,http://mp.weixin.qq.com/s?__biz=MzUzNjE3NzQ3Nw==&mid=2247489629&idx=1&sn=f8000173a075944d47cd4dcbe980ab89&chksm=fafb6677cd8cef61e9a83b02a8d9a1e80d0a4fc3cf9d42790b43b46f1d8a2f6510efe496d30b&scene=27#wechat_redirect,每个人的内在都有一个自然的学习机能在工作，如果我们不去压制它的话,也谈钱,http://mmbiz.qpic.cn/mmbiz_jpg/xd1hVMKQsAEtmZLw8GaibzejicAfjE0XKPLZMxg37S7F6IaicNyHDUEniad2lShHS6damtmMQZhialYCV5Hfff8obNA/0?wx_fmt=jpeg,,是,1,18175,66,295,17
2021-10-15,哈，我又有新发现了[手动旺柴],http://mp.weixin.qq.com/s?__biz=MzUzNjE3NzQ3Nw==&mid=2247489624&idx=1&sn=42f3ab5e821184765a7d275e06023f8d&chksm=fafb6672cd8cef64289c8152474d192f40191f05109d7496258ae26cf0d1c17d31faa4589f19&scene=27#wechat_redirect,,也谈钱,http://mmbiz.qpic.cn/mmbiz_jpg/xd1hVMKQsAFYyQjI42fcAJpdic91vsl4fNicwdreIbddbqebkclbNquvst3SrspIkw5YznXenLNjs1xpgPvWe8ow/0?wx_fmt=jpeg,,是,1,17953,36,172,18
2021-10-14,记了好些笔记,http://mp.weixin.qq.com/s?__biz=MzUzNjE3NzQ3Nw==&mid=2247489619&idx=1&sn=2c9e911a3d139917cae1b67599253190&chksm=fafb6679cd8cef6f82955a2e6bdd8bb878f3bc9960b8ae0b724d98b4b0e0096d0d50121f1bf0&scene=27#wechat_redirect,哪些风险百万医疗险「不能」保障,也谈钱,http://mmbiz.qpic.cn/mmbiz_jpg/xd1hVMKQsAEaompovLh934lng0jDHINE6fueZoWlY8PRvaTZJqMwSrxWwCgttrScpTL6mhbl1yP47cGQcO8CTQ/0?wx_fmt=jpeg,https://www.xiaoyuzhoufm.com/episode/614925f3612bdaba921d4ac7?s=eyJ1IjogIjVlOTE1MDE3YTBlYjU3NjBjZWM0ZWQzMyJ9,是,1,18361,21,96,12
2021-10-13,财务自由路上，如何获得家人的支持？,http://mp.weixin.qq.com/s?__biz=MzUzNjE3NzQ3Nw==&mid=2247489601&idx=1&sn=d996ea73f914cd4b03ce84c1d9262861&chksm=fafb666bcd8cef7db13adf0046bf1618b4d0487ab3744a38f0764d21c1161747b69f1e8ac8b3&scene=27#wechat_redirect,,也谈钱,http://mmbiz.qpic.cn/mmbiz_jpg/xd1hVMKQsAFYyQjI42fcAJpdic91vsl4f208FnxKUt6IvuicIWftiaiaDZIgibNAhyBoibUr9oNgicUGYdnSbGWgNkfUQ/0?wx_fmt=jpeg,,是,1,16865,34,142,22
2021-10-12,“下跌行情不好熬呀……”,http://mp.weixin.qq.com/s?__biz=MzUzNjE3NzQ3Nw==&mid=2247489589&idx=1&sn=06a046b073a9564aff89583dfcd740d5&chksm=fafb661fcd8cef09d2cf4c4803a293092a1cabd83403db076bc28234413e2f54014bff679738&scene=27#wechat_redirect,如何度过下跌行情,也谈钱,http://mmbiz.qpic.cn/mmbiz_jpg/xd1hVMKQsAFQzoo18EwRjKsVKANIIm2qF2tich0JicK9cUXO3UWzudXQ9Z63JJ84pic27ml6Tnt5Tkdiafu1Xvbvcw/0?wx_fmt=jpeg,,是,1,24220,41,181,21
2021-10-11,花了一整年，实现个小目标,http://mp.weixin.qq.com/s?__biz=MzUzNjE3NzQ3Nw==&mid=2247489581&idx=1&sn=ea83dd79f8085d8dfa0d3d60bcc1cd8c&chksm=fafb6607cd8cef1108704da22bbce80f6f47c554e00b5525c3babb2f41a608f9dac2fc197146&scene=27#wechat_redirect,提升有氧适能,也谈钱,http://mmbiz.qpic.cn/mmbiz_jpg/xd1hVMKQsAFQ1eJkub3yJtHtDs4mERyFBDwkzRcow5gHqtp956xicxevkItQ1w9TymXhFOIUYibTefzXGl7HPC2w/0?wx_fmt=jpeg,,是,1,29136,54,216,29
2021-10-09,自由前的恐惧，财务自由实证#31,http://mp.weixin.qq.com/s?__biz=MzUzNjE3NzQ3Nw==&mid=2247489561&idx=1&sn=eee6eed522c1c1f363f61de8a5ca770e&chksm=fafb6633cd8cef25202abb2b0c6ec0f129d28635a2f290f3c349f1396922e225ac47a2b966c5&scene=27#wechat_redirect,,也谈钱,http://mmbiz.qpic.cn/mmbiz_jpg/xd1hVMKQsAErQkMjBqa6OFQQmplH7lD3PPahfCTl15l7kuQzZk7icry40ICicjX1HVNwlS58aABEbLCFfAnEnmug/0?wx_fmt=jpeg,,是,1,24325,55,247,22
2021-10-08,生命不息，折腾不止～,http://mp.weixin.qq.com/s?__biz=MzUzNjE3NzQ3Nw==&mid=2247489548&idx=1&sn=5c48d436e0f9ccc060f79012d94d6035&chksm=fafb6626cd8cef3067679505bdd80632507e1bd2b4d51981b630c405c2f95edd74fd63fcf1d3&scene=27#wechat_redirect,戒网两天的收获,也谈钱,http://mmbiz.qpic.cn/mmbiz_jpg/xd1hVMKQsAG5zrVfiaGoxnwUrA8cqh81CahNkbEy5oVdiaAmStPAhBIZPUetopJf3cVZsksgp9Mzgriae73C34iaHg/0?wx_fmt=jpeg,,是,1,19720,53,255,18
2021-09-30,国庆假期在家戒网,http://mp.weixin.qq.com/s?__biz=MzUzNjE3NzQ3Nw==&mid=2247489538&idx=1&sn=4825d0d611d96eeced8da6bd76198422&chksm=fafb6628cd8cef3e69c5ff463b50f015fbe9716afa454005ae64fd8b285d801b87c26403736e&scene=27#wechat_redirect,,也谈钱,http://mmbiz.qpic.cn/mmbiz_jpg/xd1hVMKQsAGSG5d1pOmKiaEFA4qXCrZIa7Sfsm2Up8efz0csQvILqE3qrz5UhDVqEJfvv5cdWZRibYf1E1IPKbEg/0?wx_fmt=jpeg,,是,1,16792,54,352,19
2021-09-29,我在焦虑什么？,http://mp.weixin.qq.com/s?__biz=MzUzNjE3NzQ3Nw==&mid=2247489532&idx=1&sn=7a6b5fccbbf04d621f93e68d6049cf8a&chksm=fafb69d6cd8ce0c0b67404d8cbc794d709f533bf0c0bd043d5c89459346226141432ee4943b7&scene=27#wechat_redirect,,也谈钱,http://mmbiz.qpic.cn/mmbiz_jpg/xd1hVMKQsAFVl7mQ1EJalsy4aoCiaG2VjE5Hwum0SwmmEKMjVaSeSIJYuA4VQicAtN6DjVG80DVAp3mFAcbGMgtA/0?wx_fmt=jpeg,,是,1,23554,50,278,16
2021-09-27,别着急，十年之约#9,http://mp.weixin.qq.com/s?__biz=MzUzNjE3NzQ3Nw==&mid=2247489527&idx=1&sn=766b0831e8b5f19e86407cf89fe5a3e5&chksm=fafb69ddcd8ce0cb1fa2ea734bf7785188b21d768a9a12b7495dd672f0c2062c7d6f697d5d75&scene=27#wechat_redirect,,也谈钱,http://mmbiz.qpic.cn/mmbiz_jpg/xd1hVMKQsAFK0gtEau0s2MYxdibfe854s4AyFypemR7reicO61XNic55XibcQKbW8WpMlAIbFLyicPCY5LcNgPZMekA/0?wx_fmt=jpeg,,是,1,18525,25,126,9
2021-09-26,假期出行可能用得上的保障，9月保险最推荐,http://mp.weixin.qq.com/s?__biz=MzUzNjE3NzQ3Nw==&mid=2247489516&idx=1&sn=1c155047e5f36ca461dcc0e42b2c43be&chksm=fafb69c6cd8ce0d05953ab94b169b841ef82fc0709a145dcf64d277b0453ebdafbdfbefa1eff&scene=27#wechat_redirect,,也谈钱,http://mmbiz.qpic.cn/mmbiz_jpg/xd1hVMKQsAEK4lKJmK19prUXtaeu6SjlYJraZ5ZDjdxW7sic9Z4k0u3xzL9kiah9r5xPAibOyLjdYuHvhB74rmbkg/0?wx_fmt=jpeg,,是,1,9130,8,30,7
2021-09-24,“终于体会到存钱的快乐了！”,http://mp.weixin.qq.com/s?__biz=MzUzNjE3NzQ3Nw==&mid=2247489504&idx=1&sn=96574bb7c28f20fe586d52ebfa9b2793&chksm=fafb69cacd8ce0dcee1a2cc314f2fc21d30e884438d2d87831c507e7fa1edb7b4ef357634c3c&scene=27#wechat_redirect,,也谈钱,http://mmbiz.qpic.cn/mmbiz_jpg/xd1hVMKQsAFD9u7Mexkb90S2C6IKXd0PNxlcshXJoZ066Q0bdoSy7OANibCK7RmI2FoibxZK19IZbdmT7nk0W6eg/0?wx_fmt=jpeg,,是,1,26280,41,155,34
2021-09-23,这篇还是不起标题了，以防挨怼……,http://mp.weixin.qq.com/s?__biz=MzUzNjE3NzQ3Nw==&mid=2247489499&idx=1&sn=9af022397ccc526882c953ab0fc5cb20&chksm=fafb69f1cd8ce0e7c6f9604a260f31863f47bee85a162734428a3710f1fdb4ced88971db4efc&scene=27#wechat_redirect,,也谈钱,http://mmbiz.qpic.cn/mmbiz_jpg/xd1hVMKQsAGoUuTZAfgeJaAzoLibYHtSzLpeO7icVRK04A4FpK4wXwEuYkMa3ntGXEibLzgUnnNZSWsnkNdT9v2bA/0?wx_fmt=jpeg,https://xueqiu.com/5660521415/198390871,是,1,22730,52,247,20
2021-09-22,“从收益30%到现在负数了……”,http://mp.weixin.qq.com/s?__biz=MzUzNjE3NzQ3Nw==&mid=2247489488&idx=1&sn=0fa8ace4e651582b1aabd9b4ddcc23f5&chksm=fafb69facd8ce0ec6921c4b0611a07649ebb07ce38fa3405600b02df42140fa2655127d6f647&scene=27#wechat_redirect,,也谈钱,http://mmbiz.qpic.cn/mmbiz_jpg/xd1hVMKQsAFiaANlrkeuTG1JSgjEvGFYMzfyfnawhHVphTC1pfE82WfMOibB0NiaHJQ38R4B9IKf98jCJ4rkLvJMA/0?wx_fmt=jpeg,,是,1,33430,59,234,17
2021-09-17,前任……,http://mp.weixin.qq.com/s?__biz=MzUzNjE3NzQ3Nw==&mid=2247489478&idx=1&sn=18dd1c9a3428b04a2d18c0aadea670f1&chksm=fafb69eccd8ce0fa6ed644fc087e72bc829bee7e1a8dff757b7658fb97a3176f0d987f2e4770&scene=27#wechat_redirect,,也谈钱,http://mmbiz.qpic.cn/mmbiz_jpg/xd1hVMKQsAHcqAvMqgmaTkJFiaUqK4Mm6qhxIYTI27tKfO8jVvFrJATqO3QEbgEMZDPPWC79JSuWRDoB8x8Gh5g/0?wx_fmt=jpeg,,是,1,25190,31,142,19
2021-09-16,今日份的小确幸,http://mp.weixin.qq.com/s?__biz=MzUzNjE3NzQ3Nw==&mid=2247489469&idx=1&sn=da785dca4f4b2fd68f9cf762b741c076&chksm=fafb6997cd8ce0818e552d6ec9a980df69964eae6888de22de90897d9e57d16fee5e3cc05517&scene=27#wechat_redirect,,也谈钱,http://mmbiz.qpic.cn/mmbiz_jpg/xd1hVMKQsAFxXAN6mljzUANb2QvtHOS4JM6wxZrica4gicocQnlsIG5BgtvaH2JRdiaQBejstyeKNQuhZZ155AsjA/0?wx_fmt=jpeg,,是,1,23105,40,207,7
2021-09-15,决定辞职,http://mp.weixin.qq.com/s?__biz=MzUzNjE3NzQ3Nw==&mid=2247489455&idx=1&sn=34db1e27684b482c9ffa844f9fd82f74&chksm=fafb6985cd8ce0936c22e966cbe2e224038f8403e72ed5e9aaab6baef24d4ad45d2e7a577c6a&scene=27#wechat_redirect,,也谈钱,http://mmbiz.qpic.cn/mmbiz_jpg/xd1hVMKQsAFdxFsvKXTRWhIu1NzQfIMTSnKRjicNWx5tjKw0hEQAc6jltfErG3Mib046p273MdxSxtUKjwOSJicRA/0?wx_fmt=jpeg,,是,1,48508,113,485,23
2021-09-14,这个缺点我得如实记录,http://mp.weixin.qq.com/s?__biz=MzUzNjE3NzQ3Nw==&mid=2247489447&idx=1&sn=763115532cefe70e905f12841e7ab8e2&chksm=fafb698dcd8ce09bb67280fac80e034165a3aaf5e29471ecc6b018aa7964f014938a3c1d1b74&scene=27#wechat_redirect,当我们获取基金经理和主理人带来的回报的同时，也必须同等接纳他们可能犯下的“错误”。,也谈钱,http://mmbiz.qpic.cn/mmbiz_jpg/xd1hVMKQsAFA28bXBwA8ml9p4Zb23fZd8K1Im5ib5ibk2CG1CoaGtN6jquLJoXaXAcjxBTj2jGfa9baV2vJO9BqQ/0?wx_fmt=jpeg,,是,1,19568,28,138,12
2021-09-13,变了……,http://mp.weixin.qq.com/s?__biz=MzUzNjE3NzQ3Nw==&mid=2247489440&idx=1&sn=661d6e43aeb0661f507024fe0c871740&chksm=fafb698acd8ce09c46a8692db69244d0ff0e7f26ba4f36ecede1ff1441d8acf63fded25bfcc3&scene=27#wechat_redirect,,也谈钱,http://mmbiz.qpic.cn/mmbiz_jpg/xd1hVMKQsAEiaQE9RP3LJnfSQAibDIjC36WGSibia26BGgCeqXo8tmGd8WrlGCbTe70qibnDHQEia766zwCK8rCoALAA/0?wx_fmt=jpeg,,是,1,28178,24,135,14
2021-09-10,周末啦，推荐本好书,http://mp.weixin.qq.com/s?__biz=MzUzNjE3NzQ3Nw==&mid=2247489424&idx=1&sn=88c79942b5af47409cbdb5134f581497&chksm=fafb69bacd8ce0ace5a3d085bf8ea8ab7a8503eb3c1864ffbe254976c6be5e81d6ee2a1776f1&scene=27#wechat_redirect,如果以后要参加答辩、申请加薪或者谈判的时候，时间上最好选饭点以后的～,也谈钱,http://mmbiz.qpic.cn/mmbiz_jpg/xd1hVMKQsAEXupaQruibFvNKezRROl4O92LRAIjHMH1aL01JYpRwCD5kicxME4ZJN9JLNvHgBCTZibQUicf9IVianyQ/0?wx_fmt=jpeg,https://mp.weixin.qq.com/s?__biz=MzUzNjE3NzQ3Nw==&amp;mid=2247489423&amp;idx=1&amp;sn=6299b378e3c940a0a8ec95c90492f740&amp;chksm=fafb69a5cd8ce0b3a0f0745cabd87eb082205777d8a4470db1248b407c4afb8452fb39178d9c&amp;token=1923239314&amp;lang=zh_CN#rd,是,1,21153,37,182,14
2021-09-09,买一点,http://mp.weixin.qq.com/s?__biz=MzUzNjE3NzQ3Nw==&mid=2247489410&idx=1&sn=4957236c097667ae0d2bdd816ad7de59&chksm=fafb69a8cd8ce0be5b4d687d75d603eddc8790404d1331e209578248141717ce751ff8e02d4e&scene=27#wechat_redirect,,也谈钱,http://mmbiz.qpic.cn/mmbiz_jpg/xd1hVMKQsAGEHkC3efATpYxWIN0lCTH9mbrkHHd4s1DvwNW53eAcDBeJjUY9C4ZqoU6OwvH6KBX09onGE6xBIA/0?wx_fmt=jpeg,,是,1,27655,21,110,12
2021-09-08,作客一期播客～,http://mp.weixin.qq.com/s?__biz=MzUzNjE3NzQ3Nw==&mid=2247489401&idx=1&sn=a613497a5d6fdc3325d0424b9a78063e&chksm=fafb6953cd8ce045481121812b61b04f62dfe09a07b785991fc4cdd679bc9af13665d4c0ce62&scene=27#wechat_redirect,,也谈钱,http://mmbiz.qpic.cn/mmbiz_jpg/xd1hVMKQsAGfBibtWO6tOVxy7f0ajy0loApuZGvH6CY3y9T6DsYS7hdabQHtd0dd1S8vfyXgadycGdsu7vMUzicw/0?wx_fmt=jpeg,https://www.xiaoyuzhoufm.com/episode/6136b83861a8d8b3ba9c5df1?s=eyJ1IjogIjVlOTE1MDE3YTBlYjU3NjBjZWM0ZWQzMyJ9,是,1,13713,29,128,14
2021-09-07,新学一招,http://mp.weixin.qq.com/s?__biz=MzUzNjE3NzQ3Nw==&mid=2247489389&idx=1&sn=2bcf1847e223e146225d6aad2a54941e&chksm=fafb6947cd8ce051605cbee5ecc273f0de813da478a73258d7d27b107f86a997bbe5f5ea4773&scene=27#wechat_redirect,,也谈钱,http://mmbiz.qpic.cn/mmbiz_jpg/xd1hVMKQsAHDIAXIic69zhTB3kQuE6P2tdnmBDAibmbYLjniaib4ictnbpA3ib2RdLI9NiaoLTtVBZHVc47CBzhWjDE3w/0?wx_fmt=jpeg,https://medium.com/accelerated-intelligence/thomas-edison-salvador-dali-and-a-navy-seal-all-follow-the-20-rule-427eb55c9b3c,是,1,20263,34,162,21
2021-09-06,这也太乐观了吧……，财务自由实证#30,http://mp.weixin.qq.com/s?__biz=MzUzNjE3NzQ3Nw==&mid=2247489372&idx=1&sn=2118934ef05d930f50d2510ff6642cb1&chksm=fafb6976cd8ce06042f2bb8d1ed950a95262d11451fe116440e1ff84ca49c6fdae8a5d664a6d&scene=27#wechat_redirect,,也谈钱,http://mmbiz.qpic.cn/mmbiz_jpg/xd1hVMKQsAEiaibzMjP6NE3icrgfcquiawVv8vzL7aAGKmmRiaFtQicLJMpiajrjo7hn0ia9bXM9Wv1aKibab8yeNOEQG2A/0?wx_fmt=jpeg,,是,1,25081,37,195,9
2021-09-03,几个改善睡眠的经验,http://mp.weixin.qq.com/s?__biz=MzUzNjE3NzQ3Nw==&mid=2247489361&idx=1&sn=2a887854ac810072285b7730fa6b6e04&chksm=fafb697bcd8ce06d84b1f631edfb7f443b37ccfb8468bbd7af4a116ed36db4de40ad1d14bb21&scene=27#wechat_redirect,,也谈钱,http://mmbiz.qpic.cn/mmbiz_jpg/xd1hVMKQsAGwATltER3E5ZWp9QTOFiaqQwJ2rn5u7Cm3dfWqpfyYYliaIhKNptyeibamdMfuEyrgl1xVKgGibreeLw/0?wx_fmt=jpeg,,是,1,22555,39,155,25
2021-09-01,德国一线生活账单,http://mp.weixin.qq.com/s?__biz=MzUzNjE3NzQ3Nw==&mid=2247489338&idx=1&sn=6490946d817b27fefa083f74a13026aa&chksm=fafb6910cd8ce006a1edf013a3006d0321ab16bbbf15d451b35c4687b55f4b2092886dc79bfa&scene=27#wechat_redirect,我们家的省钱思路,也谈钱,http://mmbiz.qpic.cn/mmbiz_jpg/xd1hVMKQsAEhic3uEGuEwLBaIdj74BiczHfeeRs8GfG96VicLJw2skJ7LsSqbdjXyiaXeyLRac91ceJWNEvhhBImYQ/0?wx_fmt=jpeg,,是,1,21651,31,175,22
2021-08-31,蚊子肉也是肉,http://mp.weixin.qq.com/s?__biz=MzUzNjE3NzQ3Nw==&mid=2247489330&idx=1&sn=cef143db1d0cea414cfcc71828bedf30&chksm=fafb6918cd8ce00e255a43c8c75c4eec4203b74a165145464373bf508ef92e2dfda3556365b1&scene=27#wechat_redirect,,也谈钱,http://mmbiz.qpic.cn/mmbiz_jpg/xd1hVMKQsAGTrOdCm4D9MnjIRXTrbgIYa6UoVWZl8PUP7BhicL8qVXKKYQsYbOhNoNvbte52SsPEic187xE1m6icg/0?wx_fmt=jpeg,,是,1,22206,33,200,7
2021-08-26,有点开心～，8月保险最推荐,http://mp.weixin.qq.com/s?__biz=MzUzNjE3NzQ3Nw==&mid=2247489290&idx=1&sn=8cbec031d08002787f08ed5b2b73b206&chksm=fafb6920cd8ce036afc57a3a9545b0fbee77d724c6e492d724b73da126a8d5f2ea3c5db0b973&scene=27#wechat_redirect,,也谈钱,http://mmbiz.qpic.cn/mmbiz_jpg/xd1hVMKQsAFVw4J5iaK17f92MW8oyka0vh07uJ7pkOF5xUeBqjADo4oYrrcJF2pxFjQqlvOAiaKTaIVVJXn7E7fA/0?wx_fmt=jpeg,,是,1,14501,17,46,6
2021-08-25,差点被坑3万多……,http://mp.weixin.qq.com/s?__biz=MzUzNjE3NzQ3Nw==&mid=2247489279&idx=1&sn=5e4ae04de9e904359b3f32b892afb2e4&chksm=fafb68d5cd8ce1c38f9bdeeb5480cd60532980443f20dac2c24c306e735775826c7b006e10a0&scene=27#wechat_redirect,,也谈钱,http://mmbiz.qpic.cn/mmbiz_jpg/xd1hVMKQsAFXBwfuSNicq7zHVEFFQzyd2qZolBC9YANa1Evx66ROBYFCetRblcSYp2QDZ2vtbOXbuKico8xjvELw/0?wx_fmt=jpeg,,是,1,25378,36,205,14
2021-08-20,给爸妈做了个体检清单,http://mp.weixin.qq.com/s?__biz=MzUzNjE3NzQ3Nw==&mid=2247489229&idx=1&sn=a4a828aa141b80c53a83ae50475adaca&chksm=fafb68e7cd8ce1f14039919265fc43a2eac6294fd3e247d6c585a039e0975b28d1a596cf766f&scene=27#wechat_redirect,,也谈钱,http://mmbiz.qpic.cn/mmbiz_jpg/xd1hVMKQsAEA17k5JE9Uswia9BtZGqtkn8tVDc8e6gPic6t15W1grSGlevApQDIITTw0e2Mhl8f4gCzfrTfWT9TA/0?wx_fmt=jpeg,,是,1,16711,53,227,25
2021-08-19,家里怎么管钱,http://mp.weixin.qq.com/s?__biz=MzUzNjE3NzQ3Nw==&mid=2247489219&idx=1&sn=4a365bc267939149d473ef22248aeba1&chksm=fafb68e9cd8ce1ff4fe7a276abe2433d1706679e6c966ea6bc6026706029679b2c873e7ec8ef&scene=27#wechat_redirect,,也谈钱,http://mmbiz.qpic.cn/mmbiz_jpg/xd1hVMKQsAFoyvIibufTxaHRnFvdibGNKrQoZiahfooVS4fosn5fdlfCpLA725pQVfj3fciaENO3IQD8otOwRU4EwQ/0?wx_fmt=jpeg,,是,1,22393,64,265,19
2021-08-18,有点酷,http://mp.weixin.qq.com/s?__biz=MzUzNjE3NzQ3Nw==&mid=2247489208&idx=1&sn=db818a9099c303d0ca9dc294faadd7a5&chksm=fafb6892cd8ce1840142725bd2071717b454a4d5e999c4091846e7c0ed94d0ff91e7e3078b04&scene=27#wechat_redirect,,也谈钱,http://mmbiz.qpic.cn/mmbiz_jpg/xd1hVMKQsAEp0DeHvR6HDOV6as7EsuqQcbBbUd7clLsNAPfJMGgFoKIUyvErOzVellibKlnA9YDOgHGQDiaHtWZA/0?wx_fmt=jpeg,,是,1,19287,45,202,10
2021-08-17,不是一个“快乐凭空产生”的思路了，是一筐～,http://mp.weixin.qq.com/s?__biz=MzUzNjE3NzQ3Nw==&mid=2247489194&idx=1&sn=5f845315fec1cb3ff83c6c92abff40dc&chksm=fafb6880cd8ce1962a270360ec30413f3dc04caaf0ff6e2431a1434c1f8fd47f85e5137e6dbd&scene=27#wechat_redirect,,也谈钱,http://mmbiz.qpic.cn/mmbiz_jpg/xd1hVMKQsAEbLhNGSnOdd8hgzocIeFGmBMZNlG9EN69oqDia9oib1ia4AmWeIQTHRvWHicJk3OuCNibicOicses606XNA/0?wx_fmt=jpeg,,是,1,12638,27,126,14
2021-08-16,这趟花了多少钱,http://mp.weixin.qq.com/s?__biz=MzUzNjE3NzQ3Nw==&mid=2247489185&idx=1&sn=79d5de477caff60d460d29b96e6a9edc&chksm=fafb688bcd8ce19d715ce9d9a242fcdfd2566d89b74f17e868e51c8e3a3f1d3fbbf98e443201&scene=27#wechat_redirect,,也谈钱,http://mmbiz.qpic.cn/mmbiz_jpg/xd1hVMKQsAH17JKCpgkcdzEeWXFSvbRkvsicOOBZkQ0IQUHObOmQeVU9891gQpIyYl04DuKv5VC1MKcggpmAEtA/0?wx_fmt=jpeg,,是,1,19734,32,180,8
2021-08-13,差点走丢了……,http://mp.weixin.qq.com/s?__biz=MzUzNjE3NzQ3Nw==&mid=2247489175&idx=1&sn=b429a29fc4421206c9139889aa3c48e1&chksm=fafb68bdcd8ce1ab6326baf1a4f8d81a06f54d09851c4ab09b015b4561e0c792a93868ffb889&scene=27#wechat_redirect,,也谈钱,http://mmbiz.qpic.cn/mmbiz_jpg/xd1hVMKQsAFRhDHGaN0ficprFw3tmkFQ6uHNevnwS4HBEVjJzxiaDg68lq1stzcyatdpp5Lsdx91bJfyWTdsUicug/0?wx_fmt=jpeg,,是,1,17902,41,168,18
2021-08-09,战略性花点冤枉钱,http://mp.weixin.qq.com/s?__biz=MzUzNjE3NzQ3Nw==&mid=2247489158&idx=1&sn=3fa86a97560efb7784b7563d9cfdf107&chksm=fafb68accd8ce1ba8c27185fd3e303e15ef91530778306f6f8e174ead8a34d544ca720bab0c4&scene=27#wechat_redirect,,也谈钱,http://mmbiz.qpic.cn/mmbiz_jpg/xd1hVMKQsAGzZIV2ZO0YjWGozkOR24mfRH35QibQkXic9IcskWIbqtB8No14YrgfoO7pecyPeQRZhPTicwYJJia5Pw/0?wx_fmt=jpeg,,是,1,20241,31,220,20
2021-08-08,在新手村被虐……,http://mp.weixin.qq.com/s?__biz=MzUzNjE3NzQ3Nw==&mid=2247489144&idx=1&sn=31c5eab4f4e44fbd626b09ad79308096&chksm=fafb6852cd8ce144aa0149d46a985bdf49751cc3dc4da4f8b0b71e80cc6cf2b700b8305b7179&scene=27#wechat_redirect,,也谈钱,http://mmbiz.qpic.cn/mmbiz_jpg/xd1hVMKQsAH9S4iamHqX4z16so335jPq3aibvLM0dYQKB6bsYAwvTXcTVicHNicyBqEdz7K5eLtic33juczRtVfibTlg/0?wx_fmt=jpeg,,是,1,19421,40,196,14
2021-08-07,今天划个水,http://mp.weixin.qq.com/s?__biz=MzUzNjE3NzQ3Nw==&mid=2247489142&idx=1&sn=9a2f41a9a6e07136a079193efe08d155&chksm=fafb685ccd8ce14a646714397cfb91e0bd37b323514aa4b656ff8369c208166ecab7eace983a&scene=27#wechat_redirect,,也谈钱,http://mmbiz.qpic.cn/mmbiz_jpg/xd1hVMKQsAG39VBywWbnib6DNiapn4JxWkMuJv1ia5A64uP5Nqtr7BIIVtOiayqbId6enabznwt3ALBhrufrhP0ibOQ/0?wx_fmt=jpeg,,是,1,15307,45,275,21
2021-08-05,新的旅程，财务自由实证#29,http://mp.weixin.qq.com/s?__biz=MzUzNjE3NzQ3Nw==&mid=2247489120&idx=1&sn=e5c5bf6d51914c212c228bc6f42346dc&chksm=fafb684acd8ce15c27cd508a67d57573f4acbeced75f805ef271b4efcf42cf54b363e5f93fcf&scene=27#wechat_redirect,,也谈钱,http://mmbiz.qpic.cn/mmbiz_jpg/xd1hVMKQsAGKrSYXqwaQOAiaA77VfYWHExu69kAce04uP04Yp5kfYAzfMRSZHf09ia9wVurZS49lNrxy1JM4EVfA/0?wx_fmt=jpeg,,是,1,23491,62,395,17
2021-08-04,开挂的人生,http://mp.weixin.qq.com/s?__biz=MzUzNjE3NzQ3Nw==&mid=2247489110&idx=1&sn=bee043aefe7b2d4ea6a6e58f647b29d0&chksm=fafb687ccd8ce16a3fed34c2bf2d92ec46d436796e0677d3951b126a295988a49846f29910b4&scene=27#wechat_redirect,,也谈钱,http://mmbiz.qpic.cn/mmbiz_jpg/xd1hVMKQsAHzyD3tmhjDibia8NIVEMYWonsOCR8MhBASL1H9FDwVPkcX3zBySHaAzre0Xf0PVdayP8iaguoFIk5ibg/0?wx_fmt=jpeg,,是,1,26139,64,223,8
2021-08-03,为了更好跟大伙推荐这本书，我已经悄咪咪铺垫了12篇文章,http://mp.weixin.qq.com/s?__biz=MzUzNjE3NzQ3Nw==&mid=2247489102&idx=1&sn=7ce6d83f7297e6ef23fb24764d8d517a&chksm=fafb6864cd8ce1722135624868b6af0bfbb0bf778e7a0335a08a3e891c9874cbaa606c9f6447&scene=27#wechat_redirect,,也谈钱,http://mmbiz.qpic.cn/mmbiz_jpg/xd1hVMKQsAEkWVjcyzUNFNAZzGuJTfbZyKDEVWssUYN7nibPyersvfReSiaia2MFKiaQGJ1snt8JicfIFLWicPv7bQBg/0?wx_fmt=jpeg,,是,1,21890,45,189,9
2021-08-02,三个兼顾财务自由的买房思路,http://mp.weixin.qq.com/s?__biz=MzUzNjE3NzQ3Nw==&mid=2247489091&idx=1&sn=92f3dca494c7881d4b6a8fa1d87ca224&chksm=fafb6869cd8ce17f4fc05bffb154551fb296e2a49f5860c08529192bd565d9601fb61845d940&scene=27#wechat_redirect,,也谈钱,http://mmbiz.qpic.cn/mmbiz_jpg/xd1hVMKQsAHIu74wBAsNOhlnhib3f4qGDF8zJhvLsUO3CxMNqL55sXiasS8Pse154BhlS5jvL6ORzj2cffezWHjA/0?wx_fmt=jpeg,,是,1,29522,69,243,18
2021-07-31,老妈在我初中时写的日记,http://mp.weixin.qq.com/s?__biz=MzUzNjE3NzQ3Nw==&mid=2247489086&idx=1&sn=b9092df6ce29c36ca52aae51016a1711&chksm=fafb6814cd8ce10234ca34e58bc9133ec26a2821606a0f4a9ea91a45aaad0f02d3f7459b21a3&scene=27#wechat_redirect,,也谈钱,http://mmbiz.qpic.cn/mmbiz_jpg/xd1hVMKQsAE40VzWKnFzT8gHEf3y9128LpzOlu32bPlKBvK5Ddcuognz1AIicRmhwgI5rkicMwJCI70VpTqyjdiag/0?wx_fmt=jpeg,,是,1,16613,65,306,10
2021-07-30,1000万的房产，500万房贷，还能财务自由吗？,http://mp.weixin.qq.com/s?__biz=MzUzNjE3NzQ3Nw==&mid=2247489079&idx=1&sn=80231fe217a0f0216049afa7d6b503f9&chksm=fafb681dcd8ce10bdea42b5b541fe7a12e5fb2eadb7568669416cf8762157b6e0a54e4556a58&scene=27#wechat_redirect,主动选择比“应该”的生活水平低一档,也谈钱,http://mmbiz.qpic.cn/mmbiz_jpg/xd1hVMKQsAGsjFshicKMGiaUjac4qyRxwwe6ib2cQicDFkpfMWxT2auao8E3BjbsV3jlCR8DDWPEjOwnf9liajyJjNA/0?wx_fmt=jpeg,,是,1,21528,72,280,12
2021-07-29,给身体原因不容易投保的伙伴们写了一些建议，7月保险最推荐,http://mp.weixin.qq.com/s?__biz=MzUzNjE3NzQ3Nw==&mid=2247489074&idx=1&sn=4a4ea1c6490d89828694ebf1f023c8b5&chksm=fafb6818cd8ce10ee61a1e1f0cf85e43fd3d9901ad4077c60595f6f0b441e43f744f8741d530&scene=27#wechat_redirect,,也谈钱,http://mmbiz.qpic.cn/mmbiz_jpg/xd1hVMKQsAFWVERiaWhuibtMXNyrgKWBeY430IYqXIcbzvtBqDSXNtPvVrqiagtWia4M9r2KDp9LhptBc9QUEaDhIw/0?wx_fmt=jpeg,,是,1,10398,18,61,5
2021-07-28,“别急着抄底，你家没矿”,http://mp.weixin.qq.com/s?__biz=MzUzNjE3NzQ3Nw==&mid=2247489067&idx=1&sn=d0cb6fd37f45f0f7765c7ca9e0f416e8&chksm=fafb6801cd8ce11743d1585f4833b1fa159cd140e7cdeae206d91f3926da0b07d5fde90e09b0&scene=27#wechat_redirect,,也谈钱,http://mmbiz.qpic.cn/mmbiz_jpg/xd1hVMKQsAGiccyCEp8NWGpq1g8Su6z26UsibdjZvbqWc5vgicqwAYic1cZhIZon0bV7PwRK1qoYdeIibc6oGQK7B7A/0?wx_fmt=jpeg,,是,1,36117,83,288,14
2021-07-27,十年之约#7，大跌之后，继续安心持有,http://mp.weixin.qq.com/s?__biz=MzUzNjE3NzQ3Nw==&mid=2247489056&idx=1&sn=51157a511a403aaacb7be0282c1b32b2&chksm=fafb680acd8ce11cdf839a7a4f723a6ff90ca98da744406ea495d17a2889ec8430edcc0e48ca&scene=27#wechat_redirect,,也谈钱,http://mmbiz.qpic.cn/mmbiz_jpg/xd1hVMKQsAGibXicj3Fs9icC5QpexIV1cjl6UF7bGhmFR7qdA7czd0cY86A0VXdb4wdSOVglwFDgJ0g5CcmD6PanA/0?wx_fmt=jpeg,,是,1,28918,33,147,8
2021-07-26,我被有理有据地驳倒了～，实验不过双休日后的第7周,http://mp.weixin.qq.com/s?__biz=MzUzNjE3NzQ3Nw==&mid=2247489045&idx=1&sn=bf91abc69791ef8b27ea8bf07a012758&chksm=fafb683fcd8ce12968b74acaac7b2dcc4ac131a515363c9defc3e3cfd5d4f10723cf8d5e5c96&scene=27#wechat_redirect,,也谈钱,http://mmbiz.qpic.cn/mmbiz_jpg/xd1hVMKQsAEuiaaCS4HEG3gcJjIFzxQHHrldhHRCNTxHVG6UNMNncTIGGloacia6iboWBjuJeCXZdg68VFLGY3sfA/0?wx_fmt=jpeg,,是,1,15729,37,158,12
2021-07-24,用了5年的记账App，最近换了新版本,http://mp.weixin.qq.com/s?__biz=MzUzNjE3NzQ3Nw==&mid=2247489033&idx=1&sn=9c714b5a9c5be39d8305f9454d555424&chksm=fafb6823cd8ce135016814a84b3828b8760a31480818a655f0b5755e3d6c2d60a2ff5373be52&scene=27#wechat_redirect,,也谈钱,http://mmbiz.qpic.cn/mmbiz_jpg/xd1hVMKQsAEm0OUjbErXWG1dT5ye8sInrMC7GibPqYL6B0CIH6ZPZDK7KKpVjJ4RUcmNQtpCb9RYeISrjotUpZA/0?wx_fmt=jpeg,,是,1,30574,20,73,14
2021-07-23,讲个好玩的事儿，我们有望实现蔬菜瓜果自由了,http://mp.weixin.qq.com/s?__biz=MzUzNjE3NzQ3Nw==&mid=2247489023&idx=1&sn=854f5908ce0d70c4a4ad07448fe61f6d&chksm=fafb6bd5cd8ce2c3c362dcb3e645572c38d218a22fd09c9f9a91cce7c61a9a692215b0634822&scene=27#wechat_redirect,,也谈钱,http://mmbiz.qpic.cn/mmbiz_jpg/xd1hVMKQsAG9NKXrIWiarQuG8he4EhdnAdPJVcvbLqQicZxsEVicXD5yic0CLNOdh07bdAtGlicqxgQnHyyDJox1flw/0?wx_fmt=jpeg,,是,1,20654,37,243,19
2021-07-21,把压岁钱给孩子，教她理财,http://mp.weixin.qq.com/s?__biz=MzUzNjE3NzQ3Nw==&mid=2247489003&idx=1&sn=b09f760c6a63ceb9215289ddc473a05d&chksm=fafb6bc1cd8ce2d7032e1530e7b9261d78469d34f8344fee4184530e949afc18c22f17fb44e7&scene=27#wechat_redirect,,也谈钱,http://mmbiz.qpic.cn/mmbiz_jpg/xd1hVMKQsAGlRibic2aRZFw3H15oooSecicUZESAQc3PFJWHOaUXYnicZaFUPw84pU4I0HzNTMiaXM8Gadve7co1q1Q/0?wx_fmt=jpeg,,是,1,13266,25,123,11
2021-07-20,常被问到“是不是应该把基金卖出再「立刻」买回来？”,http://mp.weixin.qq.com/s?__biz=MzUzNjE3NzQ3Nw==&mid=2247488993&idx=1&sn=8c75b4ec63e5f134cd925d5bbcf1e3d1&chksm=fafb6bcbcd8ce2dd24395c17f5971a4433e8cb89dcd62ecec36320acbdde65cbf80811215f6a&scene=27#wechat_redirect,,也谈钱,http://mmbiz.qpic.cn/mmbiz_jpg/xd1hVMKQsAFeB4kLVSAEDgZ6ta2Cfybk7aBlTjicyEXJWnj2kfoZudwRpPMllwCqBcDN7fJR1d7I6adicOiayNrAQ/0?wx_fmt=jpeg,,是,1,16739,36,134,13
2021-07-19,我可能找到答案了，实验不过双休日后的第6周,http://mp.weixin.qq.com/s?__biz=MzUzNjE3NzQ3Nw==&mid=2247488985&idx=1&sn=fcdc2f9d1ad6df9a8ee8b3165adc80d1&chksm=fafb6bf3cd8ce2e531482aaf27a5097e16aaaa49fc278c1ac2fff4e02f2a9226286936aa1552&scene=27#wechat_redirect,,也谈钱,http://mmbiz.qpic.cn/mmbiz_jpg/xd1hVMKQsAH0n5hMUp9GPXjnDeN5kriaFgOf147F7Z1ZseH76Lh9tqK9dX9ayBTXpKVvFYQr7Jvk2Oh89lkqqBA/0?wx_fmt=jpeg,,是,1,16398,79,229,15
2021-07-17,有点神奇的看牙经历……,http://mp.weixin.qq.com/s?__biz=MzUzNjE3NzQ3Nw==&mid=2247488980&idx=1&sn=ddc9789d2a5e7e62d73a2b887938dc7b&chksm=fafb6bfecd8ce2e832342adfb718a3bd7a37a38874600e12356ff75a82a4d0a8041a4b224bd9&scene=27#wechat_redirect,原来牙医还能治头疼的,也谈钱,http://mmbiz.qpic.cn/mmbiz_jpg/xd1hVMKQsAHKforRURceJqNvMltC8icEKEfX7l3xKkFiaeDIaB07zCshgUiaqXmEYVKjkNYszAeSj9wMZu2aYmSMQ/0?wx_fmt=jpeg,,是,1,11982,19,119,17
2021-07-16,最近我在读什么,http://mp.weixin.qq.com/s?__biz=MzUzNjE3NzQ3Nw==&mid=2247488972&idx=1&sn=4c2bcb54844cde415e2bd06241ba441c&chksm=fafb6be6cd8ce2f0db1858d64aae2dd82392b7609b6c613f65beb6ed7cb9161df078541cc6cb&scene=27#wechat_redirect,,也谈钱,http://mmbiz.qpic.cn/mmbiz_jpg/xd1hVMKQsAHJesCMuiaGgH5QQaJibRqAvTRbMexS2EtScMUic9v76R3RusdLtkWYBHLEMbhnShn8MygWn4iba3Y7YQ/0?wx_fmt=jpeg,,是,1,17980,33,139,11
2021-07-15,财务自由的6层安全边际,http://mp.weixin.qq.com/s?__biz=MzUzNjE3NzQ3Nw==&mid=2247488963&idx=1&sn=da44254227d0ca16f3e7e2f9cc30ef5c&chksm=fafb6be9cd8ce2ff9c3ffc043569c3352d124ec85bfa52b4865cbf9c35350eef2528b8a15bb4&scene=27#wechat_redirect,,也谈钱,http://mmbiz.qpic.cn/mmbiz_jpg/xd1hVMKQsAHen6OaOQ07rke8bPicdzt54vn1tUf6S5uaJUrYQZQvfmcPeiaCwx8u3YM4Znp1iciboia63Lx6fvgN2kA/0?wx_fmt=jpeg,,是,1,17692,31,117,5
2021-07-14,基金分红不只是“左手倒右手”,http://mp.weixin.qq.com/s?__biz=MzUzNjE3NzQ3Nw==&mid=2247488956&idx=1&sn=294ce0442dae69091f784287eb85d4ab&chksm=fafb6b96cd8ce2805937c86a1888bbd03f98a935acbda2704ac08399572c4384102a1c32f69b&scene=27#wechat_redirect,,也谈钱,http://mmbiz.qpic.cn/mmbiz_jpg/xd1hVMKQsAFj3qQIsk9NDgicdRWoia1icConn1toYENwV6b3ajqtrpkuM1rfceIgGKJDAiaorahggfsTe8BFsdkoSA/0?wx_fmt=jpeg,,是,1,15005,34,139,6
2021-07-13,我的被动收入体系,http://mp.weixin.qq.com/s?__biz=MzUzNjE3NzQ3Nw==&mid=2247488950&idx=1&sn=284d5309e8a8ad44266506b2322dfeb7&chksm=fafb6b9ccd8ce28ade296e6e1ab4091da302d86760c372236b8bb516245c361ca432a3f58148&scene=27#wechat_redirect,,也谈钱,http://mmbiz.qpic.cn/mmbiz_jpg/xd1hVMKQsAHd9IbloFafOlGCia8PsPcRUJ0nMVGvjST1KnFT3wRdiamFS9f5HQwBlynBR1xG8qk43jVKKpD8yj4w/0?wx_fmt=jpeg,,是,1,38660,50,215,10
2021-07-12,实验不过双休日后的第5周，状态依旧很好,http://mp.weixin.qq.com/s?__biz=MzUzNjE3NzQ3Nw==&mid=2247488938&idx=1&sn=29dda80b5a6362cdf6f72f18b524b2e1&chksm=fafb6b80cd8ce296e08a460531b8acb3cb93582fa9c02a7c082b06358ba462d98992a1a10778&scene=27#wechat_redirect,,也谈钱,http://mmbiz.qpic.cn/mmbiz_jpg/xd1hVMKQsAEozM1ZNeMyKKGbG38AfG5MjjT6w8m4P272po8AicwX7ZkxUKCCT9Mby4EVSa69iahdnjKuGEib9ibQ0Q/0?wx_fmt=jpeg,,是,1,16136,35,155,13
2021-07-10,唠唠我的作息和时间管理,http://mp.weixin.qq.com/s?__biz=MzUzNjE3NzQ3Nw==&mid=2247488931&idx=1&sn=95039da49e02c6230a47a1fca35d7927&chksm=fafb6b89cd8ce29f300e1c21d54f7af69387a5d5ee8ad992b8ab38043dd98d89c9b2945c6ef6&scene=27#wechat_redirect,,也谈钱,http://mmbiz.qpic.cn/mmbiz_jpg/xd1hVMKQsAGUFXtU4MiaXT8ZX9Eg8d88qEU5XFHibnkQSYiaD6w58ibh5EPS2ETK3Q4icPM298OaKsPoheMS8DEicFqQ/0?wx_fmt=jpeg,,是,1,21589,62,345,11
2021-07-08,我将自由,http://mp.weixin.qq.com/s?__biz=MzUzNjE3NzQ3Nw==&mid=2247488909&idx=1&sn=74c33a53392fe53e3da89df938772207&chksm=fafb6ba7cd8ce2b12287f696b5a63515fbab5108ca986392506e5deb81b56d43bb7270b2f9c0&scene=27#wechat_redirect,限制我们的从来不是拥有钱的数量，而是我们自己的思维方式。,也谈钱,http://mmbiz.qpic.cn/mmbiz_jpg/xd1hVMKQsAHp7NnxshZ01RwRxiaGMsjOvTRQRV4KlX0XOEhGcIK51Y4JiaI9fQLBgERpa97rxrLlic8XqJfME4AmQ/0?wx_fmt=jpeg,,是,1,31157,108,464,25
2021-07-07,怎么拿到年化10%的投资收益？,http://mp.weixin.qq.com/s?__biz=MzUzNjE3NzQ3Nw==&mid=2247488904&idx=1&sn=df82b96fcede392249995ea728d1c888&chksm=fafb6ba2cd8ce2b4100cb43171126a08ed4f8754f286d93a5dfb7ed5a23236559805af754022&scene=27#wechat_redirect,,也谈钱,http://mmbiz.qpic.cn/mmbiz_jpg/xd1hVMKQsAEMNIuMM8jAnkGsu2UHsQcxA1gtMTwBnVxsEboA2ZzJxnQdPB4ISCq7A9B8iamLZAViatPbmN9Libw0g/0?wx_fmt=jpeg,,是,1,29495,58,235,10
2021-07-06,代价最大的消费，叫做“必须立即拥有”,http://mp.weixin.qq.com/s?__biz=MzUzNjE3NzQ3Nw==&mid=2247488890&idx=1&sn=3062a755a6b3d2626af8d4dd1e141857&chksm=fafb6b50cd8ce246ac5aae69e4ec2cc017c760fc5666839a554cf5dc1c167694e4c52241b6fa&scene=27#wechat_redirect,,也谈钱,http://mmbiz.qpic.cn/mmbiz_jpg/xd1hVMKQsAGeLkzldIicuMzPLzdiaj4sAFZX9rckNGeDibG0TAvlibHK0MjkQiaUaLPOHUpBiaxicGsvJhticia1Q5PVl0A/0?wx_fmt=jpeg,,是,1,21345,74,305,11
2021-07-05,不靠初始本金完成财务自由,http://mp.weixin.qq.com/s?__biz=MzUzNjE3NzQ3Nw==&mid=2247488884&idx=1&sn=840d596e2867e383644e3fd26a0631de&chksm=fafb6b5ecd8ce248ddcceee8678986285693de8181269bad008a4f063e71208f9e5aa6923428&scene=27#wechat_redirect,,也谈钱,http://mmbiz.qpic.cn/mmbiz_jpg/xd1hVMKQsAFzibUqZIvm7Y1YEMtPyHbUOzy9jXUia9SibicjIZLFh4NvRrWnp1qUnsxY2L8dyE1yCLbfXaCicQ6U9gA/0?wx_fmt=jpeg,,是,1,29430,54,245,21
2021-07-03,周末用啥姿势休息效果最好？,http://mp.weixin.qq.com/s?__biz=MzUzNjE3NzQ3Nw==&mid=2247488874&idx=1&sn=956945f44ca996a0ccb13e6195373bac&chksm=fafb6b40cd8ce2562cbf11532b29888578dd5c6cd0ce768fd5198d4e57fe1eb268b43b84abce&scene=27#wechat_redirect,,也谈钱,http://mmbiz.qpic.cn/mmbiz_jpg/xd1hVMKQsAF0yfGZnWY9GuCyuO50QOIibaovVspCGp7MDZuZPeRgIq0ubcINmUO9Io5SfSk9XWhq4IfZQzdlxxg/0?wx_fmt=jpeg,,是,1,17485,34,202,9
2021-07-02,买房对我的财务自由计划影响有多大？，财务自由实证#28,http://mp.weixin.qq.com/s?__biz=MzUzNjE3NzQ3Nw==&mid=2247488869&idx=1&sn=2e80a0cb6a95ac68b1879d2bff8b411d&chksm=fafb6b4fcd8ce259c302c1b0c6d99aea20e1792c5bb1678f39b24246959cab1dd730dbe2778b&scene=27#wechat_redirect,,也谈钱,http://mmbiz.qpic.cn/mmbiz_jpg/xd1hVMKQsAEhDtR5ib7RpEYtf8Na7MIt2GR9S7cHLQVfHPeVAibUZtrObDdlhKy9z30YBZSXHNtIR0icC1yVZddFA/0?wx_fmt=jpeg,,是,1,22302,38,179,10
2021-07-01,十年之约#6，捡便宜的机会又开始出现了,http://mp.weixin.qq.com/s?__biz=MzUzNjE3NzQ3Nw==&mid=2247488860&idx=1&sn=af1011d4463231dc056e0eabff723238&chksm=fafb6b76cd8ce26060feb3640d3d989dd3db79ad20ae9b4f2eb709633e829e0c7c94ef951163&scene=27#wechat_redirect,与人群逆向而动，这既是获得投资收益的方式，也是避开内卷的不二法则。,也谈钱,http://mmbiz.qpic.cn/mmbiz_jpg/xd1hVMKQsAEhDtR5ib7RpEYtf8Na7MIt2jNoYEMibHeKALd65Fv0UrJNiccYmkUyKpAfmmvGh1ANe3OvYnT4fy2gw/0?wx_fmt=jpeg,,是,1,30003,57,172,8
2021-06-30,已经攒下4000万了，但我还是不敢退休,http://mp.weixin.qq.com/s?__biz=MzUzNjE3NzQ3Nw==&mid=2247488841&idx=1&sn=6387ce6cce111d58e4c17d5964e7e4ca&chksm=fafb6b63cd8ce275a834f9a41296a894de134e4a2f0356ba04b1828a25980345a7094c506b0f&scene=27#wechat_redirect,,也谈钱,http://mmbiz.qpic.cn/mmbiz_jpg/xd1hVMKQsAFyO76GpGX5JXmqSB9ESgNhjMoqqFLhcWbjV2Cf2XDg6LXAID6zdicAcd1hdZ4I4ibQH9Nlpu3GTEibA/0?wx_fmt=jpeg,,是,1,47983,111,358,20
2021-06-29,买指数基金可以留意下这个思路，一年额外多赚5%,http://mp.weixin.qq.com/s?__biz=MzUzNjE3NzQ3Nw==&mid=2247488835&idx=1&sn=adc6289c06c92d219cbb8a2be29a7785&chksm=fafb6b69cd8ce27f97db3a26f4f60d15596fadb8162dacd10aa367f84493b9d7bdc7e8f54bd7&scene=27#wechat_redirect,,也谈钱,http://mmbiz.qpic.cn/mmbiz_jpg/xd1hVMKQsAHkibUN3ML95jYqZAibjZQY1NGMLILhRiaoznGL6ZIpx0DyibW0cfuXKEU9k6smZt5mbYVqsaQxGF9yHA/0?wx_fmt=jpeg,,是,1,27611,54,147,11
2021-06-28,实验不过双休日后的第3周，家人怎么评价我的尝试？,http://mp.weixin.qq.com/s?__biz=MzUzNjE3NzQ3Nw==&mid=2247488830&idx=1&sn=6898d693a8ec0d92b4aa926a72fd0290&chksm=fafb6b14cd8ce2025cbaa0f63bf5b11b1b24c678e40cbc8dac146cbbf3bd2877e09f68fa9f46&scene=27#wechat_redirect,,也谈钱,http://mmbiz.qpic.cn/mmbiz_jpg/xd1hVMKQsAEWmSwuIicXjlx4pfsYJ6kCqxxCAD7M9bzQ1ke9qMOKW6hPvemQFyuNy5C0Vj8L1dyrqKEffBDx3JQ/0?wx_fmt=jpeg,,是,1,19065,54,307,16
2021-06-26,有个意外发现，好像不设闹钟反而更容易早起？,http://mp.weixin.qq.com/s?__biz=MzUzNjE3NzQ3Nw==&mid=2247488823&idx=1&sn=2bf172932412202be5d13e4d0ee23e1b&chksm=fafb6b1dcd8ce20b6322d43e3331d55075cb099b16677c44ec9683cb096e2f5b6630993cf17f&scene=27#wechat_redirect,,也谈钱,http://mmbiz.qpic.cn/mmbiz_jpg/xd1hVMKQsAE8HZqW5RZInib6WbwxWtH9ibY1c2TXh2KhqVfp5e0MP9KIHnYD8grpE4IkFOKPIsvic8urd0fqW4YMg/0?wx_fmt=jpeg,,是,1,12647,23,182,34
2021-06-24,我真香了，最近换笔记App背后的思考,http://mp.weixin.qq.com/s?__biz=MzUzNjE3NzQ3Nw==&mid=2247488810&idx=1&sn=124adddc525cb95ceccbab24cb6c70a1&chksm=fafb6b00cd8ce216dbef53934ca5a7bd536eb70bb83a7e37358387c1c876e3e569790008612c&scene=27#wechat_redirect,,也谈钱,http://mmbiz.qpic.cn/mmbiz_jpg/xd1hVMKQsAGtXKJJNLMVbibIPibibs7IXaiclVTndA4K6VQCUv9hP7XbSp4BiatVdTpW7cgMPUjOib4q6JwJZWKPNWfw/0?wx_fmt=jpeg,,是,1,24166,33,154,16
2021-06-23,补充几条给大伙的说明建议，6月保险最推荐,http://mp.weixin.qq.com/s?__biz=MzUzNjE3NzQ3Nw==&mid=2247488794&idx=1&sn=180bf1ac70513c53c41e59664c9df46c&chksm=fafb6b30cd8ce22657595c300b83b4ca114d40a871cae4ad0135df69a4cc4005c7b43161d930&scene=27#wechat_redirect,,也谈钱,http://mmbiz.qpic.cn/mmbiz_jpg/xd1hVMKQsAEicvmXt8GgvpF1BJ8icBjSs00UmYzZoImBzAib9Q3dXWXmYFOYbHZTtEVTgZ7IpWiaaZ0uutnopyfUxg/0?wx_fmt=jpeg,,是,1,13833,16,36,7
2021-06-22,给大伙看一张很有意思的图,http://mp.weixin.qq.com/s?__biz=MzUzNjE3NzQ3Nw==&mid=2247488789&idx=1&sn=6537bcd9f9b84549d8e5eecdc60fc51c&chksm=fafb6b3fcd8ce2298aefb20b92bf525f52a94d1a69146a949576f5a474f990b65089858d021f&scene=27#wechat_redirect,,也谈钱,http://mmbiz.qpic.cn/mmbiz_jpg/xd1hVMKQsAGrgicuUUJo70JcK3Db0W7CVHJuaiajXtFyuZwjSW2of5rsYWq2CWEXLxw9FrxIEJp58uaqNiaDNS8UA/0?wx_fmt=jpeg,,是,1,24002,41,163,8
2021-06-21,为了探索财务自由的下一阶段，我拿自己搞了个试验,http://mp.weixin.qq.com/s?__biz=MzUzNjE3NzQ3Nw==&mid=2247488766&idx=1&sn=9d634412bd98ab773da91fad7a7feee6&chksm=fafb6ad4cd8ce3c21cc6d140514799c6b88d5aaf194d17eec239d87707dfd3eca87f9a7d8ceb&scene=27#wechat_redirect,第一周复盘，不过周末以后我的心态真的反而变轻松了,也谈钱,http://mmbiz.qpic.cn/mmbiz_jpg/xd1hVMKQsAFQR9ibaWMXvZibdBg83RoTQD74ibkmxGjKpGp9A3T8RPb5tqYRyTmkjTPVcNVxPDYots4IVo8tICJqw/0?wx_fmt=jpeg,,是,1,21966,48,227,30
2021-06-19,这个App我用好了，就是限制有点多,http://mp.weixin.qq.com/s?__biz=MzUzNjE3NzQ3Nw==&mid=2247488760&idx=1&sn=d7371c626c044637c120ae17f5219e8b&chksm=fafb6ad2cd8ce3c43cd1d30fb16e7c88f58f0a8165891e105ffea658b0509ce9ee032e93ccde&scene=27#wechat_redirect,,也谈钱,http://mmbiz.qpic.cn/mmbiz_jpg/xd1hVMKQsAEAGl0n5fHNyB7KicdzF8QhkiaGBxA0GE1mR6zOzxcB3DSMfm7ft7OsDJa6SEaZWao3cAYzicWKP3YvQ/0?wx_fmt=jpeg,,是,1,20515,27,138,9
2021-06-18,我被大伙给问倒了……,http://mp.weixin.qq.com/s?__biz=MzUzNjE3NzQ3Nw==&mid=2247488749&idx=1&sn=3a1e6ef25ed34d2d609ef4d09b464f7e&chksm=fafb6ac7cd8ce3d1c98a3a051250b95ebb4b8faa410e55bb67c703882e284ef193f0fbe8156d&scene=27#wechat_redirect,说说大伙问到的固收+,也谈钱,http://mmbiz.qpic.cn/mmbiz_jpg/xd1hVMKQsAH3nsOliakEmIxLu6UiagwBZQeFgIm1Mo6PcOhKabpxI2TEx21vnrk2MRfIhYZ2YHKs4YEJl1jFSRNw/0?wx_fmt=jpeg,,是,1,19358,21,151,6
2021-06-17,杠杆上猛了，有点焦虑,http://mp.weixin.qq.com/s?__biz=MzUzNjE3NzQ3Nw==&mid=2247488732&idx=1&sn=d0bf4a4f6cdf7bb714ddc9ff4e74ea3a&chksm=fafb6af6cd8ce3e095f7b30f06a53475ec034612085e0eb37864711102cc92a487ef2cb2f84d&scene=27#wechat_redirect,,也谈钱,http://mmbiz.qpic.cn/mmbiz_jpg/xd1hVMKQsAElefB5ia5frVH0RXdIe7icDWIicp7ShoHyz2SQxBU3H6mQ7yibCEia8oFtl7ibqlnL3ib1AwabZzgiaiaLzaw/0?wx_fmt=jpeg,,是,1,21714,28,164,9
2021-06-16,推荐书单有更新了，文末有纸质书福利,http://mp.weixin.qq.com/s?__biz=MzUzNjE3NzQ3Nw==&mid=2247488726&idx=1&sn=d40af4e7dc39cb886966ea795eac3209&chksm=fafb6afccd8ce3eaddc0859dc9e3f34ac5383c6cf49fa3610b0c4274b09baa04e40a0815886c&scene=27#wechat_redirect,文末还有纸书福利,也谈钱,http://mmbiz.qpic.cn/mmbiz_jpg/xd1hVMKQsAEiboCOjQtzydxqGt73uicS3ic7cj6lrdO6aDs07fdME5rWRFH7ggpexHM4iaa7iboHpOwVYmHlYm7MAMA/0?wx_fmt=jpeg,,是,1,30324,37,129,9
2021-06-15,世界真的太小了,http://mp.weixin.qq.com/s?__biz=MzUzNjE3NzQ3Nw==&mid=2247488690&idx=1&sn=bf0f2a65e5edd38032f8f75d9fa17a49&chksm=fafb6a98cd8ce38e58754018b7b16f72e9b7920703456909a114beac8f32d20b7a064ce389e3&scene=27#wechat_redirect,,也谈钱,http://mmbiz.qpic.cn/mmbiz_jpg/xd1hVMKQsAEkEiabzQjpRibeFw8deic0wicjWmQv1K29H3YV4TPlpsS72gmKl9DKSCQWHTQAuwnhdjaFbXxlmdptvA/0?wx_fmt=jpeg,https://index.pmthinking.com,是,1,27198,46,172,16
2021-06-14,哈哈，散户教基金经理炒股的时候到了,http://mp.weixin.qq.com/s?__biz=MzUzNjE3NzQ3Nw==&mid=2247488683&idx=1&sn=964839d82c0e7ec489aed05f56beab95&chksm=fafb6a81cd8ce39773e65e8c33a29f5b659f657437e4eae32e98b2605f7b38d0f4c939abf806&scene=27#wechat_redirect,选基金经理，选的不是他过去的持仓和业绩，而是他未来的成长和解决问题的能力。,也谈钱,http://mmbiz.qpic.cn/mmbiz_jpg/xd1hVMKQsAGJu16lxecqo00xKl3YMicXeraZdce3FVDtsO0fk58s5aX4mJtHZwF7mwIdz0dWJKgxncOG2vCMvOw/0?wx_fmt=jpeg,https://www.xiaoyuzhoufm.com/episode/60adeef7fc45ae56ca571f23?s=eyJ1IjogIjVlOTE1MDE3YTBlYjU3NjBjZWM0ZWQzMyJ9,是,1,17560,24,124,10
2021-06-13,给大伙推荐部剧,http://mp.weixin.qq.com/s?__biz=MzUzNjE3NzQ3Nw==&mid=2247488677&idx=1&sn=bc276927a8317175d591005561b158fa&chksm=fafb6a8fcd8ce3996c2303cb34cf5fff9c3176d8f4d64635c78cf82b288d80657d6ac6193bc4&scene=27#wechat_redirect,,也谈钱,http://mmbiz.qpic.cn/mmbiz_jpg/xd1hVMKQsAGJu16lxecqo00xKl3YMicXeYHQQQIkC2eXhRskhWLJKgVZbcH1iaKxXhR75UCgrcwS69k3GnAMVBvw/0?wx_fmt=jpeg,,是,1,26742,40,206,12
2021-06-12,太阳打西边出来，周末从不更新的我今天也出现了,http://mp.weixin.qq.com/s?__biz=MzUzNjE3NzQ3Nw==&mid=2247488670&idx=1&sn=601dcfbf4125978898e62659827b0162&chksm=fafb6ab4cd8ce3a2157e168a4c87db5efc532e4023e42f00fd187f8ae02830452efa191164a7&scene=27#wechat_redirect,,也谈钱,http://mmbiz.qpic.cn/mmbiz_jpg/xd1hVMKQsAGw5YBEhbnw8CjciahFDPeTF7CBn3EiaD29ibwwHqHx8mzGj6kS6v2w2HzIamtk7LibamXKTfhRiahBANw/0?wx_fmt=jpeg,,是,1,15269,64,372,30
2021-06-11,哈，上支付宝算了个命,http://mp.weixin.qq.com/s?__biz=MzUzNjE3NzQ3Nw==&mid=2247488659&idx=1&sn=8378787d46027b7dd205141de3099169&chksm=fafb6ab9cd8ce3af0503220322913e2445a43c7f2bc0471e22334191312e8c7d8b2ab1dd441e&scene=27#wechat_redirect,,也谈钱,http://mmbiz.qpic.cn/mmbiz_jpg/xd1hVMKQsAFO1CI1tmDKJvTSQQML6GaC0ukFoUQVicO22mqJeibVvWJEFHf4ibzvJgvExpWAzCtKHwzdwed8mLo7g/0?wx_fmt=jpeg,,是,1,23280,18,124,18
2021-06-10,囧，我最爱的省钱工具被也太diss了……,http://mp.weixin.qq.com/s?__biz=MzUzNjE3NzQ3Nw==&mid=2247488649&idx=1&sn=cd9e292e2c8b4e3bec106c6214e011ae&chksm=fafb6aa3cd8ce3b511f66ba2618fb49ed6e78e40452fd3a90e2cf7cd49b6eb0b3bf1abb61bff&scene=27#wechat_redirect,也太坚决不用「愿望清单」的理由,也谈钱,http://mmbiz.qpic.cn/mmbiz_jpg/xd1hVMKQsAHTVB7SPgxqocR4wicWJsv2UiaqWoHfZ7DF1h7Z3Gnia3hWsoNBnp8xwN0Ypw1GcIFQ0iaH78ul7jYfEw/0?wx_fmt=jpeg,,是,1,25561,32,215,19
2021-06-09,我们准备搬去二线啦,http://mp.weixin.qq.com/s?__biz=MzUzNjE3NzQ3Nw==&mid=2247488638&idx=1&sn=5329b4d75dd56e0bd191ec40a4b67749&chksm=fafb6a54cd8ce342ff55d9b6dc48c5d9b00d36a49e52a4b8a9587f4e2e5af37179bf9e297eb5&scene=27#wechat_redirect,,也谈钱,http://mmbiz.qpic.cn/mmbiz_jpg/xd1hVMKQsAHMYnrRZNCJLpysaURxqLPHZYiapUbJs1jAaUOeYOQppyCgA4yDqHibAv6UO86g6cco5wVfviabszMvA/0?wx_fmt=jpeg,,是,1,44722,68,431,24
2021-06-08,这个思路我太爱了，目前找到最合理的财务自由“进度表”,http://mp.weixin.qq.com/s?__biz=MzUzNjE3NzQ3Nw==&mid=2247488628&idx=1&sn=f689be43a62f303daac27efae8ebb2ce&chksm=fafb6a5ecd8ce348165606ad91323fca12e7a82ba68e88b3297919c9f37fd9cb4e136fee8e3f&scene=27#wechat_redirect,,也谈钱,http://mmbiz.qpic.cn/mmbiz_jpg/xd1hVMKQsAEZG6ahVDknYQDwb86EvDzGtRUHbrPvs09KPvqJNYRmjIstg1icb1A17YN4EMA4Jp8uiczLxKSXiaX7A/0?wx_fmt=jpeg,https://www.notion.so/Money-Is-the-Megaphone-of-Identity-eb9203c0a579485dbaa3bf2e521649bf,是,1,36262,114,322,15
2021-06-07,太甜了，第一对留言区牵手成功的小伙伴～,http://mp.weixin.qq.com/s?__biz=MzUzNjE3NzQ3Nw==&mid=2247488611&idx=1&sn=2b0f57dacba1de79283e3d6801f4f968&chksm=fafb6a49cd8ce35ff1cd8283445c817f16e7386e25138bf829383419a71767f7e58a365652f4&scene=27#wechat_redirect,,也谈钱,http://mmbiz.qpic.cn/mmbiz_jpg/xd1hVMKQsAETLYbnibSlEzicOFfwibMiaN8IocGLFdLfic3weVbdIYGvpzfib2dqrA0JiaubhXr5QxbuL3rOEB0JtXQJA/0?wx_fmt=jpeg,,是,1,22726,29,235,28
2021-06-04,老妈当年的骚操作，给家里攒下不少钱,http://mp.weixin.qq.com/s?__biz=MzUzNjE3NzQ3Nw==&mid=2247488597&idx=1&sn=f55ed5e19b2c004382a79b72621a2fd8&chksm=fafb6a7fcd8ce36920debc857db49876997c5d6fc30bf00a6ada967930247489a55734d29a15&scene=27#wechat_redirect,给大伙分享个思路，看看能不能省点补习班的钱。,也谈钱,http://mmbiz.qpic.cn/mmbiz_jpg/xd1hVMKQsAGN8yYMGicgH7q9q6IEE6yt6uXPVU6iapnUERtosHaTxaibDwY8L6UkAC9CfSS6yyuLHYCEicBFariaFlw/0?wx_fmt=jpeg,,是,1,32373,87,421,27
2021-06-03,有几个支付宝羊毛福利，好像还有挺多小伙伴不知道的？,http://mp.weixin.qq.com/s?__biz=MzUzNjE3NzQ3Nw==&mid=2247488589&idx=1&sn=2fb3f20c2c4deab7909973eed5a90bd5&chksm=fafb6a67cd8ce37149b63b628068152ab23569e111a3a066eda5fe4010fd9b3ba8026bb53ff7&scene=27#wechat_redirect,,也谈钱,http://mmbiz.qpic.cn/mmbiz_jpg/xd1hVMKQsAHLAL1HNwNkj8ecyEE6nqsRpheguer7nKWicht17xPIGxZ56DITwrDoiagCrO8FgkelibfSFibicVqYx3Q/0?wx_fmt=jpeg,,是,1,27690,28,151,25
2021-06-02,财务自由实证#27，预算体系大升级,http://mp.weixin.qq.com/s?__biz=MzUzNjE3NzQ3Nw==&mid=2247488577&idx=1&sn=c910a52823d48f75834bec14b4d8934f&chksm=fafb6a6bcd8ce37daa77eedf2aecad25bc21107a0a965a97d43d280b08101d770c10c68cfc5d&scene=27#wechat_redirect,,也谈钱,http://mmbiz.qpic.cn/mmbiz_jpg/xd1hVMKQsAGiaEp19xAyBMKZKyffHo4sRvJ4Y0xmeZhnKncibdTxIdYv8FweDJ9PMCPVjqk7KBGCV9rYYQqGk7gA/0?wx_fmt=jpeg,,是,1,31929,59,268,24
2021-06-01,十年之约#5，我曾经亲历的一场火灾,http://mp.weixin.qq.com/s?__biz=MzUzNjE3NzQ3Nw==&mid=2247488564&idx=1&sn=61e8e375415a566c4abe94f400768e51&chksm=fafb6a1ecd8ce308fe567d1ce163ebb57fe1259d3bf65b3dc6ffed549eab29661a675b8fe88f&scene=27#wechat_redirect,,也谈钱,http://mmbiz.qpic.cn/mmbiz_jpg/xd1hVMKQsAEH78dOg71vPkvDLcmJQcq6iaZ0mAXNMIzwvISAoFXH4guqMJibzDcld2qIhzAPOAWo4UrPBrY3LmyA/0?wx_fmt=jpeg,,是,1,17338,25,181,14
2021-05-31,这篇特适合周一看～，工作中的不痛快怎么办？这有份神答案,http://mp.weixin.qq.com/s?__biz=MzUzNjE3NzQ3Nw==&mid=2247488553&idx=1&sn=beefb29da09e26b4526f44acb159a40f&chksm=fafb6a03cd8ce31516b94790b7e34245e26e165f5d312c4f6a727ab79c85ee053ebff2b25f4f&scene=27#wechat_redirect,,也谈钱,http://mmbiz.qpic.cn/mmbiz_jpg/xd1hVMKQsAFiaUQiahgIbqTx9PDc54vV2tvlfS5Qh1mnibaX7D93TsPRHmb6TuoDjS120XQz3ZjCfJtC1uVekUrtg/0?wx_fmt=jpeg,,是,1,19277,91,362,25
2021-05-28,周末闲聊，我好像找到自己干吃不胖的原因了,http://mp.weixin.qq.com/s?__biz=MzUzNjE3NzQ3Nw==&mid=2247488544&idx=1&sn=07270eac81ea5d13abbba962c2e2fd7e&chksm=fafb6a0acd8ce31c13f51f4728e286be37bb0eb12ea975e526fd5962e366458aab78350b6fbd&scene=27#wechat_redirect,,也谈钱,http://mmbiz.qpic.cn/mmbiz_jpg/xd1hVMKQsAHkF3AysWMhGGHQX3rFybicJjjG7kwTnrRgUqTHJ85vDSNGhKXXM8B0tX1PqPsUoAkjvxnYgnPDpXA/0?wx_fmt=jpeg,,是,1,17284,24,187,30
2021-05-27,说几个不容易被看到的数据,http://mp.weixin.qq.com/s?__biz=MzUzNjE3NzQ3Nw==&mid=2247488533&idx=1&sn=410511b1001c802301a9b3e963176127&chksm=fafb6a3fcd8ce3295e6fa65050d05f5a6753df27828614b041c9bdc7dcc5fddeb56b858854c3&scene=27#wechat_redirect,公募基金那么多金牛经理不投，跟投长赢的逻辑是什么呢？,也谈钱,http://mmbiz.qpic.cn/mmbiz_jpg/xd1hVMKQsAHcPJwDYA2K6cRKvJhhtkEfdcaBIrwN9HM5msw5YWxu8GVt8JhJpP6kdIibQMWtD87ToUtkvvibEK0g/0?wx_fmt=jpeg,,是,1,20221,34,140,23
2021-05-26,舒服，最近关了一批账户,http://mp.weixin.qq.com/s?__biz=MzUzNjE3NzQ3Nw==&mid=2247488523&idx=1&sn=b94eee057a0052450486460f5719d4fa&chksm=fafb6a21cd8ce337b4335a3b2bcf4ef8ef056287098e0a191f95ca3049f375cd52995b9c5c55&scene=27#wechat_redirect,,也谈钱,http://mmbiz.qpic.cn/mmbiz_jpg/xd1hVMKQsAEQNTRzcG2CvT2OPXwo9SXfqWfrs96FkjPtNBr4dwltC14fr9iaX5ZQMxeoo8lm5zQNFNaLAtMND3A/0?wx_fmt=jpeg,,是,1,26472,29,130,23
2021-05-25,画了两张图，给那些焦虑财务自由太久远的伙伴们,http://mp.weixin.qq.com/s?__biz=MzUzNjE3NzQ3Nw==&mid=2247488513&idx=1&sn=0076af5c363b0578ab3787a69e26bf32&chksm=fafb6a2bcd8ce33d9c214853ef047585058d8aba1fed5b1dfe2c57bc891ed5088908fa5d32e2&scene=27#wechat_redirect,,也谈钱,http://mmbiz.qpic.cn/mmbiz_jpg/xd1hVMKQsAHQd8QgWLgic7ujJicqKDNlvA1niaMKjJ9e3ibTQLhDT1llWlianicS2sz0Rkt2FccOh1w1h7q9MnZugbGQ/0?wx_fmt=jpeg,,是,1,23616,52,170,14
2021-05-24,换换思路，听了个有点老派的财务自由故事,http://mp.weixin.qq.com/s?__biz=MzUzNjE3NzQ3Nw==&mid=2247488500&idx=1&sn=e70e6a56438f0bd2c07fccae670ceaa5&chksm=fafb6ddecd8ce4c831c66d0b78e80a716e55ed379c8e7f29f50275b50c3781416f5eaba66160&scene=27#wechat_redirect,也许会对很多还在工作并且喜欢当前生活的伙伴们有启发,也谈钱,http://mmbiz.qpic.cn/mmbiz_jpg/xd1hVMKQsAGG3QuqzaiaibxsSF22eGXDrnbEHzTj1fjiaAHtZQD22QfaRJUNmqfPS9ibe4dyibYLu1Psib1FYaRn2P2A/0?wx_fmt=jpeg,https://www.madfientist.com/jlcollinsnh-interview/,是,1,19916,36,167,12
2021-05-21,较个真儿。我翻了好几份关于「吃」的评测，有些食材更贵是真的，但并不等于更好吃、更健康……,http://mp.weixin.qq.com/s?__biz=MzUzNjE3NzQ3Nw==&mid=2247488493&idx=1&sn=6a324fb425c80b8ee762fd52c39b8652&chksm=fafb6dc7cd8ce4d1d72b0f7719c7d524bf0a8d31e70bb0ca2efcefbf44727124063e09a46b52&scene=27#wechat_redirect,,也谈钱,http://mmbiz.qpic.cn/mmbiz_jpg/xd1hVMKQsAHPWZzjibEh8KkTibCUrJqF9eBGJlKHVicBhNaKjwaphN1a20LkrQmh4MCpafiaRUx7Enh8YrkooYp1Zg/0?wx_fmt=jpeg,https://www.test.de/Bio-oder-konventionell-Wer-hat-die-Nase-vorn-4947770-4947780/,是,1,14680,27,136,17
2021-05-17,最近这么多小伙伴问智能定投呢？,http://mp.weixin.qq.com/s?__biz=MzUzNjE3NzQ3Nw==&mid=2247488439&idx=1&sn=1c14fd0b88222d2343a6d86d8c5175df&chksm=fafb6d9dcd8ce48bd8b6a193558254b6cc628291569c5c806903e03ce77b9ca655d68a2ab74e&scene=27#wechat_redirect,,也谈钱,http://mmbiz.qpic.cn/mmbiz_jpg/xd1hVMKQsAGicj3S6IicEvF4t78glYWD4ibBylIZlKf8Mq5jmT5xFrlcWDGycXsns2qXgfQER1Ldic6fE8N2dYwVaQ/0?wx_fmt=jpeg,,是,1,16350,23,101,16
2021-05-14,最近省钱贼有瘾……,http://mp.weixin.qq.com/s?__biz=MzUzNjE3NzQ3Nw==&mid=2247488431&idx=1&sn=67dfc7aea9354a382f6f3e6a925259ab&chksm=fafb6d85cd8ce493178d3a37e3579ad4608686c9896139e7a77f4b086704def53581578af184&scene=27#wechat_redirect,有人找乐子花钱，咱们找乐子还能省钱,也谈钱,http://mmbiz.qpic.cn/mmbiz_jpg/xd1hVMKQsAFnQCNpJz3LIAzESSNkS8LSuqlk1IchnVrib7nuIdYia7KqdGXfNGsqBBODtib2wgaFNT6E390UCYickg/0?wx_fmt=jpeg,,是,1,24897,68,324,32
2021-05-13,这下更清楚了，5月保险最推荐,http://mp.weixin.qq.com/s?__biz=MzUzNjE3NzQ3Nw==&mid=2247488419&idx=1&sn=04d49205e98b2ee8d1b44f7d27198cba&chksm=fafb6d89cd8ce49f80e3eee3156494433a8aacc994f43e3d505066cebf01b82d4f0cbb9f6bfb&scene=27#wechat_redirect,,也谈钱,http://mmbiz.qpic.cn/mmbiz_jpg/xd1hVMKQsAHWmseYbI9Gr4RCq4PUJhByicLKCNzoj372x414Tic8x8qQwUs5plS0DqDsLOoxMoMN81yQ35mHTh6w/0?wx_fmt=jpeg,,是,1,11296,8,29,10
2021-05-12,财富中点（不是错别字哈）,http://mp.weixin.qq.com/s?__biz=MzUzNjE3NzQ3Nw==&mid=2247488405&idx=1&sn=331caab587ffb1d202fae7b7f801f3c7&chksm=fafb6dbfcd8ce4a90f3bd72fbea7b77807894a6e779d23abeab775619ea5f96b14cf08637786&scene=27#wechat_redirect,,也谈钱,http://mmbiz.qpic.cn/mmbiz_jpg/xd1hVMKQsAHUsbvvbhTMvibGTmkzdPw2mPcBIRJuGQyCmFOAJPyRicPtauhNrpiaAKC63sonwXx9NGQ2IENiboia2wg/0?wx_fmt=jpeg,,是,1,18087,49,209,8
2021-05-11,现在怎么买,http://mp.weixin.qq.com/s?__biz=MzUzNjE3NzQ3Nw==&mid=2247488397&idx=1&sn=e894ab5672e3a8b397890a7ce2fe9473&chksm=fafb6da7cd8ce4b1304fa71d03626ec2a832f279deffdfaf73d599e46db1824128552b72f60e&scene=27#wechat_redirect,如果不知道什么是最好的，那就努力避免最坏的结果。,也谈钱,http://mmbiz.qpic.cn/mmbiz_jpg/xd1hVMKQsAEBDOvCWKrVDz7Hiaicmmde28ec9wKWzE33CjpDm49KUSSsdu84DBudqWnMOnic3MicwibAKcaicAwTicIZw/0?wx_fmt=jpeg,,是,1,24888,50,198,12
2021-05-10,“为啥基金年化6%，定投收益却能年化10%？”,http://mp.weixin.qq.com/s?__biz=MzUzNjE3NzQ3Nw==&mid=2247488388&idx=1&sn=96ddf3fd0dc7d920c8a3742aa5fa6d0d&chksm=fafb6daecd8ce4b8d78dbee1e47b814e05bf46aea828a1cb0b4d6e1a7e6e067acc70bddb7b0b&scene=27#wechat_redirect,,也谈钱,http://mmbiz.qpic.cn/mmbiz_jpg/xd1hVMKQsAEyictdrYenBAHyvHQfRCBwr2iaDwoCcEWibN6z4ApOfgTmndesQzb22Sz5PuIbtX3CJDviavzR9b5l9A/0?wx_fmt=jpeg,,是,1,19208,24,139,15
2021-05-07,十年之约#4.1，加更，走起～,http://mp.weixin.qq.com/s?__biz=MzUzNjE3NzQ3Nw==&mid=2247488379&idx=1&sn=cd16ec5885a63fd6abdb6f2fba0fc0ae&chksm=fafb6d51cd8ce447cc0d2f13983463921890787f49cb8ef7706c11a3122b1c5b41ccc2b535ac&scene=27#wechat_redirect,,也谈钱,http://mmbiz.qpic.cn/mmbiz_jpg/xd1hVMKQsAFr3evXsaAqdiaiaiaJAl4BsYyseqibjrSrdCywjltYib1ITQRrdmjM6DjIPvR2iaBFjAdwUezEzhjZF8icQ/0?wx_fmt=jpeg,,是,1,21296,34,155,15
2021-05-06,深夜回访，感慨万千,http://mp.weixin.qq.com/s?__biz=MzUzNjE3NzQ3Nw==&mid=2247488369&idx=1&sn=a17ecd214b558ada02b2b122f6bce397&chksm=fafb6d5bcd8ce44d6dcaec537dec6c3a0224fdd723ff5f03ca4af36a96a5eb0e6e169f8230a8&scene=27#wechat_redirect,,也谈钱,http://mmbiz.qpic.cn/mmbiz_jpg/xd1hVMKQsAFtFQdYDC1vBB7mjVKJa6jp1I17RoBaHtDibiayYf7qaNZm9JUuwJXVwH6w6Qpu6ckFOxyv6WAmlLuA/0?wx_fmt=jpeg,,是,1,20183,43,238,19
2021-04-30,财务自由实证#26，回血完毕，安心过节,http://mp.weixin.qq.com/s?__biz=MzUzNjE3NzQ3Nw==&mid=2247488358&idx=1&sn=4539d162ecbf8852b1f21b48b6ed0812&chksm=fafb6d4ccd8ce45abb0a6ff587bfbc076e8541431cb2b3a6d9a16eb65e40a9d19b03cb847aaa&scene=27#wechat_redirect,,也谈钱,http://mmbiz.qpic.cn/mmbiz_jpg/xd1hVMKQsAFMD9pEKvRgCEicvrib8OfdDqHibxFRG3zlZ6CexfJ2m5rfCKHso49AG0E4M3ga6wtJIoopaKIsANogA/0?wx_fmt=jpeg,,是,1,24017,33,205,11
2021-04-29,十年之约#4，“升华”一下这个月的知识点们～,http://mp.weixin.qq.com/s?__biz=MzUzNjE3NzQ3Nw==&mid=2247488336&idx=1&sn=2c936784a75fead04a415bb5d2313b29&chksm=fafb6d7acd8ce46c3029fcb690c9f2721bc54580c91e237e2690fff3ab80571d338940d6339c&scene=27#wechat_redirect,,也谈钱,http://mmbiz.qpic.cn/mmbiz_jpg/xd1hVMKQsAHOf6P5ZxJkomoEGJXicC4ncdv0nZVVvRia2rpRUR304aN0mo9MgfeHWrunMPiajtibYzPgHZdc0yQdOg/0?wx_fmt=jpeg,,是,1,14117,22,91,10
2021-04-27,我发现很多大佬并不太喜欢「分散投资」呢……,http://mp.weixin.qq.com/s?__biz=MzUzNjE3NzQ3Nw==&mid=2247488313&idx=1&sn=88244e66877960e72977eaedfda1e7a4&chksm=fafb6d13cd8ce405826dae149f685fa6c42d83179d2a92647d34ffe0571b02e37301b6d76950&scene=27#wechat_redirect,,也谈钱,http://mmbiz.qpic.cn/mmbiz_jpg/xd1hVMKQsAFx68RzbtFiaMQmR97GTFJOAB1z38AyKMgqLXeaqe7qX4Hqb4s6nsqhibZia74HK4m31jX9C6UYdoiaaw/0?wx_fmt=jpeg,,是,1,18416,39,142,18
2021-04-26,好东西有点多，4月保险推荐汇总,http://mp.weixin.qq.com/s?__biz=MzUzNjE3NzQ3Nw==&mid=2247488304&idx=1&sn=4a3fae5dcdad16e61efb1cd03324c10c&chksm=fafb6d1acd8ce40c8baff53378dd4071d15fc48a518ff4074e3a1fd1ab4e5dc7d861d94060fd&scene=27#wechat_redirect,,也谈钱,http://mmbiz.qpic.cn/mmbiz_jpg/xd1hVMKQsAFeRpl1DAoEsvW0dDrRVibgMkAB29uw9BaIObj9ltvDl8T9Y8wVRWBlT3icOg3QuufPxibFu660dGn2Q/0?wx_fmt=jpeg,,是,1,11999,12,35,11
2021-04-23,get一个新技能，自己跟自己临时借钱……,http://mp.weixin.qq.com/s?__biz=MzUzNjE3NzQ3Nw==&mid=2247488278&idx=1&sn=e87125a3deb8ef95a4d383129aa9a7cc&chksm=fafb6d3ccd8ce42a68d2963ca33928e4273df13cae28dfa48b36ab675e9587e3bd34336ff8b3&scene=27#wechat_redirect,,也谈钱,http://mmbiz.qpic.cn/mmbiz_jpg/xd1hVMKQsAEzAnFzUx4icUg7W7PHfiaOdpCeDwuibicugFusGlm8a0N6UlwyPQCxzcxEACRwLhhQUTWVf3gHurVUpQ/0?wx_fmt=jpeg,https://www.mrmoneymustache.com/2021/01/29/margin-loan-ibkr-review/?utm_source=feedburner&amp;utm_medium=feed&amp;utm_campaign=Feed%3A+MrMoneyMustache+%28Mr.+Money+Mustache%29%0A,是,1,19511,32,145,15
2021-04-22,兴全趋势1季报出了，唠唠之前的暴雷,http://mp.weixin.qq.com/s?__biz=MzUzNjE3NzQ3Nw==&mid=2247488268&idx=1&sn=d4516af7e55ccc765beb35edc130821b&chksm=fafb6d26cd8ce4306801f10d28c61a813633a0f7b9fec3b79454ef967b07efb9c6f7904f3e5a&scene=27#wechat_redirect,,也谈钱,http://mmbiz.qpic.cn/mmbiz_jpg/xd1hVMKQsAFJicsT7AHYK5hgaAKFWeYkCbBjibfqQqIicf7YgYyYgA88SP6egMKjDYrVWlKYEJlNQCFNBXvoPiaA3g/0?wx_fmt=jpeg,,是,1,19915,39,154,17
2021-04-21,神人，带着14个娃的爹，比原计划提前6年达成财务自由,http://mp.weixin.qq.com/s?__biz=MzUzNjE3NzQ3Nw==&mid=2247488257&idx=1&sn=6147416bbf40cd1847469bea700e6cfe&chksm=fafb6d2bcd8ce43d7f0d91c8d737c7b79ca727eba0d8b2e1865f5db33b411f3664f6ea9c4ad4&scene=27#wechat_redirect,,也谈钱,http://mmbiz.qpic.cn/mmbiz_jpg/xd1hVMKQsAFHibn7t1niasibYExPlsia8uHISbG3W53MvIcwX4ibaO5foiamu6kJogK6Wdp122K0tguf1m0p7eDg1Ctw/0?wx_fmt=jpeg,https://www.madfientist.com/retire-early-with-kids/?ck_subscriber_id=814610576,是,1,27628,126,425,35
2021-04-20,升级一波我之前发现的另类躺赢思路,http://mp.weixin.qq.com/s?__biz=MzUzNjE3NzQ3Nw==&mid=2247488247&idx=1&sn=60dbb0f862f132e1b3491b877d1f79c9&chksm=fafb6cddcd8ce5cb67c316add7408e58ad74e7c29de4e3aca5169c62f463bcf3342ba3e18a7d&scene=27#wechat_redirect,,也谈钱,http://mmbiz.qpic.cn/mmbiz_jpg/xd1hVMKQsAFuAIWEsZ8BT7HtwS8xM5NVNqibBwWlTU0xQDY63JAQVRFG33QqYuoQoLevuic4iawdCfa5IOmdTiaENg/0?wx_fmt=jpeg,,是,1,22492,47,238,12
2021-04-19,跟大伙说个特别开心的事儿,http://mp.weixin.qq.com/s?__biz=MzUzNjE3NzQ3Nw==&mid=2247488239&idx=1&sn=ac80da35bab1e5e657b0056f9e597745&chksm=fafb6cc5cd8ce5d3afad63d8dab3f6c62fbb02d8e3c34e0fa37b000b462e1eb91547ed905e31&scene=27#wechat_redirect,,也谈钱,http://mmbiz.qpic.cn/mmbiz_jpg/xd1hVMKQsAGpYzfseR2kOfwEudVDOgZEnDm84TYblQxg9MH7iculJwYTicA6YkW5qZ1jibNtELAZenYnkAIn8EFOw/0?wx_fmt=jpeg,,是,1,30856,28,157,24
2021-04-16,自从经历过生病住院，我一直在琢磨这俩事儿,http://mp.weixin.qq.com/s?__biz=MzUzNjE3NzQ3Nw==&mid=2247488225&idx=1&sn=e648a31f4b01d60a41fab46fcc3fbd5b&chksm=fafb6ccbcd8ce5dd0a375ebdbc15f1bccb361435117426dda9437cea96e3ddaa2d1bf0a1e4d0&scene=27#wechat_redirect,,也谈钱,http://mmbiz.qpic.cn/mmbiz_jpg/xd1hVMKQsAF6vnibmQ1wHMpCiaOotL6YVia4416PqOFKShWZK7zAPvg30JaRS3M5XD6c4TaByPcuahr4oXJpKwr0w/0?wx_fmt=jpeg,,是,1,16975,35,108,16
2021-04-15,看来我确实不适合讲养娃，更适合讲自己怎么被养大的～,http://mp.weixin.qq.com/s?__biz=MzUzNjE3NzQ3Nw==&mid=2247488217&idx=1&sn=815249df511204ba8660f42e9b600095&chksm=fafb6cf3cd8ce5e50fd6618c01c313b467e39c4178a60723fb9020fa37faf56d5fc6bd98dcfb&scene=27#wechat_redirect,,也谈钱,http://mmbiz.qpic.cn/mmbiz_jpg/xd1hVMKQsAHpqwGayT4WtdnYoibVJcDgh60e2Rme4LT2W6wVBian1bbYeofHalZmv7opgyzPadgpcRNFpGCXC7WQ/0?wx_fmt=jpeg,,是,1,16104,68,264,13
2021-04-14,当年的第一笔本金,http://mp.weixin.qq.com/s?__biz=MzUzNjE3NzQ3Nw==&mid=2247488208&idx=1&sn=a0b6cc3af73a5b4f32502d6067497a35&chksm=fafb6cfacd8ce5ec1052fa887c21460da4e2da971d28245c3b5e8ff7474771d86988bf1b96e5&scene=27#wechat_redirect,,也谈钱,http://mmbiz.qpic.cn/mmbiz_jpg/xd1hVMKQsAHtSXJhB0oUY6897QYoDpiaFnVYyN2OomNK0092gIBhffgmkg4n6pB8GDBIbSrTkZHDKSg2Uan3Gcw/0?wx_fmt=jpeg,,是,1,26782,102,325,21
2021-04-13,读了个财务自由退休失败的故事（下），提前预防,http://mp.weixin.qq.com/s?__biz=MzUzNjE3NzQ3Nw==&mid=2247488198&idx=1&sn=17cd74a0cb7d0db84f36b1df0b981c5d&chksm=fafb6ceccd8ce5fa5c95aa2ba03189991ab443bfb18ff2e4fd5bc83875cc5df6b284aa019160&scene=27#wechat_redirect,,也谈钱,http://mmbiz.qpic.cn/mmbiz_jpg/xd1hVMKQsAEazbSxl207shCST6C5eW8Q4iazmTbTFezMEiaSUrcO0oyu7n0SfLfe25Qbibg8VBSL6wWxxJqGSkpyQ/0?wx_fmt=jpeg,,是,1,18694,48,165,10
2021-04-12,读了个财务自由退休失败的故事,http://mp.weixin.qq.com/s?__biz=MzUzNjE3NzQ3Nw==&mid=2247488190&idx=1&sn=f391ee530fd1730d431247b6ca07812a&chksm=fafb6c94cd8ce5820d0cf67c4a6dc4a8121892e70bf5e6cab39c17239aad688e09ba8d17d56e&scene=27#wechat_redirect,财务自由关注的是自己的生活，别把ta当做一种打败别人的工具,也谈钱,http://mmbiz.qpic.cn/mmbiz_jpg/xd1hVMKQsAEazbSxl207shCST6C5eW8QloEU367TavMZD5RrnzgrPibuGrpn2ULksRuXQib2G465D6ZUdxjUQAkw/0?wx_fmt=jpeg,https://livingafi.com/2021/03/17/the-2021-early-retirement-update/,是,1,29817,69,221,32
2021-04-09,盘点两款当前不错的重疾险,http://mp.weixin.qq.com/s?__biz=MzUzNjE3NzQ3Nw==&mid=2247488185&idx=1&sn=1ff0e1d2f606d604612c307a8a030700&chksm=fafb6c93cd8ce585e9be260c25407aefb4ac93aa997b8df1d5993af66a842453e554ff1152c3&scene=27#wechat_redirect,,也谈钱,http://mmbiz.qpic.cn/mmbiz_jpg/xd1hVMKQsAHVLqJhPhA924EicfJN8pjV4ibLmRibMwYrraH6wAdUcUHumkqgmZaMm2jibcOFzNdu4vo6Rfy0KsQkuA/0?wx_fmt=jpeg,,是,1,11052,13,25,7
2021-04-08,“乐观的人容易吃亏”，哈，说的就是我了～,http://mp.weixin.qq.com/s?__biz=MzUzNjE3NzQ3Nw==&mid=2247488175&idx=1&sn=898f4eecb8799119b818d369d7a6742c&chksm=fafb6c85cd8ce5935bbd66d9a135f3524fd1dd72ef1ede0513d4b663e0533f534f3b20a9861f&scene=27#wechat_redirect,,也谈钱,http://mmbiz.qpic.cn/mmbiz_jpg/xd1hVMKQsAF987Nh5ibwh8AID2ONpwRwtwX3hGlvibrxbITfYZNX6fibibbr4TA2VicHvJ1VSJMJVic0MicWENPC6LbQg/0?wx_fmt=jpeg,,是,1,15160,47,233,15
2021-04-07,看完这个数据笑了好一会儿,http://mp.weixin.qq.com/s?__biz=MzUzNjE3NzQ3Nw==&mid=2247488168&idx=1&sn=40b2c9ea2eef8ac134575a1172478ffc&chksm=fafb6c82cd8ce594cbe4148ae70c60669e6633f252a1c16393a5888e94b295e5854a267d742c&scene=27#wechat_redirect,,也谈钱,http://mmbiz.qpic.cn/mmbiz_jpg/xd1hVMKQsAF987Nh5ibwh8AID2ONpwRwtCnEq1Fh6Uz8C5ProAFUrPJVet9jPdbWheyjL1NewkibKdW5k7Ev4CQA/0?wx_fmt=jpeg,,是,1,23760,32,131,10
2021-04-06,财务自由实证#25，头一回，亏出了天上掉馅饼的错觉……,http://mp.weixin.qq.com/s?__biz=MzUzNjE3NzQ3Nw==&mid=2247488160&idx=1&sn=4f1a048f6020b95f1ed3da5dfc97be13&chksm=fafb6c8acd8ce59cff4c5516c2f5fdf392a86131666626ecfe78aed2543fe558a4cb42334c5e&scene=27#wechat_redirect,,也谈钱,http://mmbiz.qpic.cn/mmbiz_jpg/xd1hVMKQsAHhGuXo5LcsXaItibicibJu2k4w7cQnSc6tFSsrv3R5drmtVjdB8bpnTcQ7VAqkLG1ibIeW59VcpaTVYg/0?wx_fmt=jpeg,,是,1,24824,45,169,18
2021-04-02,胡润说财务自由得1900万，但我觉得用不了这么多,http://mp.weixin.qq.com/s?__biz=MzUzNjE3NzQ3Nw==&mid=2247488134&idx=1&sn=24296c1d2e0e93f853bcb9b260258e49&chksm=fafb6caccd8ce5ba4a4cd87bb07f39ed25fc521be8fa8ecbf1093ceb5bd95612b31087a5e19d&scene=27#wechat_redirect,,也谈钱,http://mmbiz.qpic.cn/mmbiz_jpg/xd1hVMKQsAEKJgIbXhYSMAlENnZ4cEpxMFatTNXdUTxT50oKA78jD08x0dOnPrtocNO0pboDKGbZtAu4WgJMiaw/0?wx_fmt=jpeg,,是,1,23162,52,225,13
2021-04-01,十年之约#3，加了一只新基金,http://mp.weixin.qq.com/s?__biz=MzUzNjE3NzQ3Nw==&mid=2247488125&idx=1&sn=ff30274378ecda929a39a28a03a113ba&chksm=fafb6c57cd8ce5412744701e1c0995a20c24ed2562a4e868693cd5792a3f31d90efc3983bf70&scene=27#wechat_redirect,,也谈钱,http://mmbiz.qpic.cn/mmbiz_jpg/xd1hVMKQsAH9yeWB1ZibiarricFbkj6xpbEST5zvARicwYNJDbIcwa7XpcqaVxY8jaQpbO8AD6kR13qibLHSeluTx2w/0?wx_fmt=jpeg,,是,1,29660,50,168,10
2021-03-31,唠唠摘掉眼镜后的3个月,http://mp.weixin.qq.com/s?__biz=MzUzNjE3NzQ3Nw==&mid=2247488117&idx=1&sn=e01e53358b1012fc150b6cea5533c162&chksm=fafb6c5fcd8ce5492f0659ee2928e24f823a8a81372bd8f0924ba6f2d9125e284849beeb3b3c&scene=27#wechat_redirect,,也谈钱,http://mmbiz.qpic.cn/mmbiz_jpg/xd1hVMKQsAECZHSk4Oe5dPJ4tz4sqx7eAZxicjOhroia1wVOQCE4YADTWJWOnehpEo0Pw5cKEHyobItAum7FnNkw/0?wx_fmt=jpeg,,是,1,19268,35,167,28
2021-03-30,好朋友卖房投资去的后续,http://mp.weixin.qq.com/s?__biz=MzUzNjE3NzQ3Nw==&mid=2247488105&idx=1&sn=63a8c95575af293e8a05f545a858f09b&chksm=fafb6c43cd8ce5551ab95307a61e7248c927bc87aba04dada2917dfd311f035a82dc8f0258bc&scene=27#wechat_redirect,为啥我不愿意投资房子,也谈钱,http://mmbiz.qpic.cn/mmbiz_jpg/xd1hVMKQsAECZHSk4Oe5dPJ4tz4sqx7eibewzk5GDN3eic3eKsry8Q73QKoDhmmSCoarEIhVb2RlqoJDTwZ2o7Tg/0?wx_fmt=jpeg,,是,1,23804,48,230,11
2021-03-29,一文打包三年干货（第四版），我的人生信条,http://mp.weixin.qq.com/s?__biz=MzUzNjE3NzQ3Nw==&mid=2247488095&idx=1&sn=45424a8e39b9a6c2cc99561a11c35b1c&chksm=fafb6c75cd8ce563f01eec601299a9f0db2e2d3d93ed0d9bc9ec6da5193751b4aa727ffa453f&scene=27#wechat_redirect,,也谈钱,http://mmbiz.qpic.cn/mmbiz_jpg/xd1hVMKQsAGSfyTjia0aicE33WaTzwD1sQv98txDBDFu3uJvGoorXYvxRXK8a9BC74jC3b4qXibmhabjgkHgvo9ibQ/0?wx_fmt=jpeg,,是,1,50754,142,429,8
2021-03-26,接触冥想5年多，这回算是正经用上了,http://mp.weixin.qq.com/s?__biz=MzUzNjE3NzQ3Nw==&mid=2247488089&idx=1&sn=71dc796dcd75b8d89eb30e1299f209d9&chksm=fafb6c73cd8ce5656d7061dedeb51af0161e526f3e963336fc9cd40d23265d036bacf710ac4b&scene=27#wechat_redirect,,也谈钱,http://mmbiz.qpic.cn/mmbiz_jpg/xd1hVMKQsAGezuibbWQFYgxv59icb9gsuDIqSDUh9cbl3UTrY63TvYbBfNvg44nIicMYICicQs85mjJlUoicVNBgqLg/0?wx_fmt=jpeg,,是,1,22310,73,272,27
2021-03-25,富国天惠要分红了,http://mp.weixin.qq.com/s?__biz=MzUzNjE3NzQ3Nw==&mid=2247488079&idx=1&sn=408ea9fd7a4b92e2daeb1a0ab8a563b6&chksm=fafb6c65cd8ce573051209acad22629f9de94b93f9029b95ce4d640f110b98b50440dc9088e5&scene=27#wechat_redirect,基金分红只是左手倒右手吗？,也谈钱,http://mmbiz.qpic.cn/mmbiz_jpg/xd1hVMKQsAGLy2Ml3PS3rrj95cn6AmibrUKd4h7HfyqiaJhNReo47uJZNAjKUSdjWRj7zJAibjSolpN0gapMyEODg/0?wx_fmt=jpeg,,是,1,29008,35,143,2
2021-03-24,哈，我发现投资记账这事儿也有“躺赚”思路,http://mp.weixin.qq.com/s?__biz=MzUzNjE3NzQ3Nw==&mid=2247488069&idx=1&sn=e81e9621648e4fb476caccea3afb38e8&chksm=fafb6c6fcd8ce5792f3692a19bbe43cae2b239c058b25781fd0c45bba43df6c9b6e6bb442fc2&scene=27#wechat_redirect,,也谈钱,http://mmbiz.qpic.cn/mmbiz_jpg/xd1hVMKQsAGLy2Ml3PS3rrj95cn6AmibrSsrfJ9PvcTZ1RGsJYau7TsRicjibIic8JTIIGO3arhf50dGJeiaIWCUN1g/0?wx_fmt=jpeg,,是,1,18208,34,102,17
2021-03-23,阑尾炎住院了两天，还体验一回ICU,http://mp.weixin.qq.com/s?__biz=MzUzNjE3NzQ3Nw==&mid=2247488057&idx=1&sn=4b674d59c8ac2883cd6c26c54b57ebe4&chksm=fafb6c13cd8ce5053b3d6c6e026bb765f49985fa9d47bf6ceaae3d061cd249d36bcc68385572&scene=27#wechat_redirect,,也谈钱,http://mmbiz.qpic.cn/mmbiz_jpg/xd1hVMKQsAEp4xibSJntGibecoHEcxYUpWwLRrsDALPecb55kc4r61iafibuqeN4H64dBP1tibB92CGDgTqGZG4BIqQ/0?wx_fmt=jpeg,,是,1,17586,42,237,18
2021-03-18,非常不好意思地说，我又发现一个快乐凭空产生的途径……,http://mp.weixin.qq.com/s?__biz=MzUzNjE3NzQ3Nw==&mid=2247488045&idx=1&sn=c42b199248d7301f8013bfd39169afbd&chksm=fafb6c07cd8ce511ea771eaa672faf7e7e3addc4694da9e49e6852b5679a795020db3243c92c&scene=27#wechat_redirect,省钱到底是怎样一种快乐，这次我有比较直观的答案了,也谈钱,http://mmbiz.qpic.cn/mmbiz_jpg/xd1hVMKQsAG3DYDADRkkAHBO6JTSl8Ez8QgnyCRiagXFFJgMmbNSMGcfROIaKsms6yhs1WdUwYgERzHAaUQPxbg/0?wx_fmt=jpeg,,是,1,29000,95,380,18
2021-03-17,这张图就很直观，我更愿意在A股投资，而不是美股,http://mp.weixin.qq.com/s?__biz=MzUzNjE3NzQ3Nw==&mid=2247488027&idx=1&sn=854941727690c331b97558243606bad4&chksm=fafb6c31cd8ce5279534c022fd164291fcd8ce6cdb14eb08e16abbe521d8268e92245199f547&scene=27#wechat_redirect,,也谈钱,http://mmbiz.qpic.cn/mmbiz_jpg/xd1hVMKQsAFLnrHVSe7lYM8lfoU2FUNkKTjaAumOGvwlGGmqtqxbC3AG6cjyDRwQxjfaUu1p3yhNEWq5Ij6VKw/0?wx_fmt=jpeg,,是,1,22757,59,231,12
2021-03-16,只买不卖,http://mp.weixin.qq.com/s?__biz=MzUzNjE3NzQ3Nw==&mid=2247488019&idx=1&sn=685774962a2608cd2af85e992ddb6764&chksm=fafb6c39cd8ce52fcaabdcaee95f655d05215188fd2d223de4c32e875297b7e87cba96af176d&scene=27#wechat_redirect,不卖出怎么获利呢？，不卖出花什么呢？，……,也谈钱,http://mmbiz.qpic.cn/mmbiz_jpg/xd1hVMKQsAFyJKiaRD8o30JWrhQGXOSec7sIbEeT9vR2926AHAWlQXn6KEN3iaBhudfp56JKOYJgcED5DpWibLaJQ/0?wx_fmt=jpeg,,是,1,33113,96,358,15
2021-03-15,大神又发话了～,http://mp.weixin.qq.com/s?__biz=MzUzNjE3NzQ3Nw==&mid=2247488012&idx=1&sn=da48be52e838f7c368fe59251bd85fc5&chksm=fafb6c26cd8ce530bb6d280283a7cc7d1c86c91fe7ae3597325321339c817d2bd51c35d8aa58&scene=27#wechat_redirect,那些投资成功的伙伴们，在工作和生活上往往也都兼顾得不错，这是巧合吗？,也谈钱,http://mmbiz.qpic.cn/mmbiz_jpg/xd1hVMKQsAFyJKiaRD8o30JWrhQGXOSecr5oYVNz90CNJy4CVD9licuwl8MOQCCrhAOxaK4gkol4UQeAAhBohbMA/0?wx_fmt=jpeg,https://www.collaborativefund.com/blog/investing-the-greatest-show-on-earth/?utm_source=feedburner&amp;utm_medium=feed&amp;utm_campaign=Feed%3A+collabfund+%28Collaborative+Fund%29,是,1,27171,74,264,14
2021-03-12,哈，我总结了个谈钱不翻脸指南（附“单机版”，一个人也能用得上）,http://mp.weixin.qq.com/s?__biz=MzUzNjE3NzQ3Nw==&mid=2247488002&idx=1&sn=89b74c14af96aac585c5a607a7b59437&chksm=fafb6c28cd8ce53e48b783990689069d3162c33604b2870882d3cedc0cf33ee722640ee4bdea&scene=27#wechat_redirect,,也谈钱,http://mmbiz.qpic.cn/mmbiz_jpg/xd1hVMKQsAHiafgLprqIxzKwRKkc3QGv56nPpnCW8IAutTbDtcugrBicTuDr7aUGhCXfsapx4fXm7ic3CaiaRksmIg/0?wx_fmt=jpeg,,是,1,17650,51,211,18
2021-03-11,有好东西了，3月保险推荐汇总,http://mp.weixin.qq.com/s?__biz=MzUzNjE3NzQ3Nw==&mid=2247487994&idx=1&sn=97854e54a511194f8531d3ae3126ea74&chksm=fafb6fd0cd8ce6c67b003888c107b1ee6c3d7f4d1c41d5efd3c61925508f2609a88050b11fa0&scene=27#wechat_redirect,,也谈钱,http://mmbiz.qpic.cn/mmbiz_jpg/xd1hVMKQsAFTl3VGyoXDYFUZ1sPudFqKFZB3N7DzwweGibNThYWZzUBRdCrvIJS2hL06Mffn6uJt6wv79RiapvIg/0?wx_fmt=jpeg,,是,1,17493,19,45,11
2021-03-10,明明都是自己的钱，为啥总要区分亏的是本金还是收益？,http://mp.weixin.qq.com/s?__biz=MzUzNjE3NzQ3Nw==&mid=2247487977&idx=1&sn=847370bd4c475a58e34094ae19550e01&chksm=fafb6fc3cd8ce6d5bac69a795ff1e64f4c5d1e6dc221bd63de405349cd66102d88d28f92f644&scene=27#wechat_redirect,,也谈钱,http://mmbiz.qpic.cn/mmbiz_jpg/xd1hVMKQsAFf9EFATg3YaW9ehHuYY3s17x0zNuJx6g3y56AmH5KyhEia29aVibEs3FyJ8gFxFmyvTFXLc8r5Cu4g/0?wx_fmt=jpeg,,是,1,17871,51,210,13
2021-03-09,下跌过后更能读懂的几本书,http://mp.weixin.qq.com/s?__biz=MzUzNjE3NzQ3Nw==&mid=2247487972&idx=1&sn=56527612ab7e6e26f44cd5a2c263bac7&chksm=fafb6fcecd8ce6d899acd8d01b5526c6892a2a3e3703d203d4abac2698c2189a1eca344cb725&scene=27#wechat_redirect,,也谈钱,http://mmbiz.qpic.cn/mmbiz_jpg/xd1hVMKQsAFf9EFATg3YaW9ehHuYY3s1Ria9IjEQN79h83VIkibHpXHKa0XA8t3wVQ3LtQHBvcZtGKOG323IzwvA/0?wx_fmt=jpeg,,是,1,25111,54,194,8
2021-03-08,不瞒你说，投资第二好的时候已经到了,http://mp.weixin.qq.com/s?__biz=MzUzNjE3NzQ3Nw==&mid=2247487963&idx=1&sn=f0b7fb691f91ef7b5951b3e9d89c1a5a&chksm=fafb6ff1cd8ce6e72093e647d49fe47262f997f740be87a92eee2b064e1928d1fad9d9af089b&scene=27#wechat_redirect,,也谈钱,http://mmbiz.qpic.cn/mmbiz_jpg/xd1hVMKQsAE80LX7x8lVNCnltEPKaicnZMdvInhgYMJlP2f8k8ibBbGvUHVoJkxibIHFrI3B6U9ZFUFuiaBiahLMEzQ/0?wx_fmt=jpeg,,是,1,38781,60,279,18
2021-03-05,按摩师加点上钟～,http://mp.weixin.qq.com/s?__biz=MzUzNjE3NzQ3Nw==&mid=2247487956&idx=1&sn=47ab2ca96df1ec77a02cf34de9a7e5b3&chksm=fafb6ffecd8ce6e890d0fcfea6b1f0cd57803a4c0105493b68d03cd668210030638b3f29f89d&scene=27#wechat_redirect,,也谈钱,http://mmbiz.qpic.cn/mmbiz_jpg/xd1hVMKQsAFQcjBh7STZ8biakwHKffwbmiaicLEONltdFehdaNwCIdBbpHzHG7r5ENa22AicEjl68QXP2vLGuMDNVA/0?wx_fmt=jpeg,,是,1,19186,34,182,15
2021-03-04,财务自由实证#24.1，谢谢大家的关心，我很好，以后一定会更好～,http://mp.weixin.qq.com/s?__biz=MzUzNjE3NzQ3Nw==&mid=2247487944&idx=1&sn=507f7a7927f994ea77f50d3f1b39d0b6&chksm=fafb6fe2cd8ce6f488db514a39fcc894583e00b97e69295c76024c2564c9fa23a763b55195bc&scene=27#wechat_redirect,,也谈钱,http://mmbiz.qpic.cn/mmbiz_jpg/xd1hVMKQsAGUuT3xYHgBDms35JNvI1WCHE56blUVzNs6SlTDz5rUvDgy1RfX47NiaNQc7Apszc74icVYNOjJVVIQ/0?wx_fmt=jpeg,,是,1,27348,33,168,14
2021-03-03,财务自由实证#24，赢得生活，但没必要赢得辩论,http://mp.weixin.qq.com/s?__biz=MzUzNjE3NzQ3Nw==&mid=2247487937&idx=1&sn=cc921674f4d0f509f30a5a499035ded2&chksm=fafb6febcd8ce6fd227b19c5d1a3d684da7345a586439fa135467c65408fa41ad80b6e8a5055&scene=27#wechat_redirect,,也谈钱,http://mmbiz.qpic.cn/mmbiz_jpg/xd1hVMKQsAHVRC82KzsQYBmAJTO0cyVkic4kEqIHaAKN9DWmemHh45v1xPekFz1oSxe6EHRNvOMapYaJORsOf6w/0?wx_fmt=jpeg,,是,1,26980,65,268,17
2021-03-01,十年之约#2，要加仓吗？,http://mp.weixin.qq.com/s?__biz=MzUzNjE3NzQ3Nw==&mid=2247487926&idx=1&sn=0529d358b079746cf711171a631b50b4&chksm=fafb6f9ccd8ce68a6012102a7ecd7450db610b8032e5d473dd7ea96f350a65f198815ae72f5e&scene=27#wechat_redirect,再给明天请个假，明天周二没更新啦，财务自由实证周三发,也谈钱,http://mmbiz.qpic.cn/mmbiz_jpg/xd1hVMKQsAEAMIeaXMCUGceYNUQReXFA2xPPMQMiboUWcXWzx1CKKPnIk1WGS2UCicxMsKODUKoiaRGvUHlEln62A/0?wx_fmt=jpeg,,是,1,31551,54,196,12
2021-02-26,来安利一个改善生活还能省钱的小玩意,http://mp.weixin.qq.com/s?__biz=MzUzNjE3NzQ3Nw==&mid=2247487917&idx=1&sn=4ccd0b2abc0e18ec1ee9a4f86e6f314d&chksm=fafb6f87cd8ce6913d8b89fe1973e415f0b5dfe1762d4c2ab76b500817b1742ce16cddb38d57&scene=27#wechat_redirect,推荐理由你可能想不到,也谈钱,http://mmbiz.qpic.cn/mmbiz_jpg/xd1hVMKQsAFk3Eib83sPoyicqAyuvEHp5iaoQFkVNmWD8YicD4BkuGMJiallNgot9zpjEIy3h4h5iciczhr9GUKicUONbA/0?wx_fmt=jpeg,,是,1,27087,40,266,18
2021-02-25,继续安心躺着，早都安排明白了,http://mp.weixin.qq.com/s?__biz=MzUzNjE3NzQ3Nw==&mid=2247487906&idx=1&sn=aac8aa9575927140b04b940c3c4c0f9d&chksm=fafb6f88cd8ce69e722800df27d274b5208c1de6d8176a0819e781de6772af314d9d7ed20448&scene=27#wechat_redirect,我不会减仓，但也不会额外加仓,也谈钱,http://mmbiz.qpic.cn/mmbiz_jpg/xd1hVMKQsAGXtSEZrz7z9l12Gyss2ejLG31676GbFxEH7pOA6HohewEtUPnF853cNhKIdibceLHs1LJ54ZNkEpQ/0?wx_fmt=jpeg,,是,1,29691,67,300,11
2021-02-24,恍恍惚惚，收益排名又提升了……,http://mp.weixin.qq.com/s?__biz=MzUzNjE3NzQ3Nw==&mid=2247487894&idx=1&sn=a961dc31633b43b409b5f8cbb32f4461&chksm=fafb6fbccd8ce6aaf0651dbe5d52725cc793311d5be7e09025334b1bc5f85c4d14d088820111&scene=27#wechat_redirect,,也谈钱,http://mmbiz.qpic.cn/mmbiz_jpg/xd1hVMKQsAEYDKDz257hribH3QxpowAribZnSCeibentp06dibWicVz1oT8bcknnZ0rCWUjkjKAPKpeqbr1aBGLrLGQ/0?wx_fmt=jpeg,,是,1,27590,43,118,11
2021-02-23,为啥很多大佬并不用生产力工具，但生产力比我强多了……,http://mp.weixin.qq.com/s?__biz=MzUzNjE3NzQ3Nw==&mid=2247487885&idx=1&sn=35b55c694c573967678ce36064ed5009&chksm=fafb6fa7cd8ce6b17774f20e3ceb7219a33504ec44a3ebfb1d89d10db95186e14f464ea855ba&scene=27#wechat_redirect,,也谈钱,http://mmbiz.qpic.cn/mmbiz_jpg/xd1hVMKQsAEy9dPlicXDsgSOO7hgic0P6tk9HYWK4hchTLZaNqNG77ZgqTgwZichMlM0jLibSzDDRjUpHib0tDFANLA/0?wx_fmt=jpeg,,是,1,20941,37,176,11
2021-02-22,翻译一段有点励志的理财问答,http://mp.weixin.qq.com/s?__biz=MzUzNjE3NzQ3Nw==&mid=2247487879&idx=1&sn=24a9dc8c2aa7c0cf1cf99afa73715e27&chksm=fafb6fadcd8ce6bbe6996b565e5d10753a154876d524139178e035aa2fc8c99611268228d774&scene=27#wechat_redirect,,也谈钱,http://mmbiz.qpic.cn/mmbiz_jpg/xd1hVMKQsAHMAcXpICRlHvLiaUCC8zeEsXkk9mDF3EOMqXSVhuDibhb3KKiaUYFS0kVTyaYqw2xyl1sPgjOziaQQGQ/0?wx_fmt=jpeg,,是,1,19991,42,204,14
2021-02-19,假期读了两本好书,http://mp.weixin.qq.com/s?__biz=MzUzNjE3NzQ3Nw==&mid=2247487870&idx=1&sn=7b59b64eaa09ec674a064fe559293d84&chksm=fafb6f54cd8ce642062ac90dc3178ce06d21e6c981c43c5cb895fdf8ab02d979af73f146bff4&scene=27#wechat_redirect,《基业长青》和《从优秀到卓越》,也谈钱,http://mmbiz.qpic.cn/mmbiz_jpg/xd1hVMKQsAFH4WliciagzLBgsXjvoOJNvLqUbYrLcibpmCW1rYc0jUS4KlKsImscCW5HBVmleYAovaP4AOcDyF4Mg/0?wx_fmt=jpeg,,是,1,24956,57,209,10
2021-02-18,“钱赚多少是个头？”，2021年的新数据，反转了……,http://mp.weixin.qq.com/s?__biz=MzUzNjE3NzQ3Nw==&mid=2247487861&idx=1&sn=0bd446b224c7c0333ed70b72e529bcc1&chksm=fafb6f5fcd8ce649eda6e330e22df2c87981ed46fa6cdb844317787e5adeeaa67f0af5adcd18&scene=27#wechat_redirect,,也谈钱,http://mmbiz.qpic.cn/mmbiz_jpg/xd1hVMKQsAGHww4EV8H9MbQcnNAOiaCR9CwkANfCS5CsBSebVtqmxm7MOPoia69RaEPShVySvyoDFOsHj3zcjcdw/0?wx_fmt=jpeg,https://www.pnas.org/content/118/4/e2016976118,是,1,26420,38,183,12
2021-02-15,嘿嘿，安利一个我自创的读书方法,http://mp.weixin.qq.com/s?__biz=MzUzNjE3NzQ3Nw==&mid=2247487851&idx=1&sn=d564f973642aa0deb982303e3e9303a3&chksm=fafb6f41cd8ce657f67709290d8b7bae53b75bd479bd5a8ab8f33d676de6908e606da8f2a17c&scene=27#wechat_redirect,,也谈钱,http://mmbiz.qpic.cn/mmbiz_jpg/xd1hVMKQsAFhRKYGpCVAl94dHkGUdW7bAyyZUD1CWicIkW0qXdB0YZRR22XNOuwrsR8TFpk38W8GcpGicBnKjvXA/0?wx_fmt=jpeg,,是,1,22382,114,400,13
2021-02-12,新更一版推荐书单，关键词「幸福」,http://mp.weixin.qq.com/s?__biz=MzUzNjE3NzQ3Nw==&mid=2247487835&idx=1&sn=0f2525c78784afdee2aadff729011513&chksm=fafb6f71cd8ce6677d20e87965fd0639fb016cdbdfe699d1b959ace0cc4d60032e82b8658b00&scene=27#wechat_redirect,,也谈钱,http://mmbiz.qpic.cn/mmbiz_jpg/xd1hVMKQsAHJsuxAel9PY4R4Ew1fVLQfBsW2m0gfRsq44JVmqic4iaicxZOcib7NbEtNbVibWRFLmLBcqUt5r7Y60lQ/0?wx_fmt=jpeg,,是,1,23519,63,159,7
2021-02-11,新春快乐～,http://mp.weixin.qq.com/s?__biz=MzUzNjE3NzQ3Nw==&mid=2247487827&idx=1&sn=61a73b6ee2cbf3627a6b99a1c5c0db1b&chksm=fafb6f79cd8ce66fcf1c7e3b86b28354875c84e72b30351ae3d2361933555e4aa3d7de8dcbfb&scene=27#wechat_redirect,,,http://mmbiz.qpic.cn/mmbiz_jpg/xd1hVMKQsAGpVOuc5tqcegNEDIqlvU0Dfu3asoZWyb2z3PnVb2A1qZ5fj2IXASicerOYUoluibg7OOBV2pUibRyqw/0?wx_fmt=jpeg,,否,1,25637,37,232,29
2021-02-10,精心攒了大半年的游戏推荐（一个人的小伙伴千万不要点进来……）,http://mp.weixin.qq.com/s?__biz=MzUzNjE3NzQ3Nw==&mid=2247487813&idx=1&sn=afef3d629950cb6fc8ac047e8f44c19e&chksm=fafb6f6fcd8ce679d4deacc95d22e0bca35183bcfe65b46d7218da01e69f6c7afcfc10acb3f8&scene=27#wechat_redirect,,也谈钱,http://mmbiz.qpic.cn/mmbiz_jpg/xd1hVMKQsAHVX2ZvhD9jzceRxDjiaicVOsXNJTFm6GFXKhBn3JibaRjtveJOlFYRZB35wMYlJevMtjhg1pXyiavjEg/0?wx_fmt=jpeg,,是,1,22462,40,145,22
2021-02-09,大伙常问的记录投资收益的工具来喽～,http://mp.weixin.qq.com/s?__biz=MzUzNjE3NzQ3Nw==&mid=2247487794&idx=1&sn=b9db83140ef56b777315a5e415954736&chksm=fafb6f18cd8ce60eeebe855dcd793f173a5589e51657877fb9e8a2fff629eeb17688a40e2766&scene=27#wechat_redirect,一个会进化的App,也谈钱,http://mmbiz.qpic.cn/mmbiz_jpg/xd1hVMKQsAFSbAfUStfg55c90KJ5N1RAbsvgsKcY2YJnEMB1oliaVfOeAtwhmZ5icLKA5JibuyXwVd6y7rTPZVTQA/0?wx_fmt=jpeg,,是,1,44169,51,189,23
2021-02-08,投保以后记得做的几件事，2月保险参考推荐,http://mp.weixin.qq.com/s?__biz=MzUzNjE3NzQ3Nw==&mid=2247487773&idx=1&sn=c9f11d98eb972edf2c1282dab45e0665&chksm=fafb6f37cd8ce62113f96a77e4354d98cc0f8eadefe1334cbc19152a8724677a6f193d3c4e98&scene=27#wechat_redirect,,也谈钱,http://mmbiz.qpic.cn/mmbiz_jpg/xd1hVMKQsAH8TicGwicyYJvbX2lPj5ibOocqwUyzQskvBMGq3QJvOeJndWONOOGKZb7E1EjpRuAPcC5zibfGmGaYRw/0?wx_fmt=jpeg,,是,1,10042,12,26,8
2021-02-04,唠个有点神神叨叨的话题,http://mp.weixin.qq.com/s?__biz=MzUzNjE3NzQ3Nw==&mid=2247487749&idx=1&sn=eb2747781a585b527865461179cf9877&chksm=fafb6f2fcd8ce6396e4dee8ec95cf5d533eaafe788896af90422ee17e332ce4969d000326bec&scene=27#wechat_redirect,,也谈钱,http://mmbiz.qpic.cn/mmbiz_jpg/xd1hVMKQsAFlaj3ticW6692f1UvXOlz6aqn14lNZfhKQgkEBeqnLOmXrvPNo0qP5zhhnNxiaTzdFF2bpG82nM2MA/0?wx_fmt=jpeg,https://mp.weixin.qq.com/s/S6crtRMwN1JKka50WBCKiQ,是,1,22549,32,122,19
2021-02-03,好震撼的一张图,http://mp.weixin.qq.com/s?__biz=MzUzNjE3NzQ3Nw==&mid=2247487740&idx=1&sn=760c47598b8d24712a35d08dec07f7f0&chksm=fafb6ed6cd8ce7c0d99f74a19ed3e228e712ed4e9d604339adec3129ddff93ba28c19f166b5a&scene=27#wechat_redirect,,也谈钱,http://mmbiz.qpic.cn/mmbiz_jpg/xd1hVMKQsAGmMV4uCiakeCwBVeNQ5yD4GyyCIK1CibJ0q8ibBoqUMR7qmUCdurk0h0PJElow3gmicFOXvwe78XBnfA/0?wx_fmt=jpeg,,是,1,25902,53,235,17
2021-02-02,财务自由实证#23｜90.5%,http://mp.weixin.qq.com/s?__biz=MzUzNjE3NzQ3Nw==&mid=2247487722&idx=1&sn=aeb6c6e7a342390edf46b8f386278154&chksm=fafb6ec0cd8ce7d69b65cbe7c5d1ee4c18345ddb6e4fd4bca7e83cf5d3c40e4f3104e19742ab&scene=27#wechat_redirect,,也谈钱,http://mmbiz.qpic.cn/mmbiz_jpg/xd1hVMKQsAGw8IXicibVv0uCSPfBH96lWt34tRZn88PSX8ZadMRzTPSG8vUn00UALGUrolaJC06hX05cp8icaIe1Q/0?wx_fmt=jpeg,,是,1,32230,54,201,18
2021-02-01,十年之约#1，躺赚，排名再进1%,http://mp.weixin.qq.com/s?__biz=MzUzNjE3NzQ3Nw==&mid=2247487710&idx=1&sn=a7a653be34baa37ba083f3b0b18bc731&chksm=fafb6ef4cd8ce7e2fb541f12f33e2cad1189072b6f75afc50982f77aa27ef53d41f9adc607e6&scene=27#wechat_redirect,,也谈钱,http://mmbiz.qpic.cn/mmbiz_jpg/xd1hVMKQsAF4OoiboIFyKYVp6I6fdyslemujb7j3TaNFgIfKu3InaawqlVv1QB6icWnngPlQKQFzMdFBLMsoBdPw/0?wx_fmt=jpeg,,是,1,27597,55,211,10
2021-01-29,我买了个智商税？,http://mp.weixin.qq.com/s?__biz=MzUzNjE3NzQ3Nw==&mid=2247487700&idx=1&sn=269f3bb8e15af6318335c91ac9143245&chksm=fafb6efecd8ce7e8ad35d7c63dc174deb74d08ca0cf9df8c5bc6a4adef3c8d0ec2af52c8c2ca&scene=27#wechat_redirect,也太把我的防蓝光眼镜给抢了……,也谈钱,http://mmbiz.qpic.cn/mmbiz_jpg/xd1hVMKQsAGXvCibZtAPT7PnPOWgMHa42Zh0wPGODeW6A2EsVyHsmVemAvstc7fwD6NjwIstokCeGYN8VM6BUAA/0?wx_fmt=jpeg,,是,1,23004,44,206,14
2021-01-28,学到一个新词儿，能提高收益的那种～,http://mp.weixin.qq.com/s?__biz=MzUzNjE3NzQ3Nw==&mid=2247487689&idx=1&sn=9783019ad91669726fd91de2854735ee&chksm=fafb6ee3cd8ce7f590d679303f1be36ec54fd59fc1002f419b990477e2435f44986a81050dd6&scene=27#wechat_redirect,,也谈钱,http://mmbiz.qpic.cn/mmbiz_jpg/xd1hVMKQsAHGdNsYex0vhUhdNtPR7nYrW06VPy6ad6qF0DicYzzfsMZVvHcGia4QH0UwuHFrNtxfo4QyqsYqictOw/0?wx_fmt=jpeg,,是,1,24161,66,238,18
2021-01-27,就……我居然被自己的日记给感动到了，谢谢4年前的自己,http://mp.weixin.qq.com/s?__biz=MzUzNjE3NzQ3Nw==&mid=2247487678&idx=1&sn=e4c955b30943e172c9674f8537e4ea71&chksm=fafb6e94cd8ce782bb1b2ae86eda113d0da25f0a7a3d8bab3d6fb0521c0763a1a0a6cf4add51&scene=27#wechat_redirect,,也谈钱,http://mmbiz.qpic.cn/mmbiz_jpg/xd1hVMKQsAHrHvZiaFP6LRTqRHnp8HTC9kMGgnxibqTaE7XgcATTZw1WDv7hAxqhCja1UcTetgfGPFS4gvibJTnkA/0?wx_fmt=jpeg,,是,1,20380,44,128,22
2021-01-26,被喷最惨的省钱故事……,http://mp.weixin.qq.com/s?__biz=MzUzNjE3NzQ3Nw==&mid=2247487668&idx=1&sn=c64d67919ed66f5cde91fde768ce4fd1&chksm=fafb6e9ecd8ce78810d8786474cceefd0586b289e8c1c61bf6ca22c2038aebd5993b581486df&scene=27#wechat_redirect,,也谈钱,http://mmbiz.qpic.cn/mmbiz_jpg/xd1hVMKQsAF7qFVF5TBdWibbN17ybrc3qS3fXg5bDMN2P49seZLOU4sH2Y0Uiast3aMiaRysiabsE3TWuXQ1uibib8Ag/0?wx_fmt=jpeg,https://www.xiaoyuzhoufm.com/episode/60080b27ee3ec78161e72b75?s=eyJ1IjogIjVlOTE1MDE3YTBlYjU3NjBjZWM0ZWQzMyJ9,是,1,24504,51,200,24
2021-01-22,赞，多拿回40万,http://mp.weixin.qq.com/s?__biz=MzUzNjE3NzQ3Nw==&mid=2247487647&idx=1&sn=d18ecb3bab4e09995b7777939291b522&chksm=fafb6eb5cd8ce7a3a5ea7670d52fa2a9fb95c16a1d01907316c08695eb36a77e9efe52d6baf1&scene=27#wechat_redirect,中间就差个翻译……,也谈钱,http://mmbiz.qpic.cn/mmbiz_jpg/xd1hVMKQsAEdlQibpjPRpgOTHQswRzDBK3YAicgyftUECUhwOuRYMak3ibCBHic28cnicy2w0qB5v2th8c9aXb80s4A/0?wx_fmt=jpeg,,是,1,27518,21,62,11
2021-01-21,投资大佬去哪找？家底儿都在这了～,http://mp.weixin.qq.com/s?__biz=MzUzNjE3NzQ3Nw==&mid=2247487635&idx=1&sn=b5c6c47c09f21f083635fbd33794ff84&chksm=fafb6eb9cd8ce7af9d8be37b7a4e23dcbc7ca24bb41e402388fe364a9d3a212ef3af79761fed&scene=27#wechat_redirect,,也谈钱,http://mmbiz.qpic.cn/mmbiz_jpg/xd1hVMKQsAGU9ibYZvRYhRS8yjZK7bErsxqbSycp5qyfibHQ7iazMeVgNJw15p9uUicnYxsoD674XMwWk5DPFZKvKg/0?wx_fmt=jpeg,,是,1,25309,40,122,10
2021-01-20,港股最近有点火，能躺赚不？,http://mp.weixin.qq.com/s?__biz=MzUzNjE3NzQ3Nw==&mid=2247487625&idx=1&sn=2557918935f22c44e56b1d909ac5d2ec&chksm=fafb6ea3cd8ce7b5125124d034d1b52e723637bfaa7a9a064ed4c6e0ffc9bb16369d4d8857d3&scene=27#wechat_redirect,,也谈钱,http://mmbiz.qpic.cn/mmbiz_jpg/xd1hVMKQsAGWb7KBsK7FfN14rkGo0lkpaZgfzP5epvulj6Bcqxecw2GjvnZLLZllHHNAgwkyP6GeBpJCibDHXBw/0?wx_fmt=jpeg,,是,1,21237,32,142,7
2021-01-19,补上一份独家秘笈,http://mp.weixin.qq.com/s?__biz=MzUzNjE3NzQ3Nw==&mid=2247487617&idx=1&sn=5e70fe6c25223a3623a139f014501f13&chksm=fafb6eabcd8ce7bd2269662f04b49165e7a3ff95429ec85fd620fc5c628c85e83ace370d1919&scene=27#wechat_redirect,关于餐饮预算的,也谈钱,http://mmbiz.qpic.cn/mmbiz_jpg/xd1hVMKQsAHL5LUYfLUTia2A3Vs6ZPL0gf7RtaYiaibc2ibKUfzjsgW142TuCLlczS5XAkhIpNXhc4ynYHsgYTjiaIQ/0?wx_fmt=jpeg,,是,1,24057,54,263,24
2021-01-18,年终奖应该咋投资？，一年过去，我有了点新体会,http://mp.weixin.qq.com/s?__biz=MzUzNjE3NzQ3Nw==&mid=2247487610&idx=1&sn=613369f95917a7e7d68deb56f7b2cbb2&chksm=fafb6e50cd8ce7467dd06bb132aaeea6e95679fd8d04fc99cc21649919fcb550a309ad1ca08e&scene=27#wechat_redirect,,也谈钱,http://mmbiz.qpic.cn/mmbiz_jpg/xd1hVMKQsAHIpPJO7vvVTMC2B9OK3qQXub3XU0zNhc4tlQatNWMGXyqZ5H5J4mxOGWhZo6s3CEbdZiaDT8XYQfw/0?wx_fmt=jpeg,,是,1,20913,33,130,16
2021-01-15,问&quot;要不要卖&quot;的小伙伴越来越多了,http://mp.weixin.qq.com/s?__biz=MzUzNjE3NzQ3Nw==&mid=2247487600&idx=1&sn=993a7ac8901c21bb124b95a4cd06955a&chksm=fafb6e5acd8ce74c927e6b0f17ec61cc4529a99628c541a9c40632a8baa3a29447e119566bed&scene=27#wechat_redirect,还有昨天文章的后续,也谈钱,http://mmbiz.qpic.cn/mmbiz_jpg/xd1hVMKQsAFcnVXuF41cjr5g5kgHoicUYbPMN3jCJwxLPQOr1LSSkVMk7VBmBeYJTVTcODdpcibODoRzaQLOGMjQ/0?wx_fmt=jpeg,,是,1,27874,55,209,16
2021-01-14,给你们讲个特神奇的事儿,http://mp.weixin.qq.com/s?__biz=MzUzNjE3NzQ3Nw==&mid=2247487591&idx=1&sn=e9bdf073542c53b7b5c6aad991b369de&chksm=fafb6e4dcd8ce75bff1184e07c248db1e8c5db871febbc7676f4be3c65cd285d08457aa98d1f&scene=27#wechat_redirect,原来还有这功能……,也谈钱,http://mmbiz.qpic.cn/mmbiz_jpg/xd1hVMKQsAFLWdRmEUnpJcUo7aypkPzQLnxlGmLl7wJBWBpwib7icpia5Ughwsq4IAOTdsF8iaqZXTLNw4u9vbDXeQ/0?wx_fmt=jpeg,,是,1,22258,54,261,21
2021-01-12,嘿，我又悟出来一个快乐凭空产生的新思路,http://mp.weixin.qq.com/s?__biz=MzUzNjE3NzQ3Nw==&mid=2247487572&idx=1&sn=12096b40525018dae60e4cb48447e1cf&chksm=fafb6e7ecd8ce768c586c16493600768a9ed1c5d5f49f5f0c2257db3a291fe9ccd20dcba9f5d&scene=27#wechat_redirect,还能加速财务自由,也谈钱,http://mmbiz.qpic.cn/mmbiz_jpg/xd1hVMKQsAGXhLJxsTqzQuicYYvDoxlIcNIr8ERSlIEoskQ3mXQmQXwAxl57dRbicxXc3Gn8HRO7TsR7Hia5rbyXg/0?wx_fmt=jpeg,,是,1,22448,89,315,12
2021-01-11,唠唠我的买房计划,http://mp.weixin.qq.com/s?__biz=MzUzNjE3NzQ3Nw==&mid=2247487566&idx=1&sn=e55430ac0d4a91840428826f3eb64c75&chksm=fafb6e64cd8ce772ba73def158bbc964ff54b1995da62db8590b14f2e6e6b70278ffb6dcfeef&scene=27#wechat_redirect,财务自由买个房就没了？,也谈钱,http://mmbiz.qpic.cn/mmbiz_jpg/xd1hVMKQsAFICRPmRQClBM2eYQNfB3h1QyRafEyhX8X7GaFbzz6ye4yEYXs8lDicF2ictJvlo2lwZxCiafEJyFoUg/0?wx_fmt=jpeg,,是,1,29994,57,239,17
2021-01-08,小伙伴们忒有才了,http://mp.weixin.qq.com/s?__biz=MzUzNjE3NzQ3Nw==&mid=2247487558&idx=1&sn=e3f1ab6d41e8f652bb40705ae1804344&chksm=fafb6e6ccd8ce77a6a938bc5bf7a2cdc7002230a876f6d679c239e96e07a5ba37a52474f1a82&scene=27#wechat_redirect,乍一看有点扯，细想想很实用。,也谈钱,http://mmbiz.qpic.cn/mmbiz_jpg/xd1hVMKQsAHzzCcOYxPAAZbtpQMWFSuCMYsvopFpCJ0LmlqMRicJCdibt7lNiaCUTTyG4Q6zfmJ1YKX1DLYwHqgHA/0?wx_fmt=jpeg,,是,1,19017,32,118,12
2021-01-07,十年之约，实证，我想做点不一样的,http://mp.weixin.qq.com/s?__biz=MzUzNjE3NzQ3Nw==&mid=2247487547&idx=1&sn=0034f4608a935b280fa2ed305c03d393&chksm=fafb6e11cd8ce7073def3eb0fc42a8bda6b79e823f74c38466f4fe7a0af0ea2e12c19117a9f5&scene=27#wechat_redirect,享受财富原本的美好，这件事儿本不应该如此困难。,也谈钱,http://mmbiz.qpic.cn/mmbiz_jpg/xd1hVMKQsAEQWfyZ3QJrSD7jib1gYPYxT5hO6zNOAztibbVLmg9xEibgIYn841dZ5O8d4vE9icc0Dk2wBsPQD4ia5nQ/0?wx_fmt=jpeg,,是,1,35973,79,371,14
2021-01-06,抱歉啊大伙，今天不幸得拖更了。，，，，在写一个我很重视的内容系列第一篇，还没写完；这两天又正好也太做近视手术，我得接送她，时间就更不够了（本来安排的是一起做、当病友，但她的手术被推迟了）。，，，，这段时间没怎么看行情，有小伙伴和我说「基金」都上热搜了，身边好多人都在讨论基金，问我怎么看。，，，，没想到已经这么热了……那确实有点风险，但我还是不会动。就算卖出了，难道风险就没有了吗？只不过从下跌的风险换成了踏空的风险而已，波动风险是永远存在的。，，，，我相信我选择的基金经理，他们会做出正确的判断，而我要做的就是“拿住”，别去帮倒忙。投资最大的风险不是市场波动，而是我们自己。,http://mp.weixin.qq.com/s?__biz=MzUzNjE3NzQ3Nw==&mid=2247487538&idx=1&sn=10151dcdc1516c8f0d4e34b95f9a932a&chksm=fafb6e18cd8ce70e8dc3289e793115ce388be5ac5aaa19e6871095b9eee5266199aaacf950e8&scene=27#wechat_redirect,,,,,否,1,8152,13,100,0
2021-01-05,2020年我生活上最大的变化,http://mp.weixin.qq.com/s?__biz=MzUzNjE3NzQ3Nw==&mid=2247487534&idx=1&sn=def23a17db23eddf1e35a0612d078260&chksm=fafb6e04cd8ce7121f8b7d7d1fdb24991e25362420a8d431dc882ef91080c19346a391f5d6a4&scene=27#wechat_redirect,把爱好变成了职业，我很幸福～,也谈钱,http://mmbiz.qpic.cn/mmbiz_jpg/xd1hVMKQsAFZVuDp25hCLX11N7pWdiaCX9yr0ibIS6oDmAicyEzua4L5Rv8TAxkX00tpiag6WtFj7I690ic1RTXviatw/0?wx_fmt=jpeg,,是,1,21786,73,281,18
2021-01-04,财务自由实证#22｜2020年最满意的一份报告,http://mp.weixin.qq.com/s?__biz=MzUzNjE3NzQ3Nw==&mid=2247487525&idx=1&sn=0961f93f62f9eb09b943443c2919e192&chksm=fafb6e0fcd8ce719164fb8e8f4598fdb4c680d5aa02a808129b0b31c13da678d398206585146&scene=27#wechat_redirect,财务自由的本金怎么攒？,也谈钱,http://mmbiz.qpic.cn/mmbiz_jpg/xd1hVMKQsAEVVDr0h5pndRK245ia4aUMoCWn1BgpenP5tjekAaXDDewkjeFIiaSosRH1j7iawEEyO5hcSKrq4JXKQ/0?wx_fmt=jpeg,,是,1,23780,57,186,21
2021-01-01,新年快乐呀，新的一年继续一路同行,http://mp.weixin.qq.com/s?__biz=MzUzNjE3NzQ3Nw==&mid=2247487512&idx=1&sn=2023c3ba36c7ec80060da5a1a02de459&chksm=fafb6e32cd8ce724bd96d4b5ca42b86377b99b879bad869458e407b202220a9fd304c381c33c&scene=27#wechat_redirect,继续躺赚一整年,也谈钱,http://mmbiz.qpic.cn/mmbiz_jpg/xd1hVMKQsAEdibunXnuenr6icibPeFIQdaq6S7A11zSVicQe2HGPOu7ialMa17mNZe0XATgujZ8LNTv08HX1z9zAVCg/0?wx_fmt=jpeg,,是,1,10820,47,205,13
