文章日期,文章标题,文章链接,文章简介,文章作者,文章封面,原文链接,是否原创,文章位置,是否付费,阅读数,在看数,点赞数,留言数
2022-02-27,最新！深圳龙岗在坂田街道划定封控、管控和防范区,http://mp.weixin.qq.com/s?__biz=MzIxNDA0MTExMg==&mid=2652149266&idx=2&sn=4dab6bd18bc670f5e564a7faf268bf3c&chksm=8c4da165bb3a2873efa801770f4a143f63fc90fd465189bd850e555c72cec46961d782773d33&scene=27#wechat_redirect,又双叒,,http://mmbiz.qpic.cn/mmbiz_jpg/N5niatN9B18wEcKibGND953LU43DFicUShHXZlUOhcEwyY3KU6BjvyHNwsDV9cUSFopV7scn5k5CsF8PoKHrcbYHg/0?wx_fmt=jpeg,,否,2,否,100001,366,827,66
2022-02-27,通告！深圳南山在蛇口、招商街道划定封控、管控区域,http://mp.weixin.qq.com/s?__biz=MzIxNDA0MTExMg==&mid=2652149266&idx=1&sn=53fc12adfc0bcc17a4a0f06303126106&chksm=8c4da165bb3a287352bc15bed1773db5b2a4e91cdc52f17f0daa9ba2329cc0188bec8e6b17fb&scene=27#wechat_redirect,南山难,,http://mmbiz.qpic.cn/mmbiz_jpg/N5niatN9B18wEcKibGND953LU43DFicUShHkBKveGD7Q3oww5pcZJ8HB9iaZajib9ECa1BQKLBCz2cSX2sDjicytFyYQ/0?wx_fmt=jpeg,,否,1,否,100001,1183,2906,90
2022-02-27,2月26日14-24时深圳新增19例病例，在隔离观察的密接者和重点区域筛查中发现,http://mp.weixin.qq.com/s?__biz=MzIxNDA0MTExMg==&mid=2652149246&idx=1&sn=264a8482eec302183546ebf86a495798&chksm=8c4da289bb3a2b9ffca2b1a1c777263f3eaed24bf317fbb78b746218720b6b16291b17b15f3e&scene=27#wechat_redirect,新冠别加戏了快杀青吧,,http://mmbiz.qpic.cn/mmbiz_jpg/N5niatN9B18xicbYvNTf85RC6cjXIRGZtvbUicicGqga7Te1VrdbHyibr63KK2ckqjXGv4R7sNe5aE5Ea9UHn5VAMOg/0?wx_fmt=jpeg,,否,1,否,100001,2809,6509,92
2022-02-26,停运停航、这些公园关闭！深圳紧急通知,http://mp.weixin.qq.com/s?__biz=MzIxNDA0MTExMg==&mid=2652149215&idx=2&sn=aa1317ef0c5e0dbe8773596b5cb6ef1b&chksm=8c4da2a8bb3a2bbe34ce1f65f564c97742864f00f5ecf5d966c3d770b246e22cacb2d88083c6&scene=27#wechat_redirect,只要还有1根葱坚决不往菜场冲,,http://mmbiz.qpic.cn/mmbiz_jpg/N5niatN9B18xicbYvNTf85RC6cjXIRGZtvksibZJOXossic8bia5cRyzKzB0NcwAMYOSvg6NJCuLtO3tHVrK2cYbzjw/0?wx_fmt=jpeg,,否,2,否,100001,732,1702,72
2022-02-26,深航通告，机票退票及变更可特殊办理,http://mp.weixin.qq.com/s?__biz=MzIxNDA0MTExMg==&mid=2652149215&idx=3&sn=20ad455fbe6161f6aadb40452ee9630f&chksm=8c4da2a8bb3a2bbe7622d0f6be69948403064107f1893d6d5c83b47f90ac6e757072281a9552&scene=27#wechat_redirect,先约核酸再约远方,,http://mmbiz.qpic.cn/mmbiz_jpg/N5niatN9B18xicbYvNTf85RC6cjXIRGZtvWiblaHWvEKyibLgErc1Aos6TJqicJYvucxeqGZeLKbmbiaM3p6Xze7Y1ww/0?wx_fmt=jpeg,,否,3,否,91966,111,241,67
2022-02-26,罗湖：跨境货车司机违规路边卸货，立案！,http://mp.weixin.qq.com/s?__biz=MzIxNDA0MTExMg==&mid=2652149215&idx=4&sn=a775fdfe8f594ac8c252c914ac25803d&chksm=8c4da2a8bb3a2bbe0507b119050b52f772f94f811ead4d3498252a0c599ea52a5adab567dc95&scene=27#wechat_redirect,疫情面前，人人平等,,http://mmbiz.qpic.cn/mmbiz_jpg/N5niatN9B18xicbYvNTf85RC6cjXIRGZtvuGvDnMV0JiaQFDdJk4PUiaFAv3mCOickwNUeK77fhBf01lJmv6s0wJZ7A/0?wx_fmt=jpeg,,否,4,否,100001,223,554,35
2022-02-26,通告！深圳龙岗在吉华街道划定封控、管控和防范区,http://mp.weixin.qq.com/s?__biz=MzIxNDA0MTExMg==&mid=2652149215&idx=1&sn=443d8546a00e4dc289f517f80922bf4b&chksm=8c4da2a8bb3a2bbed4ee024bd94d31089af9905b16bcb20d373aefc49deb46467b619d9566a6&scene=27#wechat_redirect,龙岗人：吃瓜吃到自己身上,,http://mmbiz.qpic.cn/mmbiz_jpg/N5niatN9B18xicbYvNTf85RC6cjXIRGZtvd7s9sQxezwFwibBhYG5cicBFpAibficR63L57DPL1jllkaCMFoMWUN44Lg/0?wx_fmt=jpeg,,否,1,否,100001,1241,2893,89
2022-02-26,通告！深圳龙华在民治樟坑社区划分封控、管控区,http://mp.weixin.qq.com/s?__biz=MzIxNDA0MTExMg==&mid=2652149203&idx=2&sn=636cb4258e36de07e24483560eb16cd2&chksm=8c4da2a4bb3a2bb25c85a116a6e256545613f9de1b3f8f2a187e3030653d72488cc673d5d7a8&scene=27#wechat_redirect,天会放晴深圳也一定行,,http://mmbiz.qpic.cn/mmbiz_jpg/N5niatN9B18xicbYvNTf85RC6cjXIRGZtvH4qRMakfChsWX0TBWT3qSu7ytTDMQCEKX5KWLtCxhslcYxBgGf0FNg/0?wx_fmt=jpeg,,否,2,否,100001,320,717,74
2022-02-26,深圳市委最新部署：全力打好疫情歼灭战,http://mp.weixin.qq.com/s?__biz=MzIxNDA0MTExMg==&mid=2652149203&idx=3&sn=abbaf1554e51d76ba6546e1fbf1fcef8&chksm=8c4da2a4bb3a2bb2d066c625176248baec09ae403a9e06ddb1831c06542d50e770ee71a7c814&scene=27#wechat_redirect,顶硬上！,,http://mmbiz.qpic.cn/mmbiz_jpg/N5niatN9B18xicbYvNTf85RC6cjXIRGZtvxoOYoMPwvKyW7wiaNRW3f1KOXVPHIkpxuUH5ic1ZCLUumXlwBLKs4dlw/0?wx_fmt=jpeg,,否,3,否,100001,235,609,46
2022-02-26,2月26日0-14时深圳新增11例病例，在隔离观察的密接者、重点区域和重点人员筛查中发现,http://mp.weixin.qq.com/s?__biz=MzIxNDA0MTExMg==&mid=2652149203&idx=1&sn=b42d1541a1971918025ada00866e0336&chksm=8c4da2a4bb3a2bb2b8590477554e81b1bcba3494942e4cf2062c0476d2cb5d18fe8151b843e4&scene=27#wechat_redirect,你今天做核酸了没,,http://mmbiz.qpic.cn/mmbiz_jpg/N5niatN9B18xicbYvNTf85RC6cjXIRGZtvN2uv58tb6msyMB4VMeTQiat6Qgh7a1icAY4H92Cs847ouXicmXXyeyfMw/0?wx_fmt=jpeg,,否,1,否,100001,1651,3771,97
2022-02-26,2月25日深圳新增9例本土确诊病例和9例无症状感染者，新增境外输入26例确诊病例和8例无症状感染者,http://mp.weixin.qq.com/s?__biz=MzIxNDA0MTExMg==&mid=2652149084&idx=1&sn=15e882a4ef4fc09884007c31921cb7a0&chksm=8c4da22bbb3a2b3d0d68a24b07921342020984d6a6c5d2327ed62768d1f9696c6a538b55bf3e&scene=27#wechat_redirect,饭前yue一yue,,http://mmbiz.qpic.cn/mmbiz_jpg/N5niatN9B18xicbYvNTf85RC6cjXIRGZtvic2UNibUCEfAibt2mbKLwOkStDxsBe1gdbg5tLGt2Qn7b6bj6ibY1gEVag/0?wx_fmt=jpeg,,否,1,否,100001,1186,2689,77
2022-02-26,深圳新增18例病例，在已隔离观察的密接者和重点区域核酸筛查中发现,http://mp.weixin.qq.com/s?__biz=MzIxNDA0MTExMg==&mid=2652149047&idx=1&sn=f952e7687ab86c93d0db04fda6411902&chksm=8c4da240bb3a2b5627fd42ad0933fad7103b77ae8c4de500f5a9c0f6951e6fe8f7f21ceddf14&scene=27#wechat_redirect,稳住啊深仔！,,http://mmbiz.qpic.cn/mmbiz_jpg/N5niatN9B18w0XWx1SBlgT3bjicWWUJh7RZjvXAqMyyrbibGqXjDBRml7yMx5zuv80ia8hB74wgDvEIrH5iaiaeCQyxw/0?wx_fmt=jpeg,,否,1,否,100001,3872,9939,95
2022-02-26,阴性！科兴科学园最新情况说明,http://mp.weixin.qq.com/s?__biz=MzIxNDA0MTExMg==&mid=2652149024&idx=1&sn=64c50d10a7f5f5f660ac8cdf587209e1&chksm=8c4da257bb3a2b4182e08b1ca54a8a4e09c31ec061dcbe5cd065207ef4b51f0cf9ad2f0ca055&scene=27#wechat_redirect,打工人已阅，，（继续加班ing）,,http://mmbiz.qpic.cn/mmbiz_jpg/N5niatN9B18w0XWx1SBlgT3bjicWWUJh7RyHBdIprNIyKUnLN6WD3XaicWicjTGqdicHZRGMkBv3E0Ey5130J7zBjag/0?wx_fmt=jpeg,,否,1,否,100001,2197,5916,96
2022-02-25,深圳福田“封区”？网传不实,http://mp.weixin.qq.com/s?__biz=MzIxNDA0MTExMg==&mid=2652148973&idx=1&sn=c277579bfa41211f1b91038e1697d455&chksm=8c4da39abb3a2a8c28685df0b15d2eda88373da44365500cc4e89e15bb7aa0c69905a7e6ec8e&scene=27#wechat_redirect,假消息！,,http://mmbiz.qpic.cn/mmbiz_jpg/N5niatN9B18w0XWx1SBlgT3bjicWWUJh7RLhBahbARfQr1JmarQQic1y366OUOHbR0QuDG9UVE2zSibNhE1zEC6PNA/0?wx_fmt=jpeg,,否,1,否,100001,2131,5341,88
2022-02-25,在封控、管控区域内，生病该找谁？能去医院吗？,http://mp.weixin.qq.com/s?__biz=MzIxNDA0MTExMg==&mid=2652148964&idx=2&sn=1054117559e3ade8a026c9cae14e7d2e&chksm=8c4da393bb3a2a859029ff0901bc2d69ed272803fe058789d25fcb2592f8f3f858e9aad1e059&scene=27#wechat_redirect,内附热线电话,,http://mmbiz.qpic.cn/mmbiz_jpg/N5niatN9B18w0XWx1SBlgT3bjicWWUJh7RUDSnHN1DJP4NUjtGG5MYNSxOfzRhciblRkMYpRsxOy185SrIpODdbkg/0?wx_fmt=jpeg,,否,2,否,100001,334,817,33
2022-02-25,深圳罗湖：一跨境货车司机涉疫违规,http://mp.weixin.qq.com/s?__biz=MzIxNDA0MTExMg==&mid=2652148964&idx=3&sn=99cc7b995d3a386144172db1940a78f2&chksm=8c4da393bb3a2a8558a75300b9bfe47a72a40a685bf457f88ff79271e4cab364689f9793a903&scene=27#wechat_redirect,稳住别浪！,,http://mmbiz.qpic.cn/mmbiz_jpg/N5niatN9B18w0XWx1SBlgT3bjicWWUJh7RotmLLwhAXib6Nb8vNrLa1hrNPyMqribZ59HM7icH1hAw5J5icMhZxPgOZg/0?wx_fmt=jpeg,,否,3,否,100001,222,586,23
2022-02-25,2月25日，深圳口岸检测出20名跨境货车司机核酸阳性,http://mp.weixin.qq.com/s?__biz=MzIxNDA0MTExMg==&mid=2652148964&idx=4&sn=f0449871e9f7224aa366771f2cd85442&chksm=8c4da393bb3a2a852e8fd072d4a704ffc47edcaec74e3e619d47c2c17c0e48c6e96a6957edc3&scene=27#wechat_redirect,麻了,,http://mmbiz.qpic.cn/mmbiz_jpg/N5niatN9B18w0XWx1SBlgT3bjicWWUJh7RAUkO6J5oiaFFx9TMeibjTX4Pg3KESIodGiaI7LhET2JkGYr163JFTPxog/0?wx_fmt=jpeg,,否,4,否,100001,201,450,53
2022-02-25,通告！深圳龙华在民治街道划定封控、管控和防范区,http://mp.weixin.qq.com/s?__biz=MzIxNDA0MTExMg==&mid=2652148964&idx=1&sn=04e5f1eadfbecb059ad753bf9d013efb&chksm=8c4da393bb3a2a855e27eaf82d5a509214dcb97a86b165ab1c3f2c2ce3f29ccd7294964e6d28&scene=27#wechat_redirect,群友+1,,http://mmbiz.qpic.cn/mmbiz_jpg/N5niatN9B18w0XWx1SBlgT3bjicWWUJh7RW8jDbS0414wMSuWJqhc7Pc1uRu9ZKmaNNF9Z9JblI6RRJbo8HmWbRg/0?wx_fmt=jpeg,,否,1,否,100001,1509,3398,70
2022-02-25,2月24日深圳新增8例本土确诊病例和5例无症状感染者，新增境外输入16例确诊病例和8例无症状感染者,http://mp.weixin.qq.com/s?__biz=MzIxNDA0MTExMg==&mid=2652148851&idx=1&sn=b84c9948dfa1574078b5d5d6960408c7&chksm=8c4da304bb3a2a129884ff8e30dfa5c4a62a7ff5d183a09c1e104a2cc2f13dfe78c4d7516875&scene=27#wechat_redirect,工还是要继续打的,,http://mmbiz.qpic.cn/mmbiz_jpg/N5niatN9B18w0XWx1SBlgT3bjicWWUJh7RhoFKcZ8AZ3bm5SXq25CSFs35dF3z80ZqiaKuAn1icWI84PChj40jLzgg/0?wx_fmt=jpeg,,否,1,否,100001,1344,3039,44
2022-02-25,通告！深圳南山在南山街道划定封控、管控和防范区域,http://mp.weixin.qq.com/s?__biz=MzIxNDA0MTExMg==&mid=2652148833&idx=1&sn=fd14824e39afe1364e61d790a8c74e66&chksm=8c4da316bb3a2a004297bd8eda39ddd71b097b3e232fa84a296ac8eef25f4785d82bf8d01aa4&scene=27#wechat_redirect,还好昨晚没刀我,,http://mmbiz.qpic.cn/mmbiz_jpg/N5niatN9B18w0XWx1SBlgT3bjicWWUJh7RiccicQbTicPGCWY3wGKrcSN3ks39LEs7BZDwzDEH4TfiaKdd4F5GxHL6Wg/0?wx_fmt=jpeg,,否,1,否,100001,1789,5026,36
2022-02-25,深圳福田连发4通告！涉及5街道，新增封控管控区,http://mp.weixin.qq.com/s?__biz=MzIxNDA0MTExMg==&mid=2652148776&idx=1&sn=009da6ec0556125c50cd86825a4705da&chksm=8c4da35fbb3a2a49a4b5de23371a03e818ac0a46f432d620b67e48b39d0821895d46afb37ba3&scene=27#wechat_redirect,让我看看今天还有谁,,http://mmbiz.qpic.cn/mmbiz_jpg/N5niatN9B18w0XWx1SBlgT3bjicWWUJh7RpSVT0hHU2PrlqXDE1BTjUugyF8h9D4vyXKQ0211pdYgbloh5qMqacw/0?wx_fmt=jpeg,,否,1,否,100001,1573,3616,70
2022-02-25,2月24日14-24时深圳新增5例病例，在隔离观察的密接者和重点区域筛查中发现,http://mp.weixin.qq.com/s?__biz=MzIxNDA0MTExMg==&mid=2652148763&idx=1&sn=1e6a47fe24cb73bcad1705e179e2c03c&chksm=8c4da36cbb3a2a7a402c555c00be050209e85fc6d650869ad945566023668faeddb0fffea481&scene=27#wechat_redirect,防护做到位病毒没机会,,http://mmbiz.qpic.cn/mmbiz_jpg/N5niatN9B18zDnqrROZbN1cgs5RkmJoj7MnW2g9yxlMlLuVNl2OuuiaxzlTZT3D0DAhJ9sn7NMDjIBZqWE8AdZ7A/0?wx_fmt=jpeg,,否,1,否,100001,2611,6225,91
2022-02-24,2月24日，深圳口岸检测出23名跨境货车司机核酸阳性,http://mp.weixin.qq.com/s?__biz=MzIxNDA0MTExMg==&mid=2652148761&idx=2&sn=d00f02cfcbe34b20e96f47af0179a069&chksm=8c4da36ebb3a2a78f9dc5da4a91ff9d40ec6636805b56f741afa87aa3fc18fda5bebc636ec53&scene=27#wechat_redirect,留给香港的跨境司机不多了,,http://mmbiz.qpic.cn/mmbiz_jpg/N5niatN9B18zDnqrROZbN1cgs5RkmJoj7DBXHeEFIjLV95rURGTTuVNetSibz3Uqo55retIqiafsRm9NXwMV3Uv7w/0?wx_fmt=jpeg,,否,2,否,100001,329,706,68
2022-02-24,龙岗发布通告！出入“标配”48小时核酸阴性证明,http://mp.weixin.qq.com/s?__biz=MzIxNDA0MTExMg==&mid=2652148761&idx=1&sn=2f97b74bbce3d6fb8795a3000032541b&chksm=8c4da36ebb3a2a78ec52c684c2c2e7a38200089b49ca111c925c235e36079b5312f7fd92ea7b&scene=27#wechat_redirect,落来做核酸啦！,,http://mmbiz.qpic.cn/mmbiz_jpg/N5niatN9B18zDnqrROZbN1cgs5RkmJoj7JhVt9nUf8yw8Mvdca9iaCXLrPLib576jx5bffhOjw9uAwic32EkSA6pag/0?wx_fmt=jpeg,,否,1,否,100001,939,2156,84
2022-02-24,2月24日0-14时深圳新增8例病例，在隔离观察的密接者和重点区域筛查中发现,http://mp.weixin.qq.com/s?__biz=MzIxNDA0MTExMg==&mid=2652148727&idx=1&sn=3abbb202afd18c14c18fad1dbcd6af0d&chksm=8c4da480bb3a2d961005cc2951cdc797e60b39c2e4f11ae901fe2957b4999294e635aba7407f&scene=27#wechat_redirect,猪脚饭已退出深圳流调,,http://mmbiz.qpic.cn/mmbiz_jpg/N5niatN9B18zDnqrROZbN1cgs5RkmJoj7SGB7QHQ1oIUtxiba5XBOOBvsc2RPkm2Y3vjNObrEYwfU6CSxCEpfjZQ/0?wx_fmt=jpeg,,否,1,否,100001,2699,6597,94
2022-02-24,通告！深圳南山在招商街道划定封控、管控和防范区域,http://mp.weixin.qq.com/s?__biz=MzIxNDA0MTExMg==&mid=2652148671&idx=1&sn=331209c2b98e1199824f2b99c63ef6e5&chksm=8c4da4c8bb3a2dde40f5a00d02b85a7004facda61d314e70f6925887727631cd3f742e9a35eb&scene=27#wechat_redirect,这群聊我不想加入啊！,,http://mmbiz.qpic.cn/mmbiz_jpg/N5niatN9B18zDnqrROZbN1cgs5RkmJoj7ZZB0vSfEmHAIUcGrWQG9wTfSc97Mp95gLadA5ibHxXvHbchW982ibYYA/0?wx_fmt=jpeg,,否,1,否,100001,1466,3335,87
2022-02-24,2月23日深圳新增8例本土确诊病例和1例无症状感染者，新增20例境外输入确诊病例和7例无症状感染者,http://mp.weixin.qq.com/s?__biz=MzIxNDA0MTExMg==&mid=2652148656&idx=1&sn=91acc525d21e7d08fa35fff25bb9a50c&chksm=8c4da4c7bb3a2dd1a9852eaea04bb03f2ecf133361b44a0622bde1a3dc1b9e851426bec39c56&scene=27#wechat_redirect,既不敢躺平，，又不想站着,,http://mmbiz.qpic.cn/mmbiz_jpg/N5niatN9B18zDnqrROZbN1cgs5RkmJoj7hP8rUtlicepdeKkVEFII1g0gCribfk1ic93cX90iaxWmNWCLoEF3RKX0rA/0?wx_fmt=jpeg,,否,1,否,100001,1163,2429,90
2022-02-24,深圳福田深夜3连！划定封控、管控和防范区域,http://mp.weixin.qq.com/s?__biz=MzIxNDA0MTExMg==&mid=2652148584&idx=1&sn=84bd9aa7d462896653961c0abefd4f1f&chksm=8c4da41fbb3a2d09bda4c5fccb03fc393261babf4867dddeb0c41190fa20c75a80b287242e72&scene=27#wechat_redirect,我想出去打工！,,http://mmbiz.qpic.cn/mmbiz_jpg/N5niatN9B18zmSF8RKSe7ialchk9NoB2LZW66TV5bu1V0PX10TeQQJkWHA0IibJMhHJvicA4hYKWDcxLJRobfCOQww/0?wx_fmt=jpeg,,否,1,否,100001,2038,4467,95
2022-02-24,深圳新增9例病例，在集中隔离观察的密接者和重点区域核酸筛查中发现,http://mp.weixin.qq.com/s?__biz=MzIxNDA0MTExMg==&mid=2652148572&idx=1&sn=b03fd6039c3695e1efdb080f7f37813e&chksm=8c4da42bbb3a2d3d562fecdae8bf067da747e63c6119f32076d02c07bee95ab670d1b38bae93&scene=27#wechat_redirect,别慌，我们一起撑,,http://mmbiz.qpic.cn/mmbiz_jpg/N5niatN9B18zmSF8RKSe7ialchk9NoB2LZGQ3ESh6FXAIgt3zHWV6lZ6Nl9QiaicW3TLVIvCo5ibnR8KA1FEjTPUo0Q/0?wx_fmt=jpeg,,否,1,否,100001,2256,5022,95
2022-02-23,注意！深圳这些公交线路临时调整、停运！,http://mp.weixin.qq.com/s?__biz=MzIxNDA0MTExMg==&mid=2652148565&idx=1&sn=0d425bf1cc3a3421b60f655a034d2c01&chksm=8c4da422bb3a2d34e7bbf7ba5fafa4d4a8c9e3e48183454b01180606c6c6923e3bef34c76d63&scene=27#wechat_redirect,不是吧阿sir，，我踩共享单车的哦,,http://mmbiz.qpic.cn/mmbiz_jpg/N5niatN9B18zmSF8RKSe7ialchk9NoB2LZzoYdHBnibgial2iaudic5aaGrQ6yHKSUbTbpLIIaErAm7VUguIn1MWNibow/0?wx_fmt=jpeg,,否,1,否,100001,1399,3641,93
2022-02-23,通告！龙岗坂田调整封控、管控和防范区域,http://mp.weixin.qq.com/s?__biz=MzIxNDA0MTExMg==&mid=2652148502&idx=2&sn=cc407f55605101befb15da822acf3f6b&chksm=8c4da461bb3a2d771575ad4fb16cdc21b5522c9075c6fab4a6907c9ae224e1fe5e67e9b8f48e&scene=27#wechat_redirect,还好是缩小范围,,http://mmbiz.qpic.cn/mmbiz_jpg/N5niatN9B18zmSF8RKSe7ialchk9NoB2LZ8N1LTyqjOibRWeWuXUPNfQQk5yElNR4Z4LWJRlgencsekgsR5XUdW9Q/0?wx_fmt=jpeg,,否,2,否,100001,388,926,95
2022-02-23,2月23日，深圳口岸检测出18名跨境货车司机核酸阳性,http://mp.weixin.qq.com/s?__biz=MzIxNDA0MTExMg==&mid=2652148502&idx=1&sn=266b22cd41e3c5a2e50510570cf235f2&chksm=8c4da461bb3a2d773aaafbf9ba0b3746d2a597a176ac5edb11087c50ab5aa3801dcfa3f1aa65&scene=27#wechat_redirect,留给对面的跨境司机不多了😭,,http://mmbiz.qpic.cn/mmbiz_jpg/N5niatN9B18zmSF8RKSe7ialchk9NoB2LZ5cqWDSbIIkfxV01B69YH0yhTL9Yeibbpa1T88tM52h53MRfNTk6yFbg/0?wx_fmt=jpeg,,否,1,否,100001,1062,2491,95
2022-02-23,深圳龙岗警方最新通报！,http://mp.weixin.qq.com/s?__biz=MzIxNDA0MTExMg==&mid=2652148484&idx=2&sn=8be77b261df3b85d86f2fdc257a6254a&chksm=8c4da473bb3a2d650beb35c7be1808a4dd52262b40a2128bd9ba9a1797218345ace05ce60654&scene=27#wechat_redirect,给爷整无语😓辣,,http://mmbiz.qpic.cn/mmbiz_jpg/N5niatN9B18zmSF8RKSe7ialchk9NoB2LZd1OSTmBDGNicUSKCtUqtNcuiaAvPI5uZk2odw6HaOWqiaHfFhib09DY1uQ/0?wx_fmt=jpeg,,否,2,否,100001,558,1581,52
2022-02-23,2月22日深圳新增7例本土确诊病例和1例新冠病毒无症状感染者，新增17例境外输入确诊病例,http://mp.weixin.qq.com/s?__biz=MzIxNDA0MTExMg==&mid=2652148484&idx=1&sn=daa8e24f3bca4e8f59e60e29303029c5&chksm=8c4da473bb3a2d65fa43cf05ad1a428bb49a4d9bb1282c4ca5b58c34991d30667c76e591f5e0&scene=27#wechat_redirect,在？cpdd,,http://mmbiz.qpic.cn/mmbiz_jpg/N5niatN9B18zmSF8RKSe7ialchk9NoB2LZFeu33MJ6CylhN928pU4QBe9tuMibZHia0HBKt8zTthfq8a0CRmdP40iaw/0?wx_fmt=jpeg,,否,1,否,100001,1073,2367,96
2022-02-23,深圳罗湖一地升为中风险！桂园街道划定封控区、管控区和防范区,http://mp.weixin.qq.com/s?__biz=MzIxNDA0MTExMg==&mid=2652148420&idx=2&sn=687800891bc3077636a10a35630234cd&chksm=8c4da5b3bb3a2ca5a5ccbafcccb2e66b15c41ef778c8ed31e2c4e7e10a7d97468b6c99faec11&scene=27#wechat_redirect,罗湖挺住,,http://mmbiz.qpic.cn/mmbiz_jpg/N5niatN9B18yGfCVwM0arNd15mrvshfr97wibSyKUictEuEIrprBURePzlqrpmGdSaCeMQ1PGLYdhO4FpvC1Bxq6g/0?wx_fmt=jpeg,,否,2,否,100001,300,778,77
2022-02-23,深圳福田连发3通告！划定封控、管控和防范区域,http://mp.weixin.qq.com/s?__biz=MzIxNDA0MTExMg==&mid=2652148420&idx=1&sn=a961cd3fb3e427436600de08efc2cf16&chksm=8c4da5b3bb3a2ca51319f7f2d2186595101faa5eaae28836940fa2bbe4271aadf9e5c2ed1e9b&scene=27#wechat_redirect,福田挺住！,,http://mmbiz.qpic.cn/mmbiz_jpg/N5niatN9B18yGfCVwM0arNd15mrvshfr9WU6zoHvDqGLzcP04V6hEYUcRglRqWLGykIfTt8TpRHkbrX3Eic4NLuw/0?wx_fmt=jpeg,,否,1,否,100001,1034,2503,96
2022-02-23,深圳新增8例病例，在集中隔离的密接者、重点人群和重点区域核酸筛查中发现,http://mp.weixin.qq.com/s?__biz=MzIxNDA0MTExMg==&mid=2652148370&idx=1&sn=0b31ad49bcc33d04521a9a3f9d7c8f40&chksm=8c4da5e5bb3a2cf39d4c29983d9c7516750d4ce730ddb040dab6d0f34b94190b6f9aee876b7a&scene=27#wechat_redirect,天佑深圳！,,http://mmbiz.qpic.cn/mmbiz_jpg/N5niatN9B18yGfCVwM0arNd15mrvshfr9Jj9MfoLjxibf6DJIALWmw7ImfZBWP0z1DfsxWFPGD6sLA4HdjRqFjEA/0?wx_fmt=jpeg,,否,1,否,100001,2665,6389,91
2022-02-22,康泰疫苗第3针开打！预约前，先搞清这2点！,http://mp.weixin.qq.com/s?__biz=MzIxNDA0MTExMg==&mid=2652148337&idx=1&sn=988bc21bfa9f084c92bea8de7d014ebe&chksm=8c4da506bb3a2c10d67a3fcba44522c763c40ebf316380c8e159a8b5a9fde55ac738537518e4&scene=27#wechat_redirect,就问第4针啥时候来？,,http://mmbiz.qpic.cn/mmbiz_jpg/N5niatN9B18yGfCVwM0arNd15mrvshfr9qJ81gKkayhelhmia6dHmOTG3DCtdFa8JiarDrbRCqDDEqFxAibbLEPN4w/0?wx_fmt=jpeg,,否,1,否,100001,1345,3332,96
2022-02-22,出入“标配”48小时核酸证明！深圳罗湖发布通告,http://mp.weixin.qq.com/s?__biz=MzIxNDA0MTExMg==&mid=2652148319&idx=1&sn=837d515d70ddb1ae6c26b1e8e9b5086e&chksm=8c4da528bb3a2c3e32cca69b3bbd2e91c29e7f2607ed73f2c77d4a579362c88f513d06b30d5c&scene=27#wechat_redirect,好冷,,http://mmbiz.qpic.cn/mmbiz_jpg/N5niatN9B18yGfCVwM0arNd15mrvshfr97S8nibd4q8N4JVJjo0KBHBNJtwgzXwD8nN9vTzfYjNKAjoEJgq7wKTA/0?wx_fmt=jpeg,,否,1,否,100001,1790,4725,96
2022-02-22,2月22日，深圳口岸检测出24名跨境货车司机核酸阳性,http://mp.weixin.qq.com/s?__biz=MzIxNDA0MTExMg==&mid=2652148312&idx=2&sn=bee6fc5c4694375b11f253e6fd72eb8d&chksm=8c4da52fbb3a2c3928c19ac022800c9420e83df5d088d221ce2a05fed5dac5b0975ef81c95a1&scene=27#wechat_redirect,稳住别慌！,,http://mmbiz.qpic.cn/mmbiz_jpg/N5niatN9B18yGfCVwM0arNd15mrvshfr93Pxib8hIgI7b2p7SqxoN8M1QYrI55fYXqTXvZWqTicb6Gnn75ib0gt9ng/0?wx_fmt=jpeg,,否,2,否,100001,464,941,52
2022-02-22,全区这些场所暂停开放！深圳福田发布最新通告,http://mp.weixin.qq.com/s?__biz=MzIxNDA0MTExMg==&mid=2652148312&idx=1&sn=3db8f286f459449c425624a7c23c5403&chksm=8c4da52fbb3a2c39020a1cf5b0f7eca5d0520c1d07eace82537f734a2494b887c008c67b7009&scene=27#wechat_redirect,这天气在家睡觉不香吗,,http://mmbiz.qpic.cn/mmbiz_jpg/N5niatN9B18yGfCVwM0arNd15mrvshfr9MeubXkE3OXibRMhOgDSZDByiaQ1MTRpHyRHjgh4gFdhpFbAEdUjMcUdg/0?wx_fmt=jpeg,,否,1,否,100001,1121,2667,95
2022-02-22,深圳南山警方最新通报！,http://mp.weixin.qq.com/s?__biz=MzIxNDA0MTExMg==&mid=2652148267&idx=1&sn=62819c872c7cb4b02d83e5d6e1dea7fc&chksm=8c4da55cbb3a2c4a3a35c058ebef3d636b6baa64a61252331bebe68984dbba8f91cc50c8cf61&scene=27#wechat_redirect,不造谣不传谣,,http://mmbiz.qpic.cn/mmbiz_jpg/N5niatN9B18yGfCVwM0arNd15mrvshfr9xsWmwNS6JA6wziaknHK5NAhvhLiagVLHnnJNcWQ0jYYhaFIP9G8teNng/0?wx_fmt=jpeg,,否,1,否,100001,1443,3678,98
2022-02-22,2月21日深圳新增3例本土确诊病例，新增11例境外输入确诊病例和5例无症状感染者,http://mp.weixin.qq.com/s?__biz=MzIxNDA0MTExMg==&mid=2652148257&idx=1&sn=8a6bfa846fe297000725fbc6072559af&chksm=8c4da556bb3a2c403617e28561863d6cfe7be735aa4ea3971c83cd5d92dad268c6671df42eb5&scene=27#wechat_redirect,久等了哈～,,http://mmbiz.qpic.cn/mmbiz_jpg/N5niatN9B18yGfCVwM0arNd15mrvshfr9HtfSZyrLYbZzf7DXfNDZrTQd7Ik4nvkPPGlOoFGviaHpt9rlbjumTsA/0?wx_fmt=jpeg,,否,1,否,100001,999,2285,94
2022-02-22,深圳罗湖在桂园街道划定封控区、管控区和防范区,http://mp.weixin.qq.com/s?__biz=MzIxNDA0MTExMg==&mid=2652148232&idx=1&sn=9ebb0e6c72c7cf38843a7593f33fc1b1&chksm=8c4da57fbb3a2c690ede4aaba8f0e8bc59b67ce4bd8fd254a8bd52acdb1c38d85f62a981909f&scene=27#wechat_redirect,睡觉！,,http://mmbiz.qpic.cn/mmbiz_jpg/N5niatN9B18zZ8hDgRuEsy6Renzk70iaocI7l8ibJTe1URWXpYXtaAjDjiaHD9V1PlFibRXMEm3xaYibH0ib4VdHvsmFA/0?wx_fmt=jpeg,,否,1,否,100001,1349,3345,99
2022-02-22,通告！深圳福田划分下列封控区、管控区、防范区,http://mp.weixin.qq.com/s?__biz=MzIxNDA0MTExMg==&mid=2652148231&idx=1&sn=4da416644c58f86ede179e1bb82fd8ef&chksm=8c4da570bb3a2c66682794f0f394ec58cecd5228f3be27a76e76a49f22ce53c67d1c17761c3d&scene=27#wechat_redirect,月亮睡了我不睡，再看一眼卫宝贝,,http://mmbiz.qpic.cn/mmbiz_jpg/N5niatN9B18zZ8hDgRuEsy6Renzk70iaocIibj3VcD0v7geSJv9mUr0JtZefdtErtSPXDmGGmY4BiagYL65vW2zCiaQ/0?wx_fmt=jpeg,,否,1,否,100001,1130,2706,97
2022-02-22,深圳新增3例确诊病例，在集中隔离的密接者和主动核酸检测中发现,http://mp.weixin.qq.com/s?__biz=MzIxNDA0MTExMg==&mid=2652148221&idx=1&sn=3a7b056b269ec9e8688496bfa686ee50&chksm=8c4da68abb3a2f9c1c30b3105341fa10b6fedec13c351370c3346cd18a8812d0e873bd9f4f02&scene=27#wechat_redirect,蹲一个雨过天晴,,http://mmbiz.qpic.cn/mmbiz_jpg/N5niatN9B18zZ8hDgRuEsy6Renzk70iaocVK6s9yfaQgicmoiaWX9HOcIWR6UDcKNOGsAISKkvRwicCepic5X6KCbRjw/0?wx_fmt=jpeg,,否,1,否,100001,1690,4014,93
2022-02-21,7℃深圳街头，被这些测核酸画面整破防了！致敬雨夜的深圳医护,http://mp.weixin.qq.com/s?__biz=MzIxNDA0MTExMg==&mid=2652148206&idx=1&sn=3397fdb42ee84dfc6ed602fccfc8b30c&chksm=8c4da699bb3a2f8fd264b3e2d4c1d4a54a8c800852d10201ba9de4426effcdd34b0f92d16e82&scene=27#wechat_redirect,谢谢你！,,http://mmbiz.qpic.cn/mmbiz_jpg/N5niatN9B18zZ8hDgRuEsy6Renzk70iaocFyyLvyibER7ptWriaI0mJQU5328Vr9JhxBDwEJibN1WvfzbCqN1bsw7rA/0?wx_fmt=jpeg,,否,1,否,100001,3677,10762,96
2022-02-21,2月21日，深圳口岸检测出11名跨境货车司机核酸阳性,http://mp.weixin.qq.com/s?__biz=MzIxNDA0MTExMg==&mid=2652148075&idx=1&sn=f012dc7dafd825d14c02aa13385be50a&chksm=8c4da61cbb3a2f0a9ce4b9769436e2d5feefaac7f08e56a01f7c613e641dc21bc2e78eaf407e&scene=27#wechat_redirect,期待春暖花开，再无新增,,http://mmbiz.qpic.cn/mmbiz_jpg/N5niatN9B18zZ8hDgRuEsy6Renzk70iaocnNiaKsP3pj6WZquEPUNyhJDPaCdsibwvGK5SAIcWD3yHlsdYnX3eQxbA/0?wx_fmt=jpeg,,否,1,否,100001,1118,2436,97
2022-02-21,通告！深圳国际会展中心部分区域将临时作为宝安区跨境货物运输一级接驳点,http://mp.weixin.qq.com/s?__biz=MzIxNDA0MTExMg==&mid=2652148069&idx=1&sn=57f32a907b542234d0536954183d538c&chksm=8c4da612bb3a2f04f6e407e6ad69729c7f20432d734d963f203f2188d3551523154fac6b5bf1&scene=27#wechat_redirect,多读书少八卦，多看阿卫少吃瓜,,http://mmbiz.qpic.cn/mmbiz_jpg/N5niatN9B18zZ8hDgRuEsy6Renzk70iaocZAmmZneD14VkYjrztCZOkm5C5RKk5kGfrXTEOEyJOCRHmoU3oL1KwQ/0?wx_fmt=jpeg,,否,1,否,100001,844,2055,94
2022-02-21,通告！深圳南山蛇口街道划封相关区域,http://mp.weixin.qq.com/s?__biz=MzIxNDA0MTExMg==&mid=2652148053&idx=1&sn=60ca9d9a441a054a8eaaa2140fb2624e&chksm=8c4da622bb3a2f341b6e937192ed0231568abf25acd4503f1dc0e5c4820ae82b4a086395bde0&scene=27#wechat_redirect,分不清是雨水还是泪水,,http://mmbiz.qpic.cn/mmbiz_jpg/N5niatN9B18zZ8hDgRuEsy6Renzk70iaociaTQEthlKpWSIeodCA2SMTT9OLVruib8jSJr8sqNdeibiaqLTbkQrkFKiaA/0?wx_fmt=jpeg,,否,1,否,100001,1683,3746,86
2022-02-21,2月20日深圳新增6例本土确诊病例和1例无症状感染者，新增8例境外输入确诊病例和2例无症状感染者,http://mp.weixin.qq.com/s?__biz=MzIxNDA0MTExMg==&mid=2652148034&idx=1&sn=64bd1706d451cc80b4bd20096fa0e506&chksm=8c4da635bb3a2f2372d0e41fe23926e15cbc6c5547e848fa76c856da3cdcf0b0ed9e5f3e8693&scene=27#wechat_redirect,好冷啊，为什么还要上班,,http://mmbiz.qpic.cn/mmbiz_jpg/N5niatN9B18zZ8hDgRuEsy6Renzk70iaocc6y7InfOqkkaGaczWc3MmRrictEia2Jy2m1icWaNDFakzZ0ibIETib1gGsw/0?wx_fmt=jpeg,,否,1,否,100001,1304,2905,97
2022-02-21,通告！深圳罗湖笋岗街道划封相关区域,http://mp.weixin.qq.com/s?__biz=MzIxNDA0MTExMg==&mid=2652148017&idx=1&sn=90c6d3ddd809d5c88838f52bd5722ac2&chksm=8c4da646bb3a2f509610917685da0e5b1abd3bcec1c123f044f4b27c4eaffacf9b80ce470935&scene=27#wechat_redirect,这大半夜的,,http://mmbiz.qpic.cn/mmbiz_jpg/N5niatN9B18zgsIByHQCxicmSAfaichJEBJ32ZKmEBFTziapLWFzw2IA3sCsu49PwNH7Z7KLjYMVQNGMVfK0qthjtQ/0?wx_fmt=jpeg,,否,1,否,100001,1781,4098,94
2022-02-21,深圳新增7例病例，在管控中的密接者和重点人群筛查中发现,http://mp.weixin.qq.com/s?__biz=MzIxNDA0MTExMg==&mid=2652148009&idx=1&sn=85d288b2deb86f939de98434829346c2&chksm=8c4da65ebb3a2f48daa2f4ccf99bf75d4529978acd4f5e5fa591ac7ee07e13fce393f90e9d81&scene=27#wechat_redirect,喜欢卫总的不准时吗？,,http://mmbiz.qpic.cn/mmbiz_jpg/N5niatN9B18zgsIByHQCxicmSAfaichJEBJHnbuR9dzn6sa9aPdJpAPic4AeY9EaicHgEBrxXWsh6hyXcibgR3icQaPCw/0?wx_fmt=jpeg,,否,1,否,100001,3474,8138,94
2022-02-20,深圳市委最新部署：科学精准坚决果断处置多点散发疫情,http://mp.weixin.qq.com/s?__biz=MzIxNDA0MTExMg==&mid=2652148001&idx=1&sn=cc5205aee246fd0d836a7623684409fd&chksm=8c4da656bb3a2f40d713de5bc756cfbf287eec83137828bca7f926dca54592dddd8df780d61f&scene=27#wechat_redirect,多图预警,,http://mmbiz.qpic.cn/mmbiz_jpg/N5niatN9B18zgsIByHQCxicmSAfaichJEBJxdfkPUNYuXpgxrPRYI7LicXm8Z8nIjxBHicPArTqQ9ECJuRkpk1Uic1ng/0?wx_fmt=jpeg,,否,1,否,100001,1396,3511,85
2022-02-20,通告！深圳罗湖东门街道调整防范区范围,http://mp.weixin.qq.com/s?__biz=MzIxNDA0MTExMg==&mid=2652147975&idx=1&sn=720203fddb4de1aa837efd9df1ca7ffa&chksm=8c4da670bb3a2f6618224a67857854a45d3b39dcadfe5b3a8859f84c08d6c6f4af79d6270b8c&scene=27#wechat_redirect,范围缩小,,http://mmbiz.qpic.cn/mmbiz_jpg/N5niatN9B18zgsIByHQCxicmSAfaichJEBJpH77ic7pjJjYLCbxvjgBLDet8jmQsY2dztykkE7QjgT4kxyPcnPJBBQ/0?wx_fmt=jpeg,,否,1,否,100001,1815,4037,94
2022-02-20,2月20日，深圳口岸检测出7名跨境货车司机核酸阳性,http://mp.weixin.qq.com/s?__biz=MzIxNDA0MTExMg==&mid=2652147947&idx=1&sn=78a8ed8b1e7d59ef649d74a5e44d41b2&chksm=8c4da79cbb3a2e8a7a45f82657989bdb456ee31af9f4a22785a1fb7b36745a70064a28eeeec6&scene=27#wechat_redirect,🥶🥶🥶,,http://mmbiz.qpic.cn/mmbiz_jpg/N5niatN9B18zgsIByHQCxicmSAfaichJEBJrKsOzPicatyfnCldRUpo0RMENnHO0JdRW67d0VibDkPbWVr9Ars6yDQw/0?wx_fmt=jpeg,,否,1,否,100001,1409,3163,95
2022-02-20,2月19日深圳新增8例本土确诊病例，新增13例境外输入确诊病例和2例无症状感染者,http://mp.weixin.qq.com/s?__biz=MzIxNDA0MTExMg==&mid=2652147938&idx=1&sn=d878b20332c96ce8ba8370f92f1eae4f&chksm=8c4da795bb3a2e834b5cd9e089dce6966d15a850e9e64a3c6b12e2c0e83c2b9a92caf2344872&scene=27#wechat_redirect,来了,,http://mmbiz.qpic.cn/mmbiz_jpg/N5niatN9B18zgsIByHQCxicmSAfaichJEBJ4B1F9KOn7gAGoPr0WxvvgY2eFQ5bTgtEmwNzsggjOEoQY9yK4GlGxw/0?wx_fmt=jpeg,,否,1,否,100001,953,2117,85
2022-02-20,“解封了！想疯了！”深夜舞狮欢呼，石岩人的快乐又回来了,http://mp.weixin.qq.com/s?__biz=MzIxNDA0MTExMg==&mid=2652147877&idx=1&sn=2feed8584d9620b4d8afb144a900131d&chksm=8c4da7d2bb3a2ec4526f8dca9ce2ed72b9d816464eb39656a198a4038c7ea4320a500b9f8720&scene=27#wechat_redirect,摩拳擦掌等搞钱！,宝安日报,http://mmbiz.qpic.cn/mmbiz_jpg/N5niatN9B18zgsIByHQCxicmSAfaichJEBJhRqPu3h40VgwZtOEWL0l7B4D4FbKwibhe2WjVjYq97AN3jVa9mWoz1Q/0?wx_fmt=jpeg,,否,1,否,100001,1232,3171,97
2022-02-20,深圳新增8例确诊病例，在管控中的密接者和重点人群筛查中发现,http://mp.weixin.qq.com/s?__biz=MzIxNDA0MTExMg==&mid=2652147662&idx=1&sn=46bfb1d0a12745a5ca2061d9ee8d6b0d&chksm=8c4db8b9bb3a31af6cc6f1d01fd25a494ad7f659b22d9af40050a1a74c9d631739f3edc721e7&scene=27#wechat_redirect,别慌,,http://mmbiz.qpic.cn/mmbiz_jpg/N5niatN9B18yq3sEIGcgNbZROratFEBTe5M8nerM5lRW0s7pPWM3r714nmYLI8gaTlgTtZA9ib79lj2PrThQgRqg/0?wx_fmt=jpeg,,否,1,否,100001,3055,6595,90
2022-02-19,深圳宝安石岩街道两地降为低风险！相关区域解封,http://mp.weixin.qq.com/s?__biz=MzIxNDA0MTExMg==&mid=2652147638&idx=1&sn=aa044c95d8a8268ee6a10c8d10b61453&chksm=8c4db8c1bb3a31d79bf69c843da63e3d325745210875341016fd7393332a96f31cdf40f1e821&scene=27#wechat_redirect,真解封了！,,http://mmbiz.qpic.cn/mmbiz_jpg/N5niatN9B18yq3sEIGcgNbZROratFEBTeibJsU4n16gojEuhMkEPich63o5GDKABopNpztx1uiajlPqTuZcayIVWlQ/0?wx_fmt=jpeg,,否,1,否,100001,2039,5023,95
2022-02-19,2月19日，深圳口岸检测出11名跨境货车司机核酸检测阳性,http://mp.weixin.qq.com/s?__biz=MzIxNDA0MTExMg==&mid=2652147612&idx=1&sn=8ed725ccb90651a0c1caf8d827e89185&chksm=8c4db8ebbb3a31fd43a18d3970bb8092a2e00306693f989b2cea4bc106587e6363490e05a06b&scene=27#wechat_redirect,深港一家亲，，珍惜这份情,,http://mmbiz.qpic.cn/mmbiz_jpg/N5niatN9B18yq3sEIGcgNbZROratFEBTeUV6GTrX2poObCmNKTsWb7Y80H7wX3J9CehQUdYpm2hglicXfS1n42Uw/0?wx_fmt=jpeg,,否,1,否,100001,1058,2272,79
2022-02-19,深圳龙岗坂田街道划封相关区域！附5条服务热线,http://mp.weixin.qq.com/s?__biz=MzIxNDA0MTExMg==&mid=2652147602&idx=1&sn=44bdf488aae7e454a9527b1fe1197f1b&chksm=8c4db8e5bb3a31f3de975855232e8d877a32bf33405c5be9b70d38bd16988f6b4395db078a48&scene=27#wechat_redirect,打不了工的人生还有什么意义,,http://mmbiz.qpic.cn/mmbiz_jpg/N5niatN9B18yq3sEIGcgNbZROratFEBTehOOvzoY1mo0wnHoG11hZbC6eGPUlDDC5rwP9wSjy8aciaOvvXbCFnKg/0?wx_fmt=jpeg,,否,1,否,100001,1204,2603,91
2022-02-19,深圳市龙岗区两地划为中风险地区！,http://mp.weixin.qq.com/s?__biz=MzIxNDA0MTExMg==&mid=2652147586&idx=1&sn=c379aa1b5dc1297b1d6004eca023fa59&chksm=8c4db8f5bb3a31e34f7b3d5f7d7bd648f364cc78c53581e80a3a9081655076d85ccce6e10f7f&scene=27#wechat_redirect,坂田本命年？,,http://mmbiz.qpic.cn/mmbiz_jpg/N5niatN9B18xp4sNZBJyBR96k2wIsDyrQZMgJVVSaQMezQZpl2Rtjy0H9VF3ejGQ02KSynsWwUmrAibKnrZTSwrA/0?wx_fmt=jpeg,,否,1,否,100001,1829,4213,93
2022-02-19,2月18日深圳新增3例本土确诊病例，11例境外输入确诊病例和2例无症状感染者,http://mp.weixin.qq.com/s?__biz=MzIxNDA0MTExMg==&mid=2652147580&idx=1&sn=e81e984c1592f0c7d243f20078a01745&chksm=8c4db80bbb3a311d12e87afdef2dbc94d24d8ea7097d18c9783bfa7f969500146c2d512955d9&scene=27#wechat_redirect,落来做核酸啦,,http://mmbiz.qpic.cn/mmbiz_jpg/N5niatN9B18yq3sEIGcgNbZROratFEBTehN4TDiaOwhNdkDiaoOIPD67aic28YHUvH94UJId3f9Ypyeh6EFXmJfrwA/0?wx_fmt=jpeg,,否,1,否,100001,1183,2475,92
2022-02-19,深圳新增3例确诊病例，在集中隔离观察人员和主动核酸检测中发现,http://mp.weixin.qq.com/s?__biz=MzIxNDA0MTExMg==&mid=2652147553&idx=1&sn=93a72071c8e8a3ba2716cb2ca394393a&chksm=8c4db816bb3a31005dd7c81f7a33b65489b398c857847b77600150f71bc8f436a340049a2617&scene=27#wechat_redirect,给我一个0，，可以不可以,,http://mmbiz.qpic.cn/mmbiz_jpg/N5niatN9B18xp4sNZBJyBR96k2wIsDyrQJNDvFTrhFWvDR1IhTOehg6L4BsH0qUOcia6ibFagCnRk4RFWop6Tyg6Q/0?wx_fmt=jpeg,,否,1,否,100001,3095,6869,95
2022-02-18,2月18日，深圳口岸检测出10名跨境货车司机核酸阳性,http://mp.weixin.qq.com/s?__biz=MzIxNDA0MTExMg==&mid=2652147492&idx=1&sn=1daf610e7765d1e0c244a16827e792b6&chksm=8c4db853bb3a3145307615485d08719acfa7d729513472f0f0fea13cfd85e1648cd0f447b4e6&scene=27#wechat_redirect,心态稳住！,,http://mmbiz.qpic.cn/mmbiz_jpg/N5niatN9B18xp4sNZBJyBR96k2wIsDyrQMVC84Fr0Ayvfhx71MtXVyK42ib373IwlH6Y3JEcM2eNpN5NSHxBnaMQ/0?wx_fmt=jpeg,,否,1,否,100001,1199,2421,83
2022-02-18,事关中小学幼儿园返校时间！高三学生2月21日返校,http://mp.weixin.qq.com/s?__biz=MzIxNDA0MTExMg==&mid=2652147484&idx=1&sn=e462b2b8f2c419becdfbb9dbcf26a499&chksm=8c4db86bbb3a317df24efca7fc815ae9b2521a138fc0483c4c7b7151549d4fca467eba298a7c&scene=27#wechat_redirect,炸锅,,http://mmbiz.qpic.cn/mmbiz_jpg/N5niatN9B18xp4sNZBJyBR96k2wIsDyrQNqFUoQtnRYlDicjxSggvroh4WGsGe4WJJqcH4WibtgODiaOvewsHNTh2w/0?wx_fmt=jpeg,,否,1,否,100001,1536,3246,92
2022-02-18,1个月内，深圳清水河这里2次“被封”！打工人太难了,http://mp.weixin.qq.com/s?__biz=MzIxNDA0MTExMg==&mid=2652147472&idx=1&sn=d713cd72c5c684bc422842c67f590927&chksm=8c4db867bb3a3171f30ce7ba8e0dd0b9255499c8087b150d38c6e95338487fc3558ef45e204f&scene=27#wechat_redirect,比如他们,深小卫,http://mmbiz.qpic.cn/mmbiz_jpg/N5niatN9B18xp4sNZBJyBR96k2wIsDyrQ32z6eyBibZRmC3Xh4ldFkea5CSP8yUp4Yx0vwqH85BAVoBUz6rSO1pg/0?wx_fmt=jpeg,,否,1,否,100001,2393,6013,98
2022-02-18,2月17日深圳新增3例本土确诊病例，新增3例境外输入确诊病例和3例无症状感染者,http://mp.weixin.qq.com/s?__biz=MzIxNDA0MTExMg==&mid=2652147423&idx=1&sn=61e6f9c507ef4735955b3f13bbb6ce47&chksm=8c4db9a8bb3a30be00cab2411c38c24c986038c478e33c3ca22a0441c300b2ca0ff29e7c60b9&scene=27#wechat_redirect,当然是开心最重要啊！,,http://mmbiz.qpic.cn/mmbiz_jpg/N5niatN9B18xp4sNZBJyBR96k2wIsDyrQoK4iaaWfNNRPsteHdBwjAVianu9c2t9YEnCJpaZG9sD3iaSYvmvl68JIg/0?wx_fmt=jpeg,,否,1,否,100001,965,2142,96
2022-02-17,深圳市宝安区石岩街道两地降为低风险！,http://mp.weixin.qq.com/s?__biz=MzIxNDA0MTExMg==&mid=2652147370&idx=1&sn=519031e2b7132a62700f301a7ba92812&chksm=8c4db9ddbb3a30cb0501a3781ae7a6d2e7f79773861af4603e8b8e5b28cd18d2e78e41975994&scene=27#wechat_redirect,来了来了！,,http://mmbiz.qpic.cn/mmbiz_jpg/N5niatN9B18xYeWZtBNt0s0VSsqC5gYSPJYGUjUPewm1F53vTDibn8MWuVRiaVK9ibwMMqvtQHFJYss5NouCKmQLew/0?wx_fmt=jpeg,,否,1,否,100001,1640,4170,96
2022-02-17,深圳新增3例确诊病例，均在集中隔离观察人员中发现,http://mp.weixin.qq.com/s?__biz=MzIxNDA0MTExMg==&mid=2652147342&idx=1&sn=03fbacebc2df385c6aed5a26389e1ca4&chksm=8c4db9f9bb3a30efaa56aa6145c1a5d8eff2db91948962c2c26f8855ca4705bd676862aaa45d&scene=27#wechat_redirect,keep住绿码,,http://mmbiz.qpic.cn/mmbiz_jpg/N5niatN9B18xYeWZtBNt0s0VSsqC5gYSPuD5D9icUJvoy51tgUdTeqy3GZjibmP4HoPicbGYnmmn3RwKDAibxrk2XDg/0?wx_fmt=jpeg,,否,1,否,100001,1606,3595,93
2022-02-17,2月17日，深圳口岸检测出11名跨境货车司机核酸阳性,http://mp.weixin.qq.com/s?__biz=MzIxNDA0MTExMg==&mid=2652147268&idx=1&sn=be27a25d0f539c38d47b2c517977bf8f&chksm=8c4db933bb3a3025045a00cb5a8900704b83209a4b139d9b9397ae958cc86c1a6326d193533e&scene=27#wechat_redirect,“罩”顾好自己,,http://mmbiz.qpic.cn/mmbiz_jpg/N5niatN9B18xYeWZtBNt0s0VSsqC5gYSP5dUOcW2WUd7VSry9v2QE9njxq6qOmRiavrjEOHAdngfllNUB18sK21g/0?wx_fmt=jpeg,,否,1,否,100001,1042,2104,79
2022-02-17,2月16日深圳新增6例本土确诊病例和2例本土无症状感染者，新增4例境外输入确诊病例,http://mp.weixin.qq.com/s?__biz=MzIxNDA0MTExMg==&mid=2652147173&idx=1&sn=6abae239cb4de3d116c3c848bb207aa1&chksm=8c4dba92bb3a3384a238084588768c3cd734a269c38067686f83fba15759a8f6ad80a92f397e&scene=27#wechat_redirect,再也不想吃疫情的苦了,,http://mmbiz.qpic.cn/mmbiz_jpg/N5niatN9B18xYeWZtBNt0s0VSsqC5gYSP8CUtK1sZiaSXzgwGyXAVFDlRicjia0hwvFSicVpxBL4iabuEhCGibU1SSK9Q/0?wx_fmt=jpeg,,否,1,否,100001,1246,2587,94
2022-02-17,通告！福田区沙头街道划封相关区域,http://mp.weixin.qq.com/s?__biz=MzIxNDA0MTExMg==&mid=2652147149&idx=1&sn=35a2838b721a7069537b7785cbc2ddb9&chksm=8c4dbababb3a33ac5b5a9ffdb93744b1a017e815de5586a1947d52b0fc268587c1de5f79b199&scene=27#wechat_redirect,今晚风好大，我的泪根本不用擦,,http://mmbiz.qpic.cn/mmbiz_jpg/N5niatN9B18xGzC9VzQAtxGTdrjKoJhsmics1WYfkvlaP9Do8jJ0lUFiaMqjkNDbHn5BAVibBTgOd98sIBRibu1k7rw/0?wx_fmt=jpeg,,否,1,否,100001,2275,5050,97
2022-02-17,深圳新增8例病例，在集中隔离观察人员和主动核酸检测中发现,http://mp.weixin.qq.com/s?__biz=MzIxNDA0MTExMg==&mid=2652147148&idx=1&sn=32b91c7490905abbf1835c0677d48b11&chksm=8c4dbabbbb3a33ad054aa69954ba5b87823db84a3d29cab209e88d5afe0e079d8a69a5b2d57a&scene=27#wechat_redirect,稳住！我们能赢！,,http://mmbiz.qpic.cn/mmbiz_jpg/N5niatN9B18xGzC9VzQAtxGTdrjKoJhsmzFv3UDvdukNdrNJpuZh9qk9v5ibhSfCGn07WHZvnxsKeLe6QoKic0UhA/0?wx_fmt=jpeg,,否,1,否,100001,3461,6689,91
2022-02-16,2月16日，深圳口岸检测出8名跨境货车司机核酸阳性,http://mp.weixin.qq.com/s?__biz=MzIxNDA0MTExMg==&mid=2652147078&idx=1&sn=83e3aff272ea1e63a4c7140950609e35&chksm=8c4dbaf1bb3a33e7c0177bb71208011641327be973b61606360a0fdc0e5ae4d779a67d83cab5&scene=27#wechat_redirect,别增了求求了,,http://mmbiz.qpic.cn/mmbiz_jpg/N5niatN9B18xGzC9VzQAtxGTdrjKoJhsmBE0DDXQib6roaBGRsRbwfK8IG25vu2J2WyI5ytic6BaBL3NxkYgDQ0kA/0?wx_fmt=jpeg,,否,1,否,100001,872,1851,79
2022-02-16,世卫组织：奥密克戎亚变体毒株BA.2更易传播,http://mp.weixin.qq.com/s?__biz=MzIxNDA0MTExMg==&mid=2652147070&idx=1&sn=3fd3d1fec58bdf1c68aed7d8676282bf&chksm=8c4dba09bb3a331f6ed88390b18d17dd8e96c32d52167bc9879c38e7abad8dd8bdd359d791c8&scene=27#wechat_redirect,别再增了！,,http://mmbiz.qpic.cn/mmbiz_jpg/N5niatN9B18xGzC9VzQAtxGTdrjKoJhsmRFWFhXcRgAGF6qzRPjlfEiaUjhicARQxnd7a44tRU4egJax0XuRc37WA/0?wx_fmt=jpeg,,否,1,否,100001,1064,2151,98
2022-02-16,2月15日深圳新增3例本土确诊病例和8例境外输入确诊病例,http://mp.weixin.qq.com/s?__biz=MzIxNDA0MTExMg==&mid=2652147061&idx=1&sn=9ad7cbdd3ab81e78cef7b203dfb967fa&chksm=8c4dba02bb3a3314b241524f56185e61597bc652828c923c14f2d3390539a7a1444749d39c5f&scene=27#wechat_redirect,葬爱家族深圳分会成员都有！，撑东门，撑青春！,深小卫,http://mmbiz.qpic.cn/mmbiz_jpg/N5niatN9B18wa61jEqITia9X59ycU4jqG9VFfibMbp14XngceASzzFm7AFbQ023sjlicGkEQbrwBlDICfCdoK9ONeA/0?wx_fmt=jpeg,,否,1,否,100001,1039,2258,95
2022-02-16,深圳市罗湖区这个商业区划为中风险！,http://mp.weixin.qq.com/s?__biz=MzIxNDA0MTExMg==&mid=2652147043&idx=1&sn=2443abf212a3a49142d4c4710c831706&chksm=8c4dba14bb3a33021b1e0022bfaa849301d0f8597a41e0cbf7e3f32a3d16b076c81e47202ebb&scene=27#wechat_redirect,病毒也来闹元宵,,http://mmbiz.qpic.cn/mmbiz_jpg/N5niatN9B18wa61jEqITia9X59ycU4jqG9pqqhic7ey29Bb73ASQMs49wuO5MDP5IqaR7zBg739C9hXuRqvRuRdYw/0?wx_fmt=jpeg,,否,1,否,100001,1410,2982,97
2022-02-15,深圳新增3例确诊病例，在集中隔离观察人员和重点人员例行核酸检测中发现,http://mp.weixin.qq.com/s?__biz=MzIxNDA0MTExMg==&mid=2652147013&idx=1&sn=2f00f0cd870f0cec7c25deac02339886&chksm=8c4dba32bb3a33249ec7f48be91845ee140d564d42fa7ab46d6edc249755a8f63655607ede06&scene=27#wechat_redirect,希望过了元宵新冠别再来撩,,http://mmbiz.qpic.cn/mmbiz_jpg/N5niatN9B18wa61jEqITia9X59ycU4jqG99USteaXgBEYbErsgrnxLKzCJafCHIHyfJp9bknlOFElnzE3nssaSaA/0?wx_fmt=jpeg,,否,1,否,100001,1675,3534,96
2022-02-15,2月15日，深圳口岸检测出12名跨境货车司机核酸阳性,http://mp.weixin.qq.com/s?__biz=MzIxNDA0MTExMg==&mid=2652146973&idx=1&sn=a6f4a72c654027efffa54588cfbfc7b0&chksm=8c4dba6abb3a337ce717060c5e1a1fa45e0b2f19ab4406126f3136ec2cdde68fd2272402aad5&scene=27#wechat_redirect,别再增了！！！,,http://mmbiz.qpic.cn/mmbiz_jpg/N5niatN9B18wa61jEqITia9X59ycU4jqG9e4Z89iciaBKORNPOkYYFFgy4liaiasWbCCqT0QGsK5qoGCNk5CIGSjKZ0Q/0?wx_fmt=jpeg,,否,1,否,100001,742,1476,87
2022-02-15,“注册几家皮包公司，我骗到了生育津贴719万！”,http://mp.weixin.qq.com/s?__biz=MzIxNDA0MTExMg==&mid=2652146962&idx=1&sn=ddee3d34451dd75e0b5665b062c46523&chksm=8c4dba65bb3a3373bf17f7fb36184dbe9a3ac69f37982b800fb90a4786ef991ddd8e5a86837a&scene=27#wechat_redirect,赚钱的法子，写在刑法里了,,http://mmbiz.qpic.cn/mmbiz_jpg/N5niatN9B18wa61jEqITia9X59ycU4jqG9XfVonofNxMTLIApCn2nNtTRHQZWPcl3Y9OVpiciaib09aia4w6PH9LdTrg/0?wx_fmt=jpeg,,否,1,否,100001,768,1909,96
2022-02-15,2月14日深圳新增2例本土确诊病例，新增5例境外输入确诊病例,http://mp.weixin.qq.com/s?__biz=MzIxNDA0MTExMg==&mid=2652146898&idx=1&sn=fd16d13cc53417f2b799fdd5f74534e3&chksm=8c4dbba5bb3a32b3aef41a20eef38c62967060cf08b4c7c748ab18cbd3c11b27e3537676e71f&scene=27#wechat_redirect,一些众所周知的原因，，我起晚了,,http://mmbiz.qpic.cn/mmbiz_jpg/N5niatN9B18wa61jEqITia9X59ycU4jqG9bXponC0iaqQUYGwZsvsocxDTUO4j5ItFXqJ6icnQpibzmEiaD4hxBjicwUA/0?wx_fmt=jpeg,,否,1,否,100001,726,1583,96
2022-02-15,深圳市宝安区一地降为低风险地区！,http://mp.weixin.qq.com/s?__biz=MzIxNDA0MTExMg==&mid=2652146877&idx=1&sn=412f0ff27ca9b5729dc5b3c90f4fb248&chksm=8c4dbbcabb3a32dcb175a579a92f113b809e19b462b2fb0bf8475e33ad29b66f2b92db8a305f&scene=27#wechat_redirect,除了我谁都配不上你,,http://mmbiz.qpic.cn/mmbiz_jpg/N5niatN9B18xsXCN1wI55hoibOnXbfWRYPXiad12ha1P4RnGPfibOZic7omqmJFicun65OwEtfLehFNnAbibgEbEdU7tQ/0?wx_fmt=jpeg,,否,1,否,100001,1181,2751,96
2022-02-14,一图读懂避孕方式,http://mp.weixin.qq.com/s?__biz=MzIxNDA0MTExMg==&mid=2652146865&idx=1&sn=d12b453d3dd170ebfa57572b9c724f5a&chksm=8c4dbbc6bb3a32d0fadb8a2581a82488f626ea51dec8413c54aba50cb0cff82e776017f840c6&scene=27#wechat_redirect,不看1个月后必后悔,,http://mmbiz.qpic.cn/mmbiz_jpg/N5niatN9B18xsXCN1wI55hoibOnXbfWRYPFM1zqrKiaN5zDUAiaGicKLAydmq2USzoPQQQatHAaesGaZBfX2gPOz9TA/0?wx_fmt=jpeg,,否,1,否,100001,1063,3789,96
2022-02-14,深圳新增2例确诊病例，为入境旅客隔离酒店工作人员,http://mp.weixin.qq.com/s?__biz=MzIxNDA0MTExMg==&mid=2652146864&idx=1&sn=4bc93a3dbd0719993eec8bc2146a754c&chksm=8c4dbbc7bb3a32d1d4725d4b7cbb3be344d093b922de1d80dfb17dabaf2489f462db1e4b1a77&scene=27#wechat_redirect,孤寡孤寡孤寡,,http://mmbiz.qpic.cn/mmbiz_jpg/N5niatN9B18xsXCN1wI55hoibOnXbfWRYPc5dkTQHFnQ5Yh2nRgGxje0Kkzcrtge6KvDkJTKwOuDQanghdtSUOyQ/0?wx_fmt=jpeg,,否,1,否,100001,1158,3912,96
2022-02-14,深圳口岸又检测出12名跨境货车司机核酸阳性,http://mp.weixin.qq.com/s?__biz=MzIxNDA0MTExMg==&mid=2652146859&idx=1&sn=4f23063e8eb44701386e8e4b60e4dcf5&chksm=8c4dbbdcbb3a32caf9bbc2a8fa74b4c51241371ce173be31ad69a1fe8acc179e955c43afb52d&scene=27#wechat_redirect,大过节的,,http://mmbiz.qpic.cn/mmbiz_jpg/N5niatN9B18xsXCN1wI55hoibOnXbfWRYP7Rmmu0uuf2uDbujdFFHhbrtpjia1TrqOBhpAUZ2JicicPRfaICm7Ucb0Q/0?wx_fmt=jpeg,,否,1,否,100001,528,1104,95
2022-02-14,2月13日深圳新增1例本土确诊病例，新增境外输入8例确诊病例和1例无症状感染者,http://mp.weixin.qq.com/s?__biz=MzIxNDA0MTExMg==&mid=2652146778&idx=1&sn=8c937ea03c72771472a4d17c6f22da02&chksm=8c4dbb2dbb3a323b5259d5c757e54fee66922f0a5ae5de4df144b49ef0d51add6ade87d84133&scene=27#wechat_redirect,别人今晚下班：约酒店，，而我今晚下班：约核酸,,http://mmbiz.qpic.cn/mmbiz_jpg/N5niatN9B18xsXCN1wI55hoibOnXbfWRYPRSIVhh0o9s7Mp0LpJia2VoQia1LvGJzyP6zlF25ZenicTaliaFgsbhh0ibg/0?wx_fmt=jpeg,,否,1,否,100001,1090,2541,100
2022-02-13,最新通告！龙岗区坂田街道相关区域解除管控,http://mp.weixin.qq.com/s?__biz=MzIxNDA0MTExMg==&mid=2652146744&idx=1&sn=fb983897edf6b015902ecb6d4faf6a40&chksm=8c4dbb4fbb3a32592f7a208f9c9faae5777510a1b0264efe0a61d4a99e8b12828a5ad37da0a8&scene=27#wechat_redirect,爱了爱了,,http://mmbiz.qpic.cn/mmbiz_jpg/N5niatN9B18wQv577wTXN41HhK0YdVy9ALs81qghiaX6EQbYgcPzOamMyrspLpdSqwlDNjV20YWRCYs1ZdATILww/0?wx_fmt=jpeg,,否,1,否,100001,968,2192,92
2022-02-13,深圳口岸又检出6名跨境货车司机核酸阳性,http://mp.weixin.qq.com/s?__biz=MzIxNDA0MTExMg==&mid=2652146731&idx=1&sn=ff85bbaf8a69fdf831f159a884805275&chksm=8c4dbb5cbb3a324a4eff4d770ee635c4bacaa38acb9a654f51c502f3d554c008bd0cba9cbec5&scene=27#wechat_redirect,打工人打工魂,,http://mmbiz.qpic.cn/mmbiz_jpg/N5niatN9B18wQv577wTXN41HhK0YdVy9AdicX8XT2ZG7kOfMtnTHr11JnabIIY5ZibHXZl3aLQGe2GyrSguCibTTFQ/0?wx_fmt=jpeg,,否,1,否,100001,622,1226,89
2022-02-13,深圳新增1例确诊病例，为入境旅客隔离酒店工作人员,http://mp.weixin.qq.com/s?__biz=MzIxNDA0MTExMg==&mid=2652146709&idx=1&sn=b31012f984e98115b2794822c1e027a8&chksm=8c4dbb62bb3a32741c7b9e1c32e9a3710b84d4c8fe4ef85b9c191107def199934f9b63cb2ac0&scene=27#wechat_redirect,不求对象只求0新增！,,http://mmbiz.qpic.cn/mmbiz_jpg/N5niatN9B18wQv577wTXN41HhK0YdVy9APCmKfSuqwxDicTD4YbC6W1peX7K386opR5rJJtPYuK9rZqEhV6OyiceA/0?wx_fmt=jpeg,,否,1,否,100001,1139,2422,88
2022-02-13,年后的深圳人：人在工位，魂在床位,http://mp.weixin.qq.com/s?__biz=MzIxNDA0MTExMg==&mid=2652146689&idx=1&sn=d5bb127376a3d6aa31801d5a504de4bf&chksm=8c4dbb76bb3a3260d7c10255c8445877708d344f1f31e546618d4c843cf64a0acb260a5ea2bf&scene=27#wechat_redirect,别问，问就是还在倒时差,林大发,http://mmbiz.qpic.cn/mmbiz_jpg/N5niatN9B18wQv577wTXN41HhK0YdVy9ABZGUDsE3hYJfiaVm8kkH8SgQsZ3nTZhcVR1cIBrRor89WFNo1HqLfNg/0?wx_fmt=jpeg,,否,1,否,100001,834,1904,98
2022-02-13,手术的时候，麻醉医生对你做了什么？,http://mp.weixin.qq.com/s?__biz=MzIxNDA0MTExMg==&mid=2652146687&idx=1&sn=0eb9aff9b1b38de5527007d1780267e0&chksm=8c4dbc88bb3a359ecb39f708104dc9833a8a9326a44fada2522e4144f95da47a311bba8aabe0&scene=27#wechat_redirect,先给你搞昏，然后做些酱酱酿酿的事情,刚睡醒的,http://mmbiz.qpic.cn/mmbiz_jpg/N5niatN9B18wQv577wTXN41HhK0YdVy9AUzHv19NtlnpO4e4barFKNdJf8fibfXetD1S2H0GSEckEFdb2xRByzxA/0?wx_fmt=jpeg,https://mp.weixin.qq.com/mp/appmsgalbum?action=getalbum&amp;album_id=1467216198848036864&amp;__biz=MzA3MzIxMDkzOA==#wechat_redirect,否,1,否,100001,1558,4052,99
2022-02-13,2月12日深圳新增1例本土确诊病例和9例境外输入确诊病例,http://mp.weixin.qq.com/s?__biz=MzIxNDA0MTExMg==&mid=2652146526&idx=1&sn=e8010960fd47f047254026efabcc80b6&chksm=8c4dbc29bb3a353fe5043145db68b5a9abf497721a89e77a2f0974c738d7027de46e880cc680&scene=27#wechat_redirect,我命由我不由病毒！,,http://mmbiz.qpic.cn/mmbiz_jpg/N5niatN9B18wQv577wTXN41HhK0YdVy9AXkoiaYE5HKHKrVFD1fPEBG1J8cBPyEapKwZgsWG7uQywBFd2cbic9YZg/0?wx_fmt=jpeg,,否,1,否,100001,845,1923,94
2022-02-12,又有4名跨境货车司机核酸阳性！深圳口岸最新提示,http://mp.weixin.qq.com/s?__biz=MzIxNDA0MTExMg==&mid=2652146507&idx=1&sn=c9753d1788f10e97b519fbe25255fadd&chksm=8c4dbc3cbb3a352a23538dd5685d92945f3351fd53e97e7cc4ce01321628df74cf6ba4c3fc8e&scene=27#wechat_redirect,稳住！,,http://mmbiz.qpic.cn/mmbiz_jpg/N5niatN9B18yMwGDLAu28Z5qaBID9A7icOkU2piaKBhibKGecXic5SJjpa6sOw4pNgtZsOibZVCCK4g6wJtjODYtP0FQ/0?wx_fmt=jpeg,,否,1,否,100001,803,1729,89
2022-02-12,深圳新增1例确诊病例，为香港跨境货车内地接驳司机,http://mp.weixin.qq.com/s?__biz=MzIxNDA0MTExMg==&mid=2652146498&idx=1&sn=7e88bd6c2f0e3c2797cbe998826192c5&chksm=8c4dbc35bb3a3523245e38438df07db40798b277f19fec3d9abaf392389ff0261b9d69dde3cd&scene=27#wechat_redirect,不指望爱情也别给我来疫情,,http://mmbiz.qpic.cn/mmbiz_jpg/N5niatN9B18yMwGDLAu28Z5qaBID9A7icO0dst7vyk5szazSo9CowPQQXwkX0ic3EicbdxFsiclnSrqOutjU1lHFS1w/0?wx_fmt=jpeg,,否,1,否,100001,1271,2665,94
2022-02-12,疫情前和疫情后的深圳人，被这11张图整破防了！,http://mp.weixin.qq.com/s?__biz=MzIxNDA0MTExMg==&mid=2652146477&idx=1&sn=5da255870eddf259630a620902123e7f&chksm=8c4dbc5abb3a354c78380584ddb857b0c4666f037a8031e1115779bc60763e652bb5576f9253&scene=27#wechat_redirect,别说了已经开始哭了,打咩,http://mmbiz.qpic.cn/mmbiz_jpg/N5niatN9B18yMwGDLAu28Z5qaBID9A7icOLOFfuiapbqMaUKsFu33w3Q4MQkGmOpXTXYQowovWicmLNSxpQIyibzTHw/0?wx_fmt=jpeg,,否,1,否,100001,1885,4430,97
2022-02-12,2月11日深圳无本土新增病例！新增11例境外输入确诊病例和2例无症状感染者,http://mp.weixin.qq.com/s?__biz=MzIxNDA0MTExMg==&mid=2652146470&idx=1&sn=a753e100a4f316e0bd418921acb5cdf4&chksm=8c4dbc51bb3a35479447c5c73f044c9551331c885516608969e72222c7367d31f85dc637fc1f&scene=27#wechat_redirect,还不约我？你可真沉得住气,,http://mmbiz.qpic.cn/mmbiz_jpg/N5niatN9B18yMwGDLAu28Z5qaBID9A7icON6HLkMp0co3bMBXIlb4ZyAJ2wmFd1pylks72ibB6hxOVyjLvHVMc1Eg/0?wx_fmt=jpeg,,否,1,否,100001,556,1323,83
2022-02-11,2月11日深圳无新增本土病例！又有4名跨境货车司机核酸阳性,http://mp.weixin.qq.com/s?__biz=MzIxNDA0MTExMg==&mid=2652146416&idx=1&sn=806d913924fd22ad97f80b030d1bbe4a&chksm=8c4dbd87bb3a3491801813b4ff0a1a87f9aa52f9e708558f8f2914c5ff6e9bdfd643ed302960&scene=27#wechat_redirect,谈恋爱吗？生三胎那种,,http://mmbiz.qpic.cn/mmbiz_jpg/N5niatN9B18yCcJbibC1znticK3QHTPNO2ZOelVTL1WWtSDR6t0dvAgXLhtrGQGRJEHRpXnaiaa9sjxnfuxrpbjgQA/0?wx_fmt=jpeg,,否,1,否,100001,1023,2320,98
2022-02-11,上班时间测核酸，被扣了工资？这8道“护薪符”给老板亮一下,http://mp.weixin.qq.com/s?__biz=MzIxNDA0MTExMg==&mid=2652146292&idx=1&sn=80ebc1ff0ee9464f74cb24664a94147e&chksm=8c4dbd03bb3a34157fc4849456afe62b31c0e0deced3af98198ed990f29a16e00c5f0a25906a&scene=27#wechat_redirect,别人的工资叫工资，我的工资叫低保,,http://mmbiz.qpic.cn/mmbiz_jpg/N5niatN9B18yCcJbibC1znticK3QHTPNO2ZKFt2f6DicWkNICo9aHA76gIsn56Jn1zliabkmjK9WdibMHog8czZVWJvw/0?wx_fmt=jpeg,,否,1,否,100001,1412,3228,92
2022-02-11,2月10日深圳无本土新增病例！新增4例境外输入确诊病例和1例无症状感染者,http://mp.weixin.qq.com/s?__biz=MzIxNDA0MTExMg==&mid=2652146271&idx=1&sn=93e1942b648e0eeacc927b358cc297e8&chksm=8c4dbd28bb3a343e3366e791dc9ac7853f812cbe7f0b6d65a4330303cae4ecb2c6dc88191d52&scene=27#wechat_redirect,距离情人节还有3天,,http://mmbiz.qpic.cn/mmbiz_jpg/N5niatN9B18yCcJbibC1znticK3QHTPNO2ZUBYibnFd8lBbDBIluRH6tibbVAXq3vicibvOibyxDwv4zxjmNF9rAS4ehWg/0?wx_fmt=jpeg,,否,1,否,100001,580,1346,82
2022-02-11,739个核酸采样点任选！不想排长队，出发前看完这4点,http://mp.weixin.qq.com/s?__biz=MzIxNDA0MTExMg==&mid=2652146190&idx=1&sn=79b560c820fb7b091415c9786cc2c43b&chksm=8c4dbd79bb3a346f390f7aa0efa253c4da591690fdec84e01fc7bb8370ba4d5991985dd37d4e&scene=27#wechat_redirect,找不到honey可以，搞不到money不行,,http://mmbiz.qpic.cn/mmbiz_jpg/N5niatN9B18w9rTYkjPXlqoZibxRGzpWibaBBymQYlSzFbHIvpBicxKDJgmLWl51vaBzo7r8aSXAkrYJjia9glAj4Tg/0?wx_fmt=jpeg,,否,1,否,100001,813,1957,97
2022-02-10,支援广西百色，深圳10辆负压救护车出发！,http://mp.weixin.qq.com/s?__biz=MzIxNDA0MTExMg==&mid=2652146179&idx=1&sn=7a801dcb3541cd0dc9a045eff67b18c2&chksm=8c4dbd74bb3a3462f96119e232c84a94159f1b900d9508b44c7b0866676f36bba66d9a6d0092&scene=27#wechat_redirect,百色芒果挺住！,,http://mmbiz.qpic.cn/mmbiz_jpg/N5niatN9B18w9rTYkjPXlqoZibxRGzpWiba1JueXu5onIfYAHPvAVzB0MR2aAphnRiavsib8oxCZmB67EEN5FicBNC1Q/0?wx_fmt=jpeg,,否,1,否,100001,4357,13585,94
2022-02-10,2月10日深圳本土无新增！又有2名跨境货车司机核酸阳性,http://mp.weixin.qq.com/s?__biz=MzIxNDA0MTExMg==&mid=2652146111&idx=1&sn=ed044044921df06c85dfcea08defe3ba&chksm=8c4dbec8bb3a37de82c5ada3b5a2a2793ed46bc414dec8f984f9835cf81414d04678492006d5&scene=27#wechat_redirect,给我稳住啊,,http://mmbiz.qpic.cn/mmbiz_jpg/N5niatN9B18w9rTYkjPXlqoZibxRGzpWibaicW1fiaqcBmduo3PfkxEtMhDR3tCvHkkGzzgAEGc7UiajBNnVhTIiaqqqQ/0?wx_fmt=jpeg,,否,1,否,100001,729,1729,89
2022-02-10,春节7天，深圳274人喝到叫急救！这5种人千万别劝喝！,http://mp.weixin.qq.com/s?__biz=MzIxNDA0MTExMg==&mid=2652146051&idx=1&sn=56936310e08f2d6b66f2360493921aa4&chksm=8c4dbef4bb3a37e2fa7a6f7792c722a5228f6af0e0cb7d06426b491bad1ef7a2b61b5ec1629f&scene=27#wechat_redirect,不喝！,,http://mmbiz.qpic.cn/mmbiz_jpg/N5niatN9B18w9rTYkjPXlqoZibxRGzpWibaZIE7TKXn7B7SgxJgjEX9T41wf3IDOTxwKDcIgeZRTwhKSGsqhxuCUw/0?wx_fmt=jpeg,,否,1,否,100001,1060,2093,97
2022-02-10,2月9日深圳无本土新增病例！新增1例境外输入确诊病例,http://mp.weixin.qq.com/s?__biz=MzIxNDA0MTExMg==&mid=2652145937&idx=1&sn=d65d0ffe9b9c5634163bee56ca72f20c&chksm=8c4dbe66bb3a3770e9a3bbb5c9cc0bb82691a2a5251ff42fd055b1bd91712337b985bb631f2e&scene=27#wechat_redirect,是谁在摸鱼我不说,,http://mmbiz.qpic.cn/mmbiz_jpg/N5niatN9B18w9rTYkjPXlqoZibxRGzpWibaXhOibibLaJlsY5GlUyzXNqLsWKpzJ6SY355Cicxz24ib2dYZpcaEObbdqw/0?wx_fmt=jpeg,,否,1,否,100001,905,2998,95
2022-02-09,2月9日深圳本土无新增！616个核酸采样点实时更新,http://mp.weixin.qq.com/s?__biz=MzIxNDA0MTExMg==&mid=2652145902&idx=1&sn=187a69e2a3797911516dd49e1618c789&chksm=8c4dbf99bb3a368f2575c0de1717611333c204d5c80a0e6f98f9f5966a8a99d39e145bee7c12&scene=27#wechat_redirect,还有2天又周末,,http://mmbiz.qpic.cn/mmbiz_jpg/N5niatN9B18wudJ8MZMvRlLhVjJbcicaPc6LQc9p6KvLGAmYfUFBMic3DocO5NwB0gS9zhzpQUdvO6MlYIJf8yeDA/0?wx_fmt=jpeg,,否,1,否,100001,1130,2746,98
2022-02-09,15717位集美中签！深圳2月九价HPV疫苗摇号出炉,http://mp.weixin.qq.com/s?__biz=MzIxNDA0MTExMg==&mid=2652145893&idx=1&sn=0b2fa93b203ac8fb14c44f0f3ff06dcc&chksm=8c4dbf92bb3a36847e8aba967c67f3c0af6e216147907cd42a8b553a9ea4d7d84f500e12a1c3&scene=27#wechat_redirect,进来找名字！,,http://mmbiz.qpic.cn/mmbiz_jpg/N5niatN9B18wudJ8MZMvRlLhVjJbcicaPcCic1LekEicQPK6ulBYvnBA5v6z6cTfwRlAkqPSUaWzLgmSXoFdPO9vYg/0?wx_fmt=jpeg,,否,1,否,100001,483,1097,96
2022-02-09,又有2名跨境货车司机核酸阳性！深圳口岸发布预约提示,http://mp.weixin.qq.com/s?__biz=MzIxNDA0MTExMg==&mid=2652145862&idx=1&sn=a37f66cdf035c9b043d161f84f30337c&chksm=8c4dbfb1bb3a36a7cf92688d9b6cf37ce7a74653e6d89910007bf09c99daf7c89686706beea3&scene=27#wechat_redirect,唔使担心冇问题噶！,,http://mmbiz.qpic.cn/mmbiz_jpg/N5niatN9B18wudJ8MZMvRlLhVjJbcicaPcIPXevVk9hZjBDmPwN2XLFLCGU8xpx4oF3OwjZY8xZemrPX9HVKLqQg/0?wx_fmt=jpeg,,否,1,否,100001,648,1447,93
2022-02-09,今起，暂停入境邮件快件派送！深圳罗湖发布通知,http://mp.weixin.qq.com/s?__biz=MzIxNDA0MTExMg==&mid=2652145844&idx=1&sn=3271366efe163d0da2e204299fca9049&chksm=8c4dbfc3bb3a36d56beba5dcc79470a913cecf62c03f76ea0065b952d924ca9f58396ab7904e&scene=27#wechat_redirect,还可以拆三袋、四袋,,http://mmbiz.qpic.cn/mmbiz_jpg/N5niatN9B18wudJ8MZMvRlLhVjJbcicaPcjicFAQCey9ibACqtKibUckoJPmIDhKErxUZCtPbMXvkknKNsydvrkEpCg/0?wx_fmt=jpeg,,否,1,否,100001,805,1935,86
2022-02-09,2月8日深圳无本土新增病例！新增7例境外输入确诊病例,http://mp.weixin.qq.com/s?__biz=MzIxNDA0MTExMg==&mid=2652145825&idx=1&sn=e992360003b1d6bc805990f0ded7883c&chksm=8c4dbfd6bb3a36c0cf93f1382962b3ccb9818d7010c8adece4d7061eee4d17072a2c0c8a5258&scene=27#wechat_redirect,上班第3天，工作进度：0,,http://mmbiz.qpic.cn/mmbiz_jpg/N5niatN9B18wudJ8MZMvRlLhVjJbcicaPcrWEuIgegXicXk3CRqncDj3iclLj6lRT46VdIJNOpSf493uWXYJ1gVUTA/0?wx_fmt=jpeg,,否,1,否,100001,573,1235,92
2022-02-08,2月8日深圳本土无新增！病例1-16均为奥密克戎,http://mp.weixin.qq.com/s?__biz=MzIxNDA0MTExMg==&mid=2652145800&idx=1&sn=1bb50a8ef947172f384dc07fa6d775ff&chksm=8c4dbfffbb3a36e997f8a0b3ee7dce88c95ed8c3e6f0d391b9e7bd4cae3209891bab6ba19407&scene=27#wechat_redirect,别人18：冬奥冠军，，我的18：冬眠冠军,,http://mmbiz.qpic.cn/mmbiz_jpg/N5niatN9B18xr9W49XWjB3ISGacovjJVLlhOY4U7FEdMv1uOVlUqVZbBsawj5iaIhl87B06Zwg77fFajMdWTDibgA/0?wx_fmt=jpeg,,否,1,否,100001,1538,3686,86
2022-02-08,有多少年轻人对砂糖橘上瘾？,http://mp.weixin.qq.com/s?__biz=MzIxNDA0MTExMg==&mid=2652145782&idx=1&sn=8bca34cb3107ed29e8548bd946a9200b&chksm=8c4dbf01bb3a3617eced9024033ec92e3041a09955cc596edb03a862a8e0eca1f4ef32f00dda&scene=27#wechat_redirect,我上瘾了,小肥良,http://mmbiz.qpic.cn/mmbiz_jpg/N5niatN9B18xr9W49XWjB3ISGacovjJVLtYBggDWxJF77RTm7mjPEzu8LIN9HcQn4Zhlnky8icYLibTgYETibVt3wA/0?wx_fmt=jpeg,,否,1,否,100001,1150,2598,100
2022-02-08,5名跨境货车司机核酸阳性！深圳口岸发布提醒,http://mp.weixin.qq.com/s?__biz=MzIxNDA0MTExMg==&mid=2652145650&idx=1&sn=50f1c772add49097da9e7cabbd5b0251&chksm=8c4db085bb3a399301758e3287fd15a8a4f8227ec5efa50d6821ab73fa2aa5992604ac05d8ca&scene=27#wechat_redirect,捅完喉咙再上车！,,http://mmbiz.qpic.cn/mmbiz_jpg/N5niatN9B18xr9W49XWjB3ISGacovjJVLvV0z4vj1NLctmx9WuASq6UeciarT1Xk8ehZfT9UxULjMVhXdFPFrr2A/0?wx_fmt=jpeg,,否,1,否,100001,1212,2603,98
2022-02-08,事关复工复产！深圳宝安区发布提醒,http://mp.weixin.qq.com/s?__biz=MzIxNDA0MTExMg==&mid=2652145644&idx=1&sn=5d43e1d5828b8f5df10f141b3fd57282&chksm=8c4db09bbb3a398dbcd3d2eed8bbc2c0a87b78fab92c5a05c5cb32dee4a9172e6928699c2c21&scene=27#wechat_redirect,老家的牛已吹完，，速回搞钱！,,http://mmbiz.qpic.cn/mmbiz_jpg/N5niatN9B18xr9W49XWjB3ISGacovjJVLJaVptsYz6mdKs4oq302B4VRsNPpj17KQWb8AKeKb3fv5PXP5hvTk7g/0?wx_fmt=jpeg,,否,1,否,100001,895,1972,94
2022-02-08,2月7日深圳无本土新增病例！新增2例境外输入确诊病例和1例无症状感染者,http://mp.weixin.qq.com/s?__biz=MzIxNDA0MTExMg==&mid=2652145621&idx=1&sn=61b0618f6761b60dc381485cb99f0d00&chksm=8c4db0a2bb3a39b434f977e24b40bcc75b5f4b0111322cc93132293cf27827a5e8e825785afc&scene=27#wechat_redirect,进来领对象,,http://mmbiz.qpic.cn/mmbiz_jpg/N5niatN9B18xr9W49XWjB3ISGacovjJVLvFTRJOBvqSEWiahV1oM2vQ6vyPABa0CWIsOGLgUglcyE9hvtooH6jvA/0?wx_fmt=jpeg,,否,1,否,100001,609,1363,96
2022-02-07,2月7日深圳本土无新增病例！抵深后24小时内要测一次核酸,http://mp.weixin.qq.com/s?__biz=MzIxNDA0MTExMg==&mid=2652145589&idx=1&sn=582ac1a486be408896a017a2e926c024&chksm=8c4db0c2bb3a39d46f68b64231582fcd2e800a93ab22d5064777fa60acaf88e76998e41c7d23&scene=27#wechat_redirect,k皮i进度+1,,http://mmbiz.qpic.cn/mmbiz_jpg/N5niatN9B18xia8d5S5hsmvXibic18T9HdL4KGI1pRI6GNzDWxFYfmRPBWFCb96FicLmxXPje14F30dAPPgmhESibn8Q/0?wx_fmt=jpeg,,否,1,否,100001,1346,3002,93
2022-02-07,中小学幼儿园2月21日开学！深圳市疫情防控指挥部发布通告,http://mp.weixin.qq.com/s?__biz=MzIxNDA0MTExMg==&mid=2652145532&idx=1&sn=f1a1a1d2f4cf2ee678f0f9d44466ac33&chksm=8c4db00bbb3a391d8bc53c8535d57a35ff016be537432df0151c233df6f76fa5584d3c681805&scene=27#wechat_redirect,吃块shi力架，让我来点劲,,http://mmbiz.qpic.cn/mmbiz_jpg/N5niatN9B18xia8d5S5hsmvXibic18T9HdL4b9nNXfZibpOmNEhMuYLYQ1DKTPyE6aLTZxkkK59SUicCKc7FhnHUqZrw/0?wx_fmt=jpeg,,否,1,否,100001,1915,4007,92
2022-02-07,深圳疾控提醒：1月27日以来有广西百色旅居史的人员请报备,http://mp.weixin.qq.com/s?__biz=MzIxNDA0MTExMg==&mid=2652145520&idx=1&sn=a41fa674b02e340d06eaa3c99fad60c1&chksm=8c4db007bb3a3911295955d9339410cafc9fce41c55c91729575c2eb2a15b099747778a45ab7&scene=27#wechat_redirect,先报备！再摸鱼！,,http://mmbiz.qpic.cn/mmbiz_jpg/N5niatN9B18xia8d5S5hsmvXibic18T9HdL4IIIgicnlJaicYv8afHiaavaIjIs8nuq6tWVdRFWicgOYKQHbAmibB3Ues0g/0?wx_fmt=jpeg,,否,1,否,100001,1350,3079,92
2022-02-07,深圳宝安通告：封控管控区范围调整！这些地方只进不出，车辆禁止通行,http://mp.weixin.qq.com/s?__biz=MzIxNDA0MTExMg==&mid=2652145511&idx=1&sn=e666e95254b428105574d52d12391cc2&chksm=8c4db010bb3a3906a0417c6981a2198f53666ecebc37782b4384476529c331a8ab943e08e911&scene=27#wechat_redirect,嘴上打鸡血手里在摸鱼,,http://mmbiz.qpic.cn/mmbiz_jpg/N5niatN9B18xia8d5S5hsmvXibic18T9HdL46ggtLaz8I3yvC8T6cB3HMGybPwQgMTTdu0UHghHyeN86m7oWb1MSaA/0?wx_fmt=jpeg,,否,1,否,100001,998,2288,94
2022-02-07,深圳宝安两地划为中风险地区,http://mp.weixin.qq.com/s?__biz=MzIxNDA0MTExMg==&mid=2652145492&idx=1&sn=5bcce73c5f0995b34f92067945750be9&chksm=8c4db023bb3a39352d87a586cf37c611ce445d3835f69b3265cc2985a7112a1b0e586c9a21fb&scene=27#wechat_redirect,开工第一天不要太兴奋！，保持安全距离！,,http://mmbiz.qpic.cn/mmbiz_jpg/N5niatN9B18xia8d5S5hsmvXibic18T9HdL4vf5ayNjBMEQjNC98R6nqLtxaLf4vbGI2F8OibgOr7nn7F4ERNTPLw3g/0?wx_fmt=jpeg,,否,1,否,100001,1445,3158,91
2022-02-07,2月6日深圳新增3例本土确诊病例！粤港跨境司机凭24小时内核酸证明入境,http://mp.weixin.qq.com/s?__biz=MzIxNDA0MTExMg==&mid=2652145481&idx=1&sn=93aded534d70c41c14da706d7c8ecff3&chksm=8c4db03ebb3a3928aef0e1550f41abd69512e738385fdf778ab1f31dfa629dd93a103b81a6ef&scene=27#wechat_redirect,都逗了多少利是？,,http://mmbiz.qpic.cn/mmbiz_jpg/N5niatN9B18xia8d5S5hsmvXibic18T9HdL44rIwkqSJZlf7DmrPkCnkyfjvddwVvE3NbXyA6F9MHibEfrUvbVHElzw/0?wx_fmt=jpeg,,否,1,否,100001,826,1773,94
2022-02-07,2月6日深圳新增3例确诊病例，累计16例！均在密接者和重点人群中发现,http://mp.weixin.qq.com/s?__biz=MzIxNDA0MTExMg==&mid=2652145459&idx=1&sn=63febf1177cd17e21e5d03bf34b6e221&chksm=8c4db044bb3a395294015447cbb598ab70a2c8589c087b1a43440557d9aba25b37e3dea0296b&scene=27#wechat_redirect,求逆风翻盘！,,http://mmbiz.qpic.cn/mmbiz_jpg/N5niatN9B18xia8d5S5hsmvXibic18T9HdL4S66ksoPibDJB9iae4tGVM1GGy8l3nqQSaiaX09qW1GIWeDIMWYlIBKU8Q/0?wx_fmt=jpeg,,否,1,否,100001,2760,6615,97
2022-02-06,核酸的检测有多麻烦？看完我都不好意思催结果了,http://mp.weixin.qq.com/s?__biz=MzIxNDA0MTExMg==&mid=2652145385&idx=1&sn=58f9b1c9ca0b769747814822534e008f&chksm=8c4db19ebb3a388858c53d438ce4a80a3f5ad12918f58385d289d851068ade0271e84797514f&scene=27#wechat_redirect,《我“被绿”的全过程》,,http://mmbiz.qpic.cn/mmbiz_jpg/N5niatN9B18yFaGeTAuewryHvibUtZ9ERRkB72MRfzfCibkGNokEQ8H428TR1r3u29oh20FDmCnX86uiauECY5LVfQ/0?wx_fmt=jpeg,,否,1,否,100001,1846,3985,96
2022-02-06,提醒！抵深后48小时内测一次核酸,http://mp.weixin.qq.com/s?__biz=MzIxNDA0MTExMg==&mid=2652145325&idx=1&sn=67708b1aa080bced2bcd607252cce87d&chksm=8c4db1dabb3a38ccfac76bff91a484758d2bc012a1d519825bbc8f36254a26109b4ce0ea0401&scene=27#wechat_redirect,最好能带着紫码回来啦,,http://mmbiz.qpic.cn/mmbiz_jpg/N5niatN9B18yFaGeTAuewryHvibUtZ9ERRuN43NYpseuvBI3C6c5E4WvrvjRKjTnGsNbL8rJX12g1eZDjXtbfMbg/0?wx_fmt=jpeg,,否,1,否,100001,2077,4718,93
2022-02-06,2月5日深圳本土无新增！新增境外输入1例确诊病例和1例无症状感染者,http://mp.weixin.qq.com/s?__biz=MzIxNDA0MTExMg==&mid=2652145299&idx=1&sn=aed5a3305eae0536aebca1ec37c11c70&chksm=8c4db1e4bb3a38f2d1574cc34d6fbeea97bb8bbdbf8030d637b43b1ccc933700bea1cc86e08f&scene=27#wechat_redirect,村花村草该回来了,,http://mmbiz.qpic.cn/mmbiz_jpg/N5niatN9B18yFaGeTAuewryHvibUtZ9ERR4Fmiaic6QH42F9qglfOrb7cJtLaicmabicibQqVPsHL39ibibfASjQpFSrHQQ/0?wx_fmt=jpeg,,否,1,否,100001,916,1993,90
2022-02-06,最新提醒！收取入境邮件快件注意这5点,http://mp.weixin.qq.com/s?__biz=MzIxNDA0MTExMg==&mid=2652145207&idx=1&sn=aadebcf56c75901dce1e6d426813d18d&chksm=8c4db140bb3a3856d7a61cff8e776b7c6db824448bf426aa0b244bd28063be29116040ad4f49&scene=27#wechat_redirect,等一个快递，比等对象还捉急,,http://mmbiz.qpic.cn/mmbiz_jpg/N5niatN9B18xiaG5lgHAvDOd5EbpF4OopMjXwMVS6MMaSh7N8JlyHN8LwhRBAfXKd9I73t9X7WqWQVaD9jjdSoCg/0?wx_fmt=jpeg,,否,1,否,100001,699,1440,94
2022-02-06,事关复工复产！宝安发布最新通告,http://mp.weixin.qq.com/s?__biz=MzIxNDA0MTExMg==&mid=2652145175&idx=1&sn=446e039f7d0cbe72e4347163086ea086&chksm=8c4db160bb3a387618dafd81b19beb09085ccdb145ddb4e2a71d5985a680b358c0eb15e8be1d&scene=27#wechat_redirect,想翻工的亲，老板已经在线上等你,,http://mmbiz.qpic.cn/mmbiz_jpg/N5niatN9B18xiaG5lgHAvDOd5EbpF4OopM0G2mONjNA9H3fhVXw8icy4cl0cUWKfrenYErRygUjKFhFVoQnYZN4Ow/0?wx_fmt=jpeg,,否,1,否,100001,1500,3648,90
2022-02-05,深圳今日无新增病例！病例1至13均为奥密克戎,http://mp.weixin.qq.com/s?__biz=MzIxNDA0MTExMg==&mid=2652145167&idx=1&sn=47882326a0b571089018c7f334a338c4&chksm=8c4db178bb3a386e991faf2872ce73aba07a39a89b3bbffa081c4b54343f212292edbac2b466&scene=27#wechat_redirect,耶,,http://mmbiz.qpic.cn/mmbiz_jpg/N5niatN9B18xiaG5lgHAvDOd5EbpF4OopMic3QWuofra5salr6vaHyicbgWt2InicfJHK95aZEAx8LZ2iaQAfgFarhrQ/0?wx_fmt=jpeg,,否,1,否,100001,1706,3922,96
2022-02-05,致宝安区市民朋友的返深提示,http://mp.weixin.qq.com/s?__biz=MzIxNDA0MTExMg==&mid=2652145143&idx=1&sn=eddea6eeb5ed736f98c28c17e949ab20&chksm=8c4db280bb3a3b96b9175e596aac687044aa3e69d4a5d3f57b847477ffc933f4b5ca120e81cd&scene=27#wechat_redirect,出发前记得做核酸,,http://mmbiz.qpic.cn/mmbiz_jpg/N5niatN9B18xiaG5lgHAvDOd5EbpF4OopMicLgUYiaJ7Gghz9zvlQtn7XO8BQTroSU2j0YhicwkfmtmXfk0t9IzSOcg/0?wx_fmt=jpeg,,否,1,否,100001,1666,3873,96
2022-02-05,即日起，暂停全市校外培训服务和校外托管服务,http://mp.weixin.qq.com/s?__biz=MzIxNDA0MTExMg==&mid=2652145134&idx=1&sn=4bf78c6728617b8aaadda3e2534fa174&chksm=8c4db299bb3a3b8ffb2b43a82bfe44a644f99891d7ef49134e3775d309c5076017f5f89e1580&scene=27#wechat_redirect,一睁眼，营业，，一闭眼，怎么还在营业？,,http://mmbiz.qpic.cn/mmbiz_jpg/N5niatN9B18xiaG5lgHAvDOd5EbpF4OopMEMklTaUmsvwlEE334R4NKTlfKicEypKBmrsJp4E1TeqGkUG3Cdpw5bQ/0?wx_fmt=jpeg,,否,1,否,100001,1098,2382,85
2022-02-05,2月4日深圳新增2例本土确诊病例和1例境外输入无症状感染者,http://mp.weixin.qq.com/s?__biz=MzIxNDA0MTExMg==&mid=2652145123&idx=1&sn=bce39562d4fb15dde40fc5fd0f3b879a&chksm=8c4db294bb3a3b82b70e2845fd68978dda413ce1eb75a99b86da14fd16c473368f6535b033f3&scene=27#wechat_redirect,假期余额又-1,,http://mmbiz.qpic.cn/mmbiz_jpg/N5niatN9B18xiaG5lgHAvDOd5EbpF4OopMFwD0GaeKbiaxDS6LJPUbib3BT8N6uBg3cFm2YBprhHf9ya4ToibIrwzPw/0?wx_fmt=jpeg,,否,1,否,100001,6919,15456,86
2022-02-05,周知！宝安区疫情防控服务热线（2月5日版）,http://mp.weixin.qq.com/s?__biz=MzIxNDA0MTExMg==&mid=2652145108&idx=1&sn=6bdddb027c9b77eb0a0aedf6b6d4b21a&chksm=8c4db2a3bb3a3bb5de730c87973179ac709f630391f0581559d4833b025e3f5a49b90b3c0345&scene=27#wechat_redirect,马克！,,http://mmbiz.qpic.cn/mmbiz_jpg/N5niatN9B18xiaG5lgHAvDOd5EbpF4OopMiaVTLcdFUMm3hvB9SFQ7fVzeoJ0ZSyO6mIVsNr3A0WknraJFHRiabvzg/0?wx_fmt=jpeg,,否,1,否,100001,1335,3271,84
2022-02-05,深圳新增2例确诊病例，累计13例！均在密接者中发现,http://mp.weixin.qq.com/s?__biz=MzIxNDA0MTExMg==&mid=2652145093&idx=1&sn=b4910abe89c89b7b4711e73b86adb3bb&chksm=8c4db2b2bb3a3ba4a3aeae1952de78b7fa80bb3dd9540d271db7b6cf7f04f3fa96dc6754639e&scene=27#wechat_redirect,淡定！,,http://mmbiz.qpic.cn/mmbiz_jpg/N5niatN9B18xxYcMibcnG3ub1Dl4mRlCib3icpkulvLvKqYL6HoMJoMJichsxsJKZiax8btYjtM35pS7WONQ0EPJkwcg/0?wx_fmt=jpeg,,否,1,否,100001,3300,7353,94
2022-02-04,深圳宝安两地调整为中风险地区,http://mp.weixin.qq.com/s?__biz=MzIxNDA0MTExMg==&mid=2652145045&idx=1&sn=f587f8cb2371c1c6fe4f997bfd3619e6&chksm=8c4db2e2bb3a3bf4b2bf47ebbcfcbd1e75ac411215d4ca78e971526e4bc1bf0fd0cbaf5b6cc2&scene=27#wechat_redirect,不是吧阿sir,,http://mmbiz.qpic.cn/mmbiz_jpg/N5niatN9B18xxYcMibcnG3ub1Dl4mRlCib3ncmxba2qe0kr2V9NicWrI6uLEEvRsWicPqr49CiaHYB0Tyccjdq9TWGiaA/0?wx_fmt=jpeg,,否,1,否,100001,1891,4367,97
2022-02-04,全网都在挑战“青绿腰”？专家紧急提醒,http://mp.weixin.qq.com/s?__biz=MzIxNDA0MTExMg==&mid=2652145035&idx=1&sn=06507c3fe1c0b0c79ad2c82bbb94704f&chksm=8c4db2fcbb3a3bead688181ceb8cda0c897afd27ae249fc2d3202e1b47f1b699df81ab50bd04&scene=27#wechat_redirect,战术性扶墙下了一个，咬牙更新！,,http://mmbiz.qpic.cn/mmbiz_jpg/N5niatN9B18xxYcMibcnG3ub1Dl4mRlCib3JMYBn6ibokkRXX9PTo04OeghPeh82vQeSzqvNa6kPYLqypr5oX04s8Q/0?wx_fmt=jpeg,,否,1,否,100001,1043,2774,95
2022-02-04,《医院各科室朋友圈图鉴》,http://mp.weixin.qq.com/s?__biz=MzIxNDA0MTExMg==&mid=2652144996&idx=1&sn=2f6c170f15b987fb1296332ef9f6263a&chksm=8c4db213bb3a3b05643cbe1c748aab178afcdb5e27185a2072016effaf041052d1f60668d536&scene=27#wechat_redirect,一条朋友圈，藏着普通医生的喜怒哀乐,丁香园DXY,http://mmbiz.qpic.cn/mmbiz_jpg/N5niatN9B18xxYcMibcnG3ub1Dl4mRlCib3Barvwa6iboXdUjR23niaaC67TprLBHVvKRdQjHfCrZwuTWlT76mbb44w/0?wx_fmt=jpeg,https://dxy.me/7SkWUD,否,1,否,100001,1445,3354,97
2022-02-04,2月3日深圳新增4例本土确诊病例（其中1例为无症状感染者转确诊）,http://mp.weixin.qq.com/s?__biz=MzIxNDA0MTExMg==&mid=2652144992&idx=1&sn=49754a13922f45bed896f51180a20c1c&chksm=8c4db217bb3a3b0167990f9b588d300e8660045df28f810d0926ffce346c4717d984de28ad2f&scene=27#wechat_redirect,想回深搞钱,,http://mmbiz.qpic.cn/mmbiz_jpg/N5niatN9B18xxYcMibcnG3ub1Dl4mRlCib37q5mNzKe6icAibBWYflYicGWqeOzJq8zAEERQ5WYT4s0SZibdibDRBVJibdA/0?wx_fmt=jpeg,,否,1,否,100001,908,2041,91
2022-02-04,最新！宝安区石岩街道封控、管控范围调整,http://mp.weixin.qq.com/s?__biz=MzIxNDA0MTExMg==&mid=2652144931&idx=1&sn=7d70890968f9ed77dd38207f50670af5&chksm=8c4db254bb3a3b42454f1df31ddf6271f381b44a766567ca132d883bcea61782ddc044f70fd3&scene=27#wechat_redirect,年初四啦，再坚持下,,http://mmbiz.qpic.cn/mmbiz_jpg/N5niatN9B18xxYcMibcnG3ub1Dl4mRlCib3MofxAHVEmu43GmjX3AWsv398OjjYxpRhdgxnwbqhISGLDXFllf32gQ/0?wx_fmt=jpeg,,否,1,否,100001,1043,2231,94
2022-02-03,深圳新增3例病例，累计11例！均在密接者和重点人群中发现,http://mp.weixin.qq.com/s?__biz=MzIxNDA0MTExMg==&mid=2652144922&idx=1&sn=9a46f690dadf81a0cd82036b504d0693&chksm=8c4db26dbb3a3b7b95b07d0815c20ee9181c899a5785ec808ad67756226139641e234f1edffe&scene=27#wechat_redirect,戳！深圳核酸检测点扫码可查,,http://mmbiz.qpic.cn/mmbiz_jpg/N5niatN9B18yvdg5LwZlTKYO3xsLEIGgGBs74l08QIPibzhlnX5t37gmXvLVSYg9Iwx6iaxpo6870MtjvZcCxianJg/0?wx_fmt=jpeg,,否,1,否,100001,2327,4763,92
2022-02-03,黄码如何转绿码？这3种情况最新回应,http://mp.weixin.qq.com/s?__biz=MzIxNDA0MTExMg==&mid=2652144880&idx=1&sn=721dcaec20c774cbf25d8e8e42fb486e&chksm=8c4db387bb3a3a910e1db44c5f76c0e8563a8ee30a00ffb27542c50e62bf1c47324fa4920914&scene=27#wechat_redirect,绿的好啊！,,http://mmbiz.qpic.cn/mmbiz_jpg/N5niatN9B18yvdg5LwZlTKYO3xsLEIGgGKCvSYc68w921zvrWSXeWwz4VL9rvO25cb9qlmZMbVrBic3PUiaiaOQ0Fg/0?wx_fmt=jpeg,,否,1,否,100001,1128,2401,79
2022-02-03,最新！光明区玉塘街道划封这些区域,http://mp.weixin.qq.com/s?__biz=MzIxNDA0MTExMg==&mid=2652144847&idx=1&sn=4904a21808cea52357a993939559e0c5&chksm=8c4db3b8bb3a3aae4655bcb2b5a02b820244d79247b9c311af4f925b8296ff995d755b36c8eb&scene=27#wechat_redirect,我看看谁还没运动起来！,,http://mmbiz.qpic.cn/mmbiz_jpg/N5niatN9B18yvdg5LwZlTKYO3xsLEIGgGobyibN9YugKMbQ2OhEILA2xfRfeYR0nWSd1UeIQ41lTgemulpMI1wIA/0?wx_fmt=jpeg,,否,1,否,100001,1092,2368,93
2022-02-03,2月2日深圳新增4例本土确诊病例（其中1例为无症状感染者转确诊）和1例本土无症状感染者,http://mp.weixin.qq.com/s?__biz=MzIxNDA0MTExMg==&mid=2652144836&idx=1&sn=a3575dca5e4c720ccbdc2f35d6fb6194&chksm=8c4db3b3bb3a3aa5b0f653d728eeaf51a88a11b89d1b1d55da48fbfa6a5cb09465d7b06bb323&scene=27#wechat_redirect,醒醒吃午饭了,,http://mmbiz.qpic.cn/mmbiz_jpg/N5niatN9B18yvdg5LwZlTKYO3xsLEIGgGqNf9PN3GfWTJZ92Uia8uhDnG4nA1iccN7xb2zaBC5fygiawOAiac9l6Czw/0?wx_fmt=jpeg,,否,1,否,100001,1012,2295,89
2022-02-03,通告！宝安区石岩街道对所有道路（高速过境除外）实施交通管控,http://mp.weixin.qq.com/s?__biz=MzIxNDA0MTExMg==&mid=2652144811&idx=1&sn=f65fd94087d2789341990ea33251a9bb&chksm=8c4db3dcbb3a3aca89ef954ce5784611c0efe3705216f4098acdc72ef1670c7edb10b4d53efd&scene=27#wechat_redirect,哪儿也不去最安全,,http://mmbiz.qpic.cn/mmbiz_jpg/N5niatN9B18yvdg5LwZlTKYO3xsLEIGgG9k99MF8vHISXiacaQYqIeRbgibONG3cqdcCUZwhWGbxfstkwQrUIZ1icA/0?wx_fmt=jpeg,,否,1,否,100001,1354,2848,95
2022-02-02,深圳新增4例病例，累计8例！此前4例均为奥密克戎,http://mp.weixin.qq.com/s?__biz=MzIxNDA0MTExMg==&mid=2652144797&idx=1&sn=93ffb1f3218273ba632122fd76bff3a4&chksm=8c4db3eabb3a3afcfaf14284474641a1533536c74ff5957a31889f42db0e4920e28e6299a827&scene=27#wechat_redirect,村长，能不能给我一个解释的机会？,,http://mmbiz.qpic.cn/mmbiz_jpg/N5niatN9B18yakIJLap45da2E9L7NtpZR4w6CC781NvNLRhDRK7rn9fQicOBhjKeQ6SJ7tscNsJkKgUE00fMoLYQ/0?wx_fmt=jpeg,,否,1,否,100001,3672,7764,94
2022-02-02,宝安最新通告！KTV、电影院等非生活必需密闭场所暂停开放,http://mp.weixin.qq.com/s?__biz=MzIxNDA0MTExMg==&mid=2652144759&idx=1&sn=3092965b7fe4532e6971463c33593e75&chksm=8c4db300bb3a3a16a9692b5bcf9135fa8c54b876a85adbbca1d6f288554e56076fe8b04a449f&scene=27#wechat_redirect,为什么要出门？是床不够软吗,,http://mmbiz.qpic.cn/mmbiz_jpg/N5niatN9B18yakIJLap45da2E9L7NtpZR8a7cmHp8rlf9wN9s691UEyQzLR7U1854xRlaml7icNRCkMxvHOrvFpA/0?wx_fmt=jpeg,,否,1,否,100001,1000,2170,96
2022-02-02,最新！宝安区石岩街道全域防控措施通告,http://mp.weixin.qq.com/s?__biz=MzIxNDA0MTExMg==&mid=2652144751&idx=1&sn=76e1903ba54cb65a2540138d996e5556&chksm=8c4db318bb3a3a0e80e506e338b2d987b030c69abf21b9efbdb1c2abd2ce47efbf23e69fded1&scene=27#wechat_redirect,你可以永远相信深圳人的乐观精神,,http://mmbiz.qpic.cn/mmbiz_jpg/N5niatN9B18yakIJLap45da2E9L7NtpZRueH1fsdNSRskVHqL2bAg5urpVohjicBjryNbFcNpSicicWYbW1pplWm1w/0?wx_fmt=jpeg,,否,1,否,100001,1186,2572,92
2022-02-02,过年不推荐吃瓜子的原因，只有一个,http://mp.weixin.qq.com/s?__biz=MzIxNDA0MTExMg==&mid=2652144738&idx=1&sn=a6013d70085c41e811b6c673709630d2&chksm=8c4db315bb3a3a03543fa4ac278a5aa25634ac1a8eeecc048834eccd6733bcc39d542fc94df7&scene=27#wechat_redirect,说吧，这是今天第几包了,April,http://mmbiz.qpic.cn/mmbiz_jpg/N5niatN9B18yakIJLap45da2E9L7NtpZRSKaWK8cae9OS2CuspzU2FsPZlMhvLrAQtQy4HnRvYN9BnZeOp6e1eA/0?wx_fmt=jpeg,,否,1,否,100001,1385,3508,86
2022-02-02,2月1日深圳新增2例本土确诊病例和1例本土无症状感染者,http://mp.weixin.qq.com/s?__biz=MzIxNDA0MTExMg==&mid=2652144733&idx=1&sn=ab366d532e079261c8e3f859fa26e8fd&chksm=8c4db32abb3a3a3c51f346b10c8c2efd4b14090f01ee19b6502f12bad40e645575ab5d960f95&scene=27#wechat_redirect,希望一觉醒来新冠就消失,,http://mmbiz.qpic.cn/mmbiz_jpg/N5niatN9B18yakIJLap45da2E9L7NtpZR0CicB27KD6I5X4vhIWpRkPzbuqw7J0Ro55g9IKkFvMFo3COAxOx6ZnA/0?wx_fmt=jpeg,,否,1,否,100001,1388,3164,97
2022-02-02,通告！宝安区石岩街道划封相关区域,http://mp.weixin.qq.com/s?__biz=MzIxNDA0MTExMg==&mid=2652144687&idx=1&sn=fae4bd056f0e892c90976fd87653631a&chksm=8c4db358bb3a3a4e1b4f85cda7aa9cf2a381339df2390ca9c898c226d4b1a64b203fe1c2760a&scene=27#wechat_redirect,麻了麻了,,http://mmbiz.qpic.cn/mmbiz_jpg/N5niatN9B18yakIJLap45da2E9L7NtpZR9s9iaMNYhF2IqibmXPI0fxPBoJkAZpNw7vab3rR0atCUyaNZe2NUHmjg/0?wx_fmt=jpeg,,否,1,否,100001,1409,3082,96
2022-02-01,深圳新增3例病例，累计4例！病例1感染奥密克戎,http://mp.weixin.qq.com/s?__biz=MzIxNDA0MTExMg==&mid=2652144679&idx=1&sn=e957415bf302a61eec294954bd23cd40&chksm=8c4db350bb3a3a4697b9731b9574c4cff217e7a86cd25d0ded38a60e65648a99e6c47e6448f2&scene=27#wechat_redirect,年前担心回不了村，，现在担心回不了深,,http://mmbiz.qpic.cn/mmbiz_jpg/N5niatN9B18x65w18bwIjwjib2QqicWTAh27d2WYf0ia1MFd6RDuLATGqAKLZSedocGjJWjBaicrl1SjLsG8mV5Ed4Q/0?wx_fmt=jpeg,,否,1,否,100001,5115,10344,93
2022-02-01,深圳机场：今日24时起，进入航站楼须持48小时核酸阴性证明,http://mp.weixin.qq.com/s?__biz=MzIxNDA0MTExMg==&mid=2652144657&idx=1&sn=9dd5470ce97547a75a94e7db174ee20d&chksm=8c4db366bb3a3a70f1ec3fd5d7182a8456a0f17a9fec14c4f24f363c0856a3c49904a7d32561&scene=27#wechat_redirect,乖乖宅家,,http://mmbiz.qpic.cn/mmbiz_jpg/N5niatN9B18x65w18bwIjwjib2QqicWTAh21v6xE1FbO6h2dBytcU4F4uDCicwAHupiajWMTLnBdYrtMBqhn0HsD29g/0?wx_fmt=jpeg,,否,1,否,100001,1320,3009,96
2022-02-01,最新通告！龙岗区坂田街道划封相关区域,http://mp.weixin.qq.com/s?__biz=MzIxNDA0MTExMg==&mid=2652144645&idx=1&sn=71c7b3ee412677b531f64e1554424959&chksm=8c4db372bb3a3a64dab0dea8c651a3ab18bdfbebd0e955ba6cdfc6b79d7ba94835b996434786&scene=27#wechat_redirect,别影响我打工就行,,http://mmbiz.qpic.cn/mmbiz_jpg/N5niatN9B18x65w18bwIjwjib2QqicWTAh2gJGnCTWhTYFd2FglmoFKebSVBU4GFcbicmxqLtAiaucT7lwczqJ5PnGg/0?wx_fmt=jpeg,,否,1,否,100001,1522,3300,99
2022-02-01,深圳市新冠肺炎疫情防控指挥部办公室发布通告（第3号）,http://mp.weixin.qq.com/s?__biz=MzIxNDA0MTExMg==&mid=2652144636&idx=1&sn=3744c63237b61045ea0ed66ee9aeccd9&chksm=8c4db48bbb3a3d9d552198ff6b5142c036f9e145a202d25069e13271e87242bffad5da6c6755&scene=27#wechat_redirect,消停会吧,,http://mmbiz.qpic.cn/mmbiz_jpg/N5niatN9B18x65w18bwIjwjib2QqicWTAh2ynuOM5JAoz11vhUdsT0RSpsRafxKH3ScLJJl0YAUDzNpuvvmPvO4WA/0?wx_fmt=jpeg,,否,1,否,100001,1430,3101,93
2022-02-01,1月31日深圳新增1例本土确诊病例和4例境外输入确诊病例,http://mp.weixin.qq.com/s?__biz=MzIxNDA0MTExMg==&mid=2652144625&idx=1&sn=6667ba941cf469ee819a904a32e6b238&chksm=8c4db486bb3a3d9025b199579434fcb71028fcc572db273082fa28bc3528ada41b22f4f779fc&scene=27#wechat_redirect,虎年第一天旧疫速翻篇,,http://mmbiz.qpic.cn/mmbiz_jpg/N5niatN9B18x65w18bwIjwjib2QqicWTAh23hGxcPT8t72WwJ9Noqoxa0epmmBvY5PbhOIibqibltia7ias99KAeLGD2g/0?wx_fmt=jpeg,,否,1,否,100001,1178,2820,100
2022-02-01,宝安、龙岗最新通告：有以下时空交集的市民，请主动测核酸,http://mp.weixin.qq.com/s?__biz=MzIxNDA0MTExMg==&mid=2652144599&idx=1&sn=170852708d426567348bed3785f3b0c8&chksm=8c4db4a0bb3a3db66dbe2078d5f2bdae055eca7c354baf65635e98327fa69249ae015ef2f8ad&scene=27#wechat_redirect,新年特别节目,,http://mmbiz.qpic.cn/mmbiz_jpg/N5niatN9B18wRstUVoCOoB7QbtYJ9dvpJBTrxjWLyZKkG1FsIUHUBVjicCo0icAxyPoyJyrCEtGfbcxoicN9IYPmYA/0?wx_fmt=jpeg,,否,1,否,100001,2851,6034,96
2022-02-01,深圳宝安一地调整为中风险地区,http://mp.weixin.qq.com/s?__biz=MzIxNDA0MTExMg==&mid=2652144589&idx=1&sn=2f992ae1437aa8eb0c009c0cf4abb1fd&chksm=8c4db4babb3a3dac3bccee436d8d74113b861a05cbab6266e19333cfda3e4523d8c0740a22c9&scene=27#wechat_redirect,老爷保号,,http://mmbiz.qpic.cn/mmbiz_jpg/N5niatN9B18wRstUVoCOoB7QbtYJ9dvpJNicVhkiaibr3X1H26RDGzkSlsd0LdQtW0T2VWxkdxuVY78QfPrsbqbCOw/0?wx_fmt=jpeg,,否,1,否,100001,2009,4375,92
