文章日期,文章标题,文章链接,文章简介,文章作者,文章封面,原文链接,是否原创,文章位置,是否付费,文章发布国家,文章发布省份,阅读数,在看数,点赞数,留言数
2022-10-23,蜜雪冰城，卷死山寨加盟,http://mp.weixin.qq.com/s?__biz=MzI2MzE2NDczMw==&mid=2649759836&idx=1&sn=999048fd83e1d0d4f6d3e9f4410d2c1a&chksm=f244860ec5330f18b6726a1a42402ac950e2e5daddd8c66aa13b8718b0e9fad9dc227c4e0af2&scene=27#wechat_redirect,再卷，就不礼貌了。,绿牙齿半佛,https://mmbiz.qpic.cn/mmbiz_jpg/3Xbx2HV4F3dicI4KHbfgkiacZZibGYibVn0VCkqGlJPM07ZK0DrM4n84UrDT2Mnubuib2GZNK3UKMVKTgavH0sHew9g/0?wx_fmt=jpeg,,是,1,否,中国,浙江,89294,289,1110,18
2022-10-22,游戏产业，渠道癌晚期,http://mp.weixin.qq.com/s?__biz=MzI2MzE2NDczMw==&mid=2649759827&idx=1&sn=26a2ffcff300fe631044afab24d01c64&chksm=f2448601c5330f17b7ce011c7a07eacc4d97299bf15b8bb09388b1cede6d97eff8788e2b67c3&scene=27#wechat_redirect,大家都很开心。,青蒜半佛,https://mmbiz.qpic.cn/mmbiz_jpg/3Xbx2HV4F3e7Qz0AlWgniaNcDtmw0YrQicbG1KbIiayEicfcGN8KmrAxPrRtN2kaEDW7qcQVQmWRDdSxc3ia966mJfQ/0?wx_fmt=jpeg,,是,1,否,中国,浙江,100001,498,1527,24
2022-10-21,国产品牌是不是越来越不行了？,http://mp.weixin.qq.com/s?__biz=MzI2MzE2NDczMw==&mid=2649759816&idx=1&sn=16970a3a410501b8037088a56ed1ae03&chksm=f244861ac5330f0ca67a7b94e5475f1de9793c1e1361de7d9c9363c7609430deb982ecb25641&scene=27#wechat_redirect,百年品牌，出自百年风雨。,半佛仙人,https://mmbiz.qpic.cn/mmbiz_jpg/3Xbx2HV4F3eX8lxKxSS5RXXoTGF2r1ljicN5TLicO0Nwnfo8HU2UYRFJiaUvMTU9ayHXZt6oiazEyIjgLktGiadXicVg/0?wx_fmt=jpeg,,是,1,否,中国,浙江,100001,489,1628,17
2022-10-20,苹果的核心竞争力，是便宜,http://mp.weixin.qq.com/s?__biz=MzI2MzE2NDczMw==&mid=2649759794&idx=1&sn=25a3737292528470c3ff6a314f8e5712&chksm=f2448660c5330f7629ad3bb67c67a176b1db617792930ec1fcf7e3f6052a1bc5cf06e5ce40df&scene=27#wechat_redirect,靠【便宜】打天下,绿牙齿半佛,https://mmbiz.qpic.cn/mmbiz_jpg/3Xbx2HV4F3fFtic19PFtuBCjUIVRz4qsjDcZmFpkCGogkDibgVw2My5SMeSFbbYeZGdqOgGImVt48Mfiabz6tXJIA/0?wx_fmt=jpeg,,是,1,否,中国,浙江,100001,437,1662,33
2022-10-19,既然花了钱，就持久一点,http://mp.weixin.qq.com/s?__biz=MzI2MzE2NDczMw==&mid=2649759776&idx=1&sn=397e6e8d3d64750689fcc2f0bec470e2&chksm=f2448672c5330f64b83de726d891a7409171db50497e44f5749008fcf1ddc016a3291104da23&scene=27#wechat_redirect,钱包这些年也不容易，对ta好点。,半佛仙人,https://mmbiz.qpic.cn/mmbiz_jpg/3Xbx2HV4F3dJA3gyTwv5nQTXRAw2FyS8701xyULLnJiaGxK0ySBm3vpb9ol3uianBUdicaJhxcH5y6qWVaeYAj2Ew/0?wx_fmt=jpeg,,是,1,否,中国,浙江,100001,497,1405,17
2022-10-18,从酱油到鞋服，公关怎么总不服？,http://mp.weixin.qq.com/s?__biz=MzI2MzE2NDczMw==&mid=2649759763&idx=1&sn=0702dfa812499e00db04816988530bbe&chksm=f2448641c5330f5704cc4d974983313aed9c987f70e2230b1cb488532ece7d70223fd97f64b1&scene=27#wechat_redirect,啥都懂，赚的就是装傻的钱。,半佛仙人,https://mmbiz.qpic.cn/mmbiz_jpg/3Xbx2HV4F3dJA3gyTwv5nQTXRAw2FyS8ftDqgCGBYBKNZwUBPDia2hrhBxQnCP6ktEWWB2eXPkc5xFuANOqoRJA/0?wx_fmt=jpeg,,是,1,否,中国,浙江,100001,555,1681,34
2022-10-17,海澜之家很聪明，别人也不傻,http://mp.weixin.qq.com/s?__biz=MzI2MzE2NDczMw==&mid=2649759740&idx=1&sn=4e9c5748c3d6044ce71e104439ba2221&chksm=f244b9aec53330b8131eeb0360d19f9e4b37910f80ada95682eebace37700dd0f225ee6d8977&scene=27#wechat_redirect,大家都聪明的时候，事情往往显得很蠢。,苍羊半佛,https://mmbiz.qpic.cn/mmbiz_jpg/3Xbx2HV4F3dWibVAOJLIHNbHQ3bwn6jOTIyMLPHKXO0tk0v13VhpmOKM1UJrWFJNnx5fbGCXhBRyHaplqDliaM1Q/0?wx_fmt=jpeg,,是,1,否,中国,浙江,100001,415,1391,29
2022-10-16,AI会让画家睡不着觉吗？,http://mp.weixin.qq.com/s?__biz=MzI2MzE2NDczMw==&mid=2649759724&idx=1&sn=b46c11e55d6199692e83d9523fab6d1e&chksm=f244b9bec53330a8ed6c982c78cdd433e5c3e2dbfc04e7c4c355bd9ef01301b6c9dbf7f12c44&scene=27#wechat_redirect,幸好AI还不能坐牢。,青蒜半佛,https://mmbiz.qpic.cn/mmbiz_jpg/3Xbx2HV4F3dWibVAOJLIHNbHQ3bwn6jOTQBr2X43rRtKibt0LA5ibpibGbDJyx943uXvmg9toqTK8bBFnlhLPxrRJg/0?wx_fmt=jpeg,,是,1,否,中国,浙江,100001,534,1579,33
2022-10-15,快递出海，唯快不破,http://mp.weixin.qq.com/s?__biz=MzI2MzE2NDczMw==&mid=2649759714&idx=1&sn=a0995d7a7a786aa8fe532671e672b266&chksm=f244b9b0c53330a64d9d0369fa48306852172be1a17f50f6e69e2cbc8e2b8dac1524b454048d&scene=27#wechat_redirect,都得卷，一个都别想跑,半佛仙人,https://mmbiz.qpic.cn/mmbiz_jpg/3Xbx2HV4F3clb1odC5gfia3tTJXUobg1icguf7xvl5ial9DBfqoDK9ll2aOgiclgC4m0ibVUbXGibIGeuWF4ffLUBnTQ/0?wx_fmt=jpeg,,是,1,否,中国,浙江,100001,1010,1986,12
2022-10-14,跟lululemon比，饭圈只是弟弟,http://mp.weixin.qq.com/s?__biz=MzI2MzE2NDczMw==&mid=2649759711&idx=1&sn=88a182f30d3a5592d7ed68b41f5974fb&chksm=f244b98dc533309b4bba1055e3da9b73a3670d4340481faa05af36dd1a3799ccf14af6b382dd&scene=27#wechat_redirect,玄学品牌的宗教玩法。，你什么都知道，但逃不掉。,绿牙齿半佛,https://mmbiz.qpic.cn/mmbiz_jpg/3Xbx2HV4F3clb1odC5gfia3tTJXUobg1icrY6cibYEibpceEibia4hicnGqljrN3I6GJotyxpO95mS2RThlSoC2CDJRYQ/0?wx_fmt=jpeg,,是,1,否,中国,浙江,100001,513,1563,38
2022-10-13,美团优选，又行了？,http://mp.weixin.qq.com/s?__biz=MzI2MzE2NDczMw==&mid=2649759689&idx=1&sn=b118c6bb61d203aefe8a11658c857bf4&chksm=f244b99bc533308dd259acc6a539bf5e35d916a33efdec20ad7cfe2d15ada1e37dcdadd4671c&scene=27#wechat_redirect,夺回生活的主动权,半佛仙人,https://mmbiz.qpic.cn/mmbiz_jpg/3Xbx2HV4F3fzKvnKpV2PDiaAq7PiaWjnOiaGyg4bNu6vSMoKjoMzXJjwFkE9sTkMiclXDq8lp30yN0SmmRho4EcnkA/0?wx_fmt=jpeg,,是,1,否,中国,浙江,100001,376,1469,19
2022-10-12,比亚迪给德国车企一个耳光，更要警惕,http://mp.weixin.qq.com/s?__biz=MzI2MzE2NDczMw==&mid=2649759676&idx=1&sn=f29167aaecd66433963ad5528381e967&chksm=f244b9eec53330f8b16dbe0f55b4a88f08f0e89c6c24c7ded3f136963155f3702c8aa03f5839&scene=27#wechat_redirect,真正的战争刚开始。,半佛仙人,https://mmbiz.qpic.cn/mmbiz_jpg/3Xbx2HV4F3fzKvnKpV2PDiaAq7PiaWjnOiaZv4Aq7SRSsDGlhARjBjiaLP2e8n3TpuA1GRqrj4pz092PzcYTJmdsTg/0?wx_fmt=jpeg,,是,1,否,中国,浙江,100001,442,1642,26
2022-10-11,邻里本无缘，闲鱼有缘,http://mp.weixin.qq.com/s?__biz=MzI2MzE2NDczMw==&mid=2649759611&idx=1&sn=9e90e3cccbc54f2817d01acf91ee2cf8&chksm=f244b929c533303f45c4ec61b34fdcaec53683dadf262fba8ac7fe2ea5973ddd07f65934dd85&scene=27#wechat_redirect,邻里社会关系的一次重塑,半佛仙人,https://mmbiz.qpic.cn/mmbiz_jpg/3Xbx2HV4F3doNibK5fQIkF2kxOUom9aWKDtibrPTYHD7coJFtpUTJYZZYibpCwgD2ZB1iaLOxYymzZ20kI3UM29FZA/0?wx_fmt=jpeg,,是,1,否,中国,浙江,100001,351,1339,16
2022-10-10,人类与性病的战争,http://mp.weixin.qq.com/s?__biz=MzI2MzE2NDczMw==&mid=2649759610&idx=1&sn=b1fed48a683b42da63a317ebc0c263fe&chksm=f244b928c533303efdc31362625bb10a82b63601fcbf887c1ec97fc3b09b5d570739c9bfda83&scene=27#wechat_redirect,人类被自己征服。,苍羊半佛,https://mmbiz.qpic.cn/mmbiz_jpg/3Xbx2HV4F3doNibK5fQIkF2kxOUom9aWKds2BxAZYVF1kPRLM8Y3COYemm76wLjTLcWnz7YWhD4Jv95Whn9wZyA/0?wx_fmt=jpeg,,是,1,否,中国,浙江,100001,440,1836,20
2022-10-09,不会花钱的公司赚不到钱,http://mp.weixin.qq.com/s?__biz=MzI2MzE2NDczMw==&mid=2649759607&idx=1&sn=318daaef731293ff74d99cb94f31bd63&chksm=f244b925c53330335d18fa095abce591775468fc05415619363e406fbc05f05f3e63fadf8c05&scene=27#wechat_redirect,多少投资折在了采购上？,半佛仙人,https://mmbiz.qpic.cn/mmbiz_jpg/3Xbx2HV4F3doNibK5fQIkF2kxOUom9aWKb39zphfZJJYKKOl1icsonogZkRN6zCAS1oicqzSzEthRiavFh9F0t6FrA/0?wx_fmt=jpeg,,是,1,否,中国,浙江,100001,352,1292,10
2022-10-08,谁说唢呐只配吃席？,http://mp.weixin.qq.com/s?__biz=MzI2MzE2NDczMw==&mid=2649759563&idx=1&sn=6c8ce05824abd019abb49520c2b3ac8a&chksm=f244b919c533300fc4c8a74fb9f6829baadc4b76002dfb1d9423dc51b52ecb3a4d88d7cb411c&scene=27#wechat_redirect,还有人愿意学唢呐吗？,半佛仙人,https://mmbiz.qpic.cn/mmbiz_jpg/3Xbx2HV4F3errpJG3uib28N5dnC7RUFSlDMHVVfVXticqTgmMUudAzickyR2hJUJK81lktc9MlSRIIKNwHczkYcsQ/0?wx_fmt=jpeg,,是,1,否,中国,浙江,100001,450,1885,20
2022-10-07,爱情不趁早，容易成祸害,http://mp.weixin.qq.com/s?__biz=MzI2MzE2NDczMw==&mid=2649759522&idx=1&sn=e7c19492a926c78ec899dd18442d3cec&chksm=f244b970c5333066f58d8a13f4994d6a265b40f69a8691d34e7e6215166c9aa6bbabeffbd6a8&scene=27#wechat_redirect,婚姻，是第三次投胎。,白团半佛,https://mmbiz.qpic.cn/mmbiz_jpg/3Xbx2HV4F3eFiaiagwib3Wfjw1bm24ogxOTEfibicEEqQuDXiau9P9Y2G6Nr9XYjPAzYBz6sZB3FHerMKS5gPvhyjj7g/0?wx_fmt=jpeg,,是,1,否,中国,浙江,100001,915,3153,41
2022-10-06,想不清楚这些，怎么敢结婚？,http://mp.weixin.qq.com/s?__biz=MzI2MzE2NDczMw==&mid=2649759504&idx=1&sn=0d59107f5b9352c7cf85f67ad689f101&chksm=f244b942c5333054abb0437351321e863f4fdd0c668ef6c503f4877362d958da8c5ca0f92a5b&scene=27#wechat_redirect,分享一套关于结婚的评估策略,半佛仙人,https://mmbiz.qpic.cn/mmbiz_jpg/3Xbx2HV4F3c4oMnDzXia2bJa2a3hPjzbfGuT6yeL1EwP7Pyp97l2cOtMFToxtrF9lYFPse49LqiaBzwrdBibJhCfA/0?wx_fmt=jpeg,,是,1,否,中国,浙江,100001,1001,3219,43
2022-10-05,不把游戏氪金死，运营自己就得死,http://mp.weixin.qq.com/s?__biz=MzI2MzE2NDczMw==&mid=2649759498&idx=1&sn=6fed868aebc5676870c35ca33063a4f5&chksm=f244b958c533304e35425646ff35b0942ce5cd6b4c681251e3756ec8eba161827a98798e9246&scene=27#wechat_redirect,都是钱闹的,多鱼半佛,https://mmbiz.qpic.cn/mmbiz_jpg/3Xbx2HV4F3dV4fnH6ZtuuZN9R7JjicrMxKZFcPrby5kqQibGnPqdyH7k42n6HicvQLxUicy1tAry6lZerjD1KBnHmw/0?wx_fmt=jpeg,,是,1,否,中国,浙江,100001,511,1943,18
2022-10-04,共享充电宝不割韭菜就怪了,http://mp.weixin.qq.com/s?__biz=MzI2MzE2NDczMw==&mid=2649759497&idx=1&sn=184e0beb10a51a36264c69c46d5e4441&chksm=f244b95bc533304d5e59721be8f71f109afd4180f772d391cb16b52589693b905f35257a502d&scene=27#wechat_redirect,核心商业模式，就是【惩罚】,半佛仙人,https://mmbiz.qpic.cn/mmbiz_jpg/3Xbx2HV4F3eTEGSGvjicxsvOwRmvXwpibZRUKmcUmiaWhdOLicHRLDLogoHyGcepY4pHgeVrFE7SviaEmJko3rKkUOQ/0?wx_fmt=jpeg,,是,1,否,中国,浙江,100001,339,1372,25
2022-10-03,东方甄选的玉米风波，特别简单,http://mp.weixin.qq.com/s?__biz=MzI2MzE2NDczMw==&mid=2649759486&idx=1&sn=c9fe341cb8e623f16533b3b7b33d722e&chksm=f244b8acc53331bab2675b5a31811a2c8a58357e998b4dda0c390335c3c61c3f04c2733294d7&scene=27#wechat_redirect,问题出在【谷贱伤农】这四个字。,半佛仙人,https://mmbiz.qpic.cn/mmbiz_jpg/3Xbx2HV4F3ez4nDV2H6tNYibJXO2n8RNPkNP6T7g4vic9qSt1icE4sdY1ltiakESNWdcfKssX6ofkg8T4HULqqEuUQ/0?wx_fmt=jpeg,,是,1,否,中国,浙江,100001,452,1853,32
2022-10-02,假期结婚的这么多，要不要随份子钱？,http://mp.weixin.qq.com/s?__biz=MzI2MzE2NDczMw==&mid=2649759474&idx=1&sn=6e0890426bd825182054572231d3ab90&chksm=f244b8a0c53331b6f0829723f160746ea7acf8e658ecfaa7c448fd6b693c2965aec69c720039&scene=27#wechat_redirect,合理抢钱？,多鱼半佛,https://mmbiz.qpic.cn/mmbiz_jpg/3Xbx2HV4F3cEuF7T3aic35LvwDO6A8FfojgJWgjAU8zWGvCZjyLOF8hvxKnfVfLYXxDGUCoTlTdM7H4zHV9QUnQ/0?wx_fmt=jpeg,,是,1,否,中国,浙江,100001,440,1934,30
2022-10-01,编剧的核心竞争力是喝酒,http://mp.weixin.qq.com/s?__biz=MzI2MzE2NDczMw==&mid=2649759463&idx=1&sn=a50e4eaa79882cf7c698641c4d1e5795&chksm=f244b8b5c53331a3ca97ef94dda1aacd618752647cb54daf192aa9d0c6f7086a3bf210b1ac64&scene=27#wechat_redirect,解酒药和壮阳药，哪个更重要,橙子半佛,https://mmbiz.qpic.cn/mmbiz_jpg/3Xbx2HV4F3fZxLqibEBicz3qLeCOVx4AuRnAHDw21sb9FiaznPpb3voFOTBXBgAibYCEop88LdUiaENIJC47icQRoyJg/0?wx_fmt=jpeg,,是,1,否,中国,浙江,100001,424,1465,21
2022-09-30,地瓜界的“耶路撒冷”在哪儿？,http://mp.weixin.qq.com/s?__biz=MzI2MzE2NDczMw==&mid=2649759460&idx=1&sn=ccbd2bb9bc970df6157eb531aa40baf7&chksm=f244b8b6c53331a06981d5eabcee13881d9b52479deb66a31d4a380741eb2f13e2ca7a2393af&scene=27#wechat_redirect,别小看种地，给你玩出花。,半佛仙人,https://mmbiz.qpic.cn/mmbiz_jpg/3Xbx2HV4F3fdMZlDlFRKj5y7Lcr4270Lqxg18u0mE7iaz15NOj6N8Psia53yo7sFdiccGZMwg5SVby8vtPWaIezNw/0?wx_fmt=jpeg,,是,1,否,中国,浙江,100001,413,1583,12
2022-09-29,企业微信办公，拿到了反杀剧本,http://mp.weixin.qq.com/s?__biz=MzI2MzE2NDczMw==&mid=2649759437&idx=1&sn=901464ce9742a5513b7694007203997f&chksm=f244b89fc53331895cf75d1d8f81cd46e0a248b1eda3c5393660ecc1e01e7f84fe9d058a0bba&scene=27#wechat_redirect,我爱这个魔幻的世界,半佛仙人,https://mmbiz.qpic.cn/mmbiz_jpg/3Xbx2HV4F3fdMZlDlFRKj5y7Lcr4270LoAmGwU8pHBwNw58DM5qADFsUibjlrDe1sqSBZuDiaMbPqAvw8eHxoRew/0?wx_fmt=jpeg,,是,1,否,中国,浙江,100001,319,1145,11
2022-09-28,为什么有人秋天就买羽绒服,http://mp.weixin.qq.com/s?__biz=MzI2MzE2NDczMw==&mid=2649759422&idx=1&sn=07b74997876a98e3d2d511db4e34934c&chksm=f244b8ecc53331fa4f65d772e6dd2653f7277b443ae49e2f4cbe7c7dd4294ce7615653c726c8&scene=27#wechat_redirect,羽绒服还有什么花头？,半佛仙人,https://mmbiz.qpic.cn/mmbiz_jpg/3Xbx2HV4F3fXXeDKoERcdC1jsroDVRhNib0oBsmwY8cu7Rmh9zzZq2ibYqibeFcYrNwwuxt10829KR4eaMVibhETibg/0?wx_fmt=jpeg,,是,1,否,中国,浙江,100001,292,1270,15
2022-09-27,几个让你怀疑世界的公众号,http://mp.weixin.qq.com/s?__biz=MzI2MzE2NDczMw==&mid=2649759421&idx=2&sn=b4cc84d2fac25c727c01a0cdfcd35d55&chksm=f244b8efc53331f989f1bf2d1049edb9bc6a82f654c2a7833b9ff5db13631f56ff7fde3007e7&scene=27#wechat_redirect,一堆比B站还刺激的公众号！,半佛仙人,https://mmbiz.qpic.cn/mmbiz_jpg/3Xbx2HV4F3fXXeDKoERcdC1jsroDVRhN0q1hjSRShwsGILW2tzgUzuibvrjNzlVicq6CCKT6eBN9N3RlLicMWVpYg/0?wx_fmt=jpeg,,否,2,否,中国,浙江,31351,27,95,0
2022-09-27,去实习还要掏钱？,http://mp.weixin.qq.com/s?__biz=MzI2MzE2NDczMw==&mid=2649759421&idx=1&sn=d330ff2b4c0bdb19aa435d63d1f42525&chksm=f244b8efc53331f96b127d13b7b44d302acde6d4a3967cbffd33b03eed45cc810c3ab27947d5&scene=27#wechat_redirect,贷款上班？,橙子半佛,https://mmbiz.qpic.cn/mmbiz_jpg/3Xbx2HV4F3fXXeDKoERcdC1jsroDVRhNEW8RM0ZmYMES51ADwia76wMVWSeyx3KdkjsiagKKwFxtSiawpS40qG89Q/0?wx_fmt=jpeg,,是,1,否,中国,浙江,94120,331,1377,37
2022-09-26,你用六千万赚过一百亿吗？,http://mp.weixin.qq.com/s?__biz=MzI2MzE2NDczMw==&mid=2649759321&idx=1&sn=c48f3e3f2a65d5c7bdc56c75203586ac&chksm=f244b80bc533311d82ec94d273fa9e756aa5fe0f45f2adf18ed69a46babd13ca7f2f3fdfb844&scene=27#wechat_redirect,国内最魔幻的股神。,绿牙齿半佛,https://mmbiz.qpic.cn/mmbiz_jpg/3Xbx2HV4F3c8UbeAR2yaXlN2iaTiaEjpHYbRjyDtwpibb1rBqyia4gaxn3sE0PdkcRbu12oAJjdG4JLW3a7icJwrryg/0?wx_fmt=jpeg,,是,1,否,中国,浙江,100001,407,1578,21
2022-09-23,微软氪金，索尼伤心,http://mp.weixin.qq.com/s?__biz=MzI2MzE2NDczMw==&mid=2649759297&idx=1&sn=937420998d00f1fba50a829dbe5c633d&chksm=f244b813c533310560f167a78bae72c5ea97e16398ee5b52cb16b82d7a87bf009434f5bd0047&scene=27#wechat_redirect,微软看着傻，其实才是真的狠。,橙子半佛,https://mmbiz.qpic.cn/mmbiz_jpg/3Xbx2HV4F3c1YtczP7SxJsYuZ4YtlWrjnVOlVZJjTNIoU3AL5MxHhwrIk0CpiaCWQjTaORPWeVPglzyBU0MvcWA/0?wx_fmt=jpeg,,是,1,否,中国,浙江,100001,446,1628,35
2022-09-22,毒品之王还是人类之光？拜耳的阴阳两界。,http://mp.weixin.qq.com/s?__biz=MzI2MzE2NDczMw==&mid=2649759287&idx=1&sn=cda417f62f3976f8e34d92ca51e39ce6&chksm=f244b865c5333173ed79a12e21506f274dd1b33e33ddbc9e84bcff19cb9d6daec1879d7b7661&scene=27#wechat_redirect,一切，都是生意。,苍羊半佛,https://mmbiz.qpic.cn/mmbiz_jpg/3Xbx2HV4F3ffg2LCiau67h2NmEDNiaeFAeEzN2Bqiblh2n884WIabHGrECBWe7mVIS92byt6D2wNAWpQgibQFmnQhQ/0?wx_fmt=jpeg,,是,1,否,中国,浙江,100001,617,2001,23
2022-09-21,拼多多的本质是《羊了个羊》,http://mp.weixin.qq.com/s?__biz=MzI2MzE2NDczMw==&mid=2649759275&idx=1&sn=3d19b638d4552da8c1d3c8c7202a2ee0&chksm=f244b879c533316f57d1526d25bc955cc0dcfba3c9b4e84707760f648b8ff81586e9393c65e8&scene=27#wechat_redirect,是超级威力加强成瘾版,半佛仙人,https://mmbiz.qpic.cn/mmbiz_jpg/3Xbx2HV4F3etPeejhAhJouWbicaBD3S3MEzK3uxjNawaa80XLSB2JkoMVgdPbenjxHTexDdZicsEbqkUzUMBmAoQ/0?wx_fmt=jpeg,,是,1,否,中国,浙江,100001,484,1657,31
2022-09-20,可以讨厌上班，但不该讨厌工作,http://mp.weixin.qq.com/s?__biz=MzI2MzE2NDczMw==&mid=2649759264&idx=1&sn=9308b00862fd5ca5e9d83081ac110519&chksm=f244b872c5333164b1387ed1f4adbf97a4dbafcd4df83c7a301ad37516ca1a00c19e296bf083&scene=27#wechat_redirect,除了赚钱，工作还有什么意义,半佛仙人,https://mmbiz.qpic.cn/mmbiz_jpg/3Xbx2HV4F3fz1xbE64eINClF5YLwb6Zl3sgp9R0xh1UZ8rSG9Sicl7zwRWePXmzGm1sSldfxgSYTbVqMU9JElew/0?wx_fmt=jpeg,,是,1,否,中国,浙江,100001,669,2034,26
2022-09-19,废弃啤酒瓶回收中的利益与厮杀,http://mp.weixin.qq.com/s?__biz=MzI2MzE2NDczMw==&mid=2649759261&idx=1&sn=571b5833acc6f4ed893e90506c021bcc&chksm=f244b84fc5333159be11f0b212f72c3c60d1970b182435d8219c3463e40891c696ea745c365c&scene=27#wechat_redirect,最值钱的是人，最不值钱的也是。,小灵半佛,https://mmbiz.qpic.cn/mmbiz_jpg/3Xbx2HV4F3fz1xbE64eINClF5YLwb6ZlLvUla86CJW146gIMqgyP24GqgeBEt92J3c162gRDA62hNHfwU46A6Q/0?wx_fmt=jpeg,,是,1,否,中国,浙江,100001,427,1766,37
2022-09-18,显卡价格开始崩，能买吗？,http://mp.weixin.qq.com/s?__biz=MzI2MzE2NDczMw==&mid=2649759244&idx=1&sn=5eb071006b153b600a37734210a39bd5&chksm=f244b85ec5333148d86703186761e7293d1720a73359f72e6608e0aef689bf0b679b38833599&scene=27#wechat_redirect,不流血，就不长记性。,半佛仙人,https://mmbiz.qpic.cn/mmbiz_jpg/3Xbx2HV4F3fz1xbE64eINClF5YLwb6Zl5GPGIIoM8y1qbgiaxicZAzC2IW7ziaWvJ2ptFLr7HoazxlbmpBUAXxATg/0?wx_fmt=jpeg,,是,1,否,中国,浙江,100001,574,2445,28
2022-09-17,人类不自私才有鬼了,http://mp.weixin.qq.com/s?__biz=MzI2MzE2NDczMw==&mid=2649759235&idx=1&sn=3dd993cca4a06af3a723fde3d5b4f07e&chksm=f244b851c5333147c2aebfa808bba8081b814d23d8bdc3946a19dcd50e828fd375aba498f3ef&scene=27#wechat_redirect,如果你觉得有人不自私，是因为你对利益的理解少了一半。,半佛仙人,https://mmbiz.qpic.cn/mmbiz_jpg/3Xbx2HV4F3fjgFTMJibHaNUIBmwKYoibdhqUwDfV2Q9CwdiclIcv5ZsoqZuP6YHRzUfH1kLQNV32FtRVF06Vc5xzA/0?wx_fmt=jpeg,,是,1,否,中国,浙江,100001,548,1938,32
2022-09-16,一场关于老年痴呆的人祸,http://mp.weixin.qq.com/s?__biz=MzI2MzE2NDczMw==&mid=2649759220&idx=1&sn=ec3f8e8c6999b26f84e8114e1753ef4e&chksm=f244bba6c53332b0dfc9f7a5ca69a0cafba9e1701a6f99abb77ee2f8fe279941a99e554b4bec&scene=27#wechat_redirect,人性贪婪之恶，令人发指。,小灵半佛,https://mmbiz.qpic.cn/mmbiz_jpg/3Xbx2HV4F3eQWpc3yPib5X1YfI8lUa6egWnxSoP5GPO1WK3WiaLGib8t7MAe4icn0JRJffFrxnRQa0rfQT4ZEdX4kQ/0?wx_fmt=jpeg,,是,1,否,中国,浙江,100001,685,1953,30
2022-09-15,生蚝，壮阳的战争与谎言,http://mp.weixin.qq.com/s?__biz=MzI2MzE2NDczMw==&mid=2649759183&idx=1&sn=1799c841b68f9dd71c022256c29cae6e&chksm=f244bb9dc533328baad9998ed496eb3b1b5ae9d29f77771f50f5fefaed9ac3193493d03d4f50&scene=27#wechat_redirect,让人从【小】吃到【大】。,红袖半佛,https://mmbiz.qpic.cn/mmbiz_jpg/3Xbx2HV4F3dyn6ibmTldIQvz0sVNkbQvdXN0hWgg5IczibrhTIOsuBEUdayzcJc4GHoMExj56BSq5STTStlTxviag/0?wx_fmt=jpeg,,是,1,否,中国,浙江,100001,589,2253,54
2022-09-14,经营科学，看阿里妈妈就够了,http://mp.weixin.qq.com/s?__biz=MzI2MzE2NDczMw==&mid=2649759182&idx=1&sn=40ef26476ab73cba5ada0a2bf250ddcc&chksm=f244bb9cc533328a2f12e06c850effe18e94421bc75ddf1e3808a46aec5af606b3eb6bb4fed3&scene=27#wechat_redirect,不懂科学别随便创业，对自己好一点,半佛仙人,https://mmbiz.qpic.cn/mmbiz_jpg/3Xbx2HV4F3chjiafkFF4Vbaf5GKWexS9472QB9E03qmzJmd3XkoXG51D1B8tDCMoMu3StalKxCtQVvRkWHAtWSw/0?wx_fmt=jpeg,,是,1,否,中国,江苏,100001,292,2266,10
2022-09-13,学霸需要学厚脸皮,http://mp.weixin.qq.com/s?__biz=MzI2MzE2NDczMw==&mid=2649759152&idx=1&sn=6da9056969ece3898dc0e995218d7b9d&chksm=f244bbe2c53332f4c2321ac6424b77c40aabac259200fbcbb7fc4161deb6ca47bd6b3e423459&scene=27#wechat_redirect,谁告诉你学霸能吃苦的？,绿牙齿半佛,https://mmbiz.qpic.cn/mmbiz_jpg/3Xbx2HV4F3cu4uXEtNBzArA9LRNtOcAy9x3T2mzyLy6CtzicHn3XdpNJhoU2FPiafwQySBqTDIk8icyfemqASqPVA/0?wx_fmt=jpeg,,是,1,否,中国,浙江,100001,548,2130,36
2022-09-12,明星买嫖，奇怪又不奇怪,http://mp.weixin.qq.com/s?__biz=MzI2MzE2NDczMw==&mid=2649759151&idx=1&sn=5acf7d75b3ded1c56bd2170bf1f67a72&chksm=f244bbfdc53332ebcb9855cc2919365056c3632ab939192cbc9b9141f9b956265bed69e291dc&scene=27#wechat_redirect,想想很靠谱，又一想更离谱了。,苍羊半佛,https://mmbiz.qpic.cn/mmbiz_jpg/3Xbx2HV4F3fvsyoxXZot7MygN7vWVGvkSicicPHfwhUY2ZYAtOiayOa5f8Nw6qbK6jqIPu2ibboKkZFKnmaYoicED0w/0?wx_fmt=jpeg,,是,1,否,中国,浙江,100001,771,3172,25
2022-09-11,4G手机卖爆，华为用户傻吗？,http://mp.weixin.qq.com/s?__biz=MzI2MzE2NDczMw==&mid=2649759137&idx=1&sn=78cfd403dcdab7c3c62cfc78d6b54428&chksm=f244bbf3c53332e5a412b2aa98775536b52b669da27f67b159a08041c7df098daf05a0f25649&scene=27#wechat_redirect,逼格的无限自循环,半佛仙人,https://mmbiz.qpic.cn/mmbiz_jpg/3Xbx2HV4F3dyn6ibmTldIQvz0sVNkbQvdte8Uog6OJKibugX8Jictnvbn51XicdFebUM6skVwm4nfwWz9EIyqQAl3g/0?wx_fmt=jpeg,,是,1,否,中国,浙江,100001,639,2299,60
2022-09-10,谁还不是个好人了,http://mp.weixin.qq.com/s?__biz=MzI2MzE2NDczMw==&mid=2649759123&idx=1&sn=6c9bab083ad6299d120f64c60b44b242&chksm=f244bbc1c53332d74c1a89c120c2cbd233aacd66313270aa4bad8f1478ea84a46c8a8abf9d2f&scene=27#wechat_redirect,不需要感谢任何人。，请感谢，你自己。,半佛仙人,https://mmbiz.qpic.cn/mmbiz_jpg/3Xbx2HV4F3co517gvZWglXJKOq7iaKp5KzNrXPnppq7Q0cOz3o4LXAzvYicWIBRYUe4iaB80CUOz876uWMnN1wMqA/0?wx_fmt=jpeg,,是,1,否,中国,浙江,100001,386,1471,12
2022-09-09,曾经的卷王，现在的海王,http://mp.weixin.qq.com/s?__biz=MzI2MzE2NDczMw==&mid=2649759088&idx=1&sn=98ff5222d9de8ec68a14de52a50e0e2b&chksm=f244bb22c5333234866bc490a5eb45ed96464b2af83f35cae28ae2ab33d6f386efdad36267d5&scene=27#wechat_redirect,真正的卷，要向外卷。,半佛仙人,https://mmbiz.qpic.cn/mmbiz_jpg/3Xbx2HV4F3co517gvZWglXJKOq7iaKp5Kibslbibbk9CZo5M1Qa5auHr797MJynWbzMFWoVbx6WG0kz1pRjaA6wmw/0?wx_fmt=jpeg,,是,1,否,中国,浙江,100001,343,1294,8
2022-09-08,日本“男色帝国”的黄昏,http://mp.weixin.qq.com/s?__biz=MzI2MzE2NDczMw==&mid=2649759064&idx=1&sn=656e666555f8974e500bc01be8a0d7f6&chksm=f244bb0ac533321cd9688ccf243d7064ebb6852f66a83b042a24f8312fe688fc28976c61c1a2&scene=27#wechat_redirect,SM之父的卷与被卷,绿牙齿半佛,https://mmbiz.qpic.cn/mmbiz_jpg/3Xbx2HV4F3dyI5wp6V79dSqR4pgMAC2KRTVC6C2hyb6OhUBCUAOMicCFwjXyFZKjnhmNd7SyHhvia7hXGEQdt9ug/0?wx_fmt=jpeg,,是,1,否,中国,浙江,100001,442,1939,34
2022-09-07,不会做奶，谈什么咖啡,http://mp.weixin.qq.com/s?__biz=MzI2MzE2NDczMw==&mid=2649759055&idx=1&sn=6b05b6969e52098cdeec7e92295fbcdd&chksm=f244bb1dc533320bc9f25cd6df802be63c99c4bd31eb17da0f8439c918232755c4396ac7ab56&scene=27#wechat_redirect,喝的是咖啡，还是咖啡因？,半佛仙人,https://mmbiz.qpic.cn/mmbiz_jpg/3Xbx2HV4F3dzcgcZ1AshutW6ibibUEtMqWHibGAP6NcXSuhMG1QDB2QLvAhtR6icBRxiaug6mlXoiakN1ickK4kov9tqg/0?wx_fmt=jpeg,,是,1,否,中国,浙江,100001,409,1673,26
2022-09-06,现在劝人买国产奶粉，还会挨骂吗？,http://mp.weixin.qq.com/s?__biz=MzI2MzE2NDczMw==&mid=2649759044&idx=1&sn=0c745dfc33ea650179436464e883c856&chksm=f244bb16c53332009eae7b49bb37e29c8f0c9fe9218534be2b7fadd140423cb5997bcf721107&scene=27#wechat_redirect,国产奶粉究竟干了啥,半佛仙人,https://mmbiz.qpic.cn/mmbiz_jpg/3Xbx2HV4F3dzcgcZ1AshutW6ibibUEtMqWVLe8hIcgdHHEt4DaMErXh29ibA9RS28mlicahAu1cWXWOYmOU2lW6icQA/0?wx_fmt=jpeg,,是,1,否,中国,浙江,100001,296,1288,12
2022-09-05,多少品牌死于新品上市？,http://mp.weixin.qq.com/s?__biz=MzI2MzE2NDczMw==&mid=2649758993&idx=1&sn=812d9fc647e37166af5ca19c0b804af1&chksm=f244bb43c5333255158b03d5666c2ba30b374c581f05794fcbc703b988bc82f2ce020a2af503&scene=27#wechat_redirect,打爆or哑炮？是门玄学。看天猫如何整活，提升爆款确定性,半佛仙人,https://mmbiz.qpic.cn/mmbiz_jpg/3Xbx2HV4F3fKiczynKSj6vm42tHIByoO6DfXtibib07O43Y6HibXpL0cuWHDyf7oqcae9TWFzhVFicibPa6eOXXEEwSA/0?wx_fmt=jpeg,,是,1,否,中国,浙江,100001,352,1274,10
2022-09-04,渡劫后的国产奶粉，开始修仙,http://mp.weixin.qq.com/s?__biz=MzI2MzE2NDczMw==&mid=2649758979&idx=1&sn=f3feffe07d3aa8d33509ac83ff3fccdd&chksm=f244bb51c5333247ba17d47d0e7f8d81cb6c1595dece414059e75917ed7141dbb095e625de05&scene=27#wechat_redirect,还可以信任国产奶粉吗？,半佛仙人,https://mmbiz.qpic.cn/mmbiz_jpg/3Xbx2HV4F3e9orDsINaKNIKDgEQ861RwwgU0SFHKytTGg9wVUJUUDnJt2njZGc0zn9tpvjcAHn4rStd7sOKhQg/0?wx_fmt=jpeg,,是,1,否,中国,浙江,100001,443,1677,30
2022-09-03,阿迪达斯的死穴是奥特莱斯,http://mp.weixin.qq.com/s?__biz=MzI2MzE2NDczMw==&mid=2649758956&idx=1&sn=506dc1a9edf919eff56985f8ab6d4675&chksm=f244babec53333a8878b4824eb9c1758078418026bbbf1b4da976fe0089c54b5da17aef23d76&scene=27#wechat_redirect,品牌与渠道的死亡螺旋,绿牙齿半佛,https://mmbiz.qpic.cn/mmbiz_jpg/3Xbx2HV4F3ds17GQCquic51U2b2X1aibk40NbXXzicOjudHrRtzoZznnSmqH5uT46XGZgFfkcZgeNobib4PrSU2wicA/0?wx_fmt=jpeg,,是,1,否,中国,浙江,100001,522,1894,35
2022-09-02,给人类的未来，发一朵小红花,http://mp.weixin.qq.com/s?__biz=MzI2MzE2NDczMw==&mid=2649758926&idx=1&sn=7eaff53229ddf6f326630c5d9dcaac89&chksm=f244ba9cc533338a4d0812779b64415c7b801bdfb86610243a2e92113ba580703092bfd3f2a1&scene=27#wechat_redirect,这一朵在乎，那一朵也在乎,半佛仙人,https://mmbiz.qpic.cn/mmbiz_jpg/3Xbx2HV4F3fvPZKaicibSajwusPjtWrtyHezTOkCFFOV7SlbTXa3UtZZbDaPscgQPwZrEvk1JM79zUbYVicDzZwuw/0?wx_fmt=jpeg,https://ssl.gongyi.qq.com/flower-integral/together-detail.html?yid=ba0bf8fe40df4a3c8aba7e86befb2dda&amp;gt=xhhyqj&amp;et=xhhyqj,是,1,否,中国,浙江,100001,482,1879,21
2022-09-01,《隐入尘烟》，无常人间。,http://mp.weixin.qq.com/s?__biz=MzI2MzE2NDczMw==&mid=2649758899&idx=1&sn=2a7adab79dc90f548e9d6eecd9f58737&chksm=f244bae1c53333f7aac0547b2162d1492e3de7f88423c6c8216942f79b6a3c32afb7f47633b3&scene=27#wechat_redirect,我怎么敢指手画脚，评价众生吃不尽的苦。,红袖半佛,https://mmbiz.qpic.cn/mmbiz_jpg/3Xbx2HV4F3d2e7FDeGayOeiaN6vsMac2OJicYJoPnyoA2rubzts5VvqPwXiawQGLuYtdOKSE6wT4JvJuzh1oJo8TQ/0?wx_fmt=jpeg,,是,1,否,中国,浙江,100001,1433,3661,36
2022-08-31,“芯片之母”的间谍游戏,http://mp.weixin.qq.com/s?__biz=MzI2MzE2NDczMw==&mid=2649758646&idx=1&sn=d832814b7b335038cfc12dbe8f1959e5&chksm=f244bde4c53334f265c82641aaf0df1d4b2c13ef5b12d0c034766ee5e29c339daf6ad3b692db&scene=27#wechat_redirect,打官司才是核心竞争力。,绿牙齿半佛,https://mmbiz.qpic.cn/mmbiz_jpg/3Xbx2HV4F3dBa6AM9gy0H7M2lg2rgpfxHxMiawv7ibGR708taoO9lVC1zic1GdTAQegLDMe11YqJE8SiaVPkaIAqfQ/0?wx_fmt=jpeg,,是,1,否,中国,浙江,100001,493,1720,31
2022-08-30,如何不花钱成为腾讯股东,http://mp.weixin.qq.com/s?__biz=MzI2MzE2NDczMw==&mid=2649758632&idx=1&sn=e892edde6dccb676e74f0a9ae4fb21ca&chksm=f244bdfac53334ec65bf7109e604e6607e68e81f6dd2d276df3a93e36069628f718cc4ae9e9e&scene=27#wechat_redirect,是时候展示真正的技术了。,半佛仙人,https://mmbiz.qpic.cn/mmbiz_jpg/3Xbx2HV4F3feQoJc7jj6Cl0JjsI1tjNOWcrWGjA8sEqCjBsRpOUpVNIW2376SUmQNDibPtgztibxzXPf80ousZ3A/0?wx_fmt=jpeg,,是,1,否,中国,浙江,100001,323,1290,11
2022-08-29,刷视频不如做任务,http://mp.weixin.qq.com/s?__biz=MzI2MzE2NDczMw==&mid=2649758627&idx=1&sn=8fd7e8b46776737243dd666419ffc9ca&chksm=f244bdf1c53334e7f26d4e7fc48b7c8a8d229df2257ea77010aea3a2121b0a46725078a9bc1c&scene=27#wechat_redirect,短视频是这个时代的彩票,半佛仙人,https://mmbiz.qpic.cn/mmbiz_jpg/3Xbx2HV4F3feQoJc7jj6Cl0JjsI1tjNON8ic4y8EnMDLNWogO56hgibAgY0icquVnMOOrA4QMmVyOPwBibYyckzVhQ/0?wx_fmt=jpeg,,是,1,否,中国,浙江,100001,341,1375,14
2022-08-28,整容的进步，鲜血铺的路。,http://mp.weixin.qq.com/s?__biz=MzI2MzE2NDczMw==&mid=2649758596&idx=1&sn=cccc3ba577e77a1a8a5e68ced3e1670c&chksm=f244bdd6c53334c0c49ba7192d8f2d1ee8c2057cbd59051ad97c12f8988b40b46433f62bf4cb&scene=27#wechat_redirect,为了变美，你怕死吗？,苍羊半佛,https://mmbiz.qpic.cn/mmbiz_jpg/3Xbx2HV4F3dtVqI2hRzDLW8G6ZCiaA3OpeKa5JraAm8kVHaCvPV0DljlRxLQdMgGFska8H9338A4GvCVPibjVujQ/0?wx_fmt=jpeg,,是,1,否,中国,浙江,100001,465,1769,26
2022-08-27,几个吓尿的公众号，令人直呼刺激,http://mp.weixin.qq.com/s?__biz=MzI2MzE2NDczMw==&mid=2649758593&idx=2&sn=f22ca9f0242fc3771cf0321e3172a0bd&chksm=f244bdd3c53334c5844eed2dec36fa03f3f166c851c7e9af7442010cd058288e75df121d14f3&scene=27#wechat_redirect,推荐几个贼厉害的公众号！,程序员狗哥,https://mmbiz.qpic.cn/mmbiz_jpg/3Xbx2HV4F3eOT4TdH1N54EEcBl6cDaWmGmz7phXOSBulz4FougdrVfhPBzhbe1HnBKicoiaybkIv3zW56N10D3Lg/0?wx_fmt=jpeg,,否,2,否,中国,浙江,22887,18,53,0
2022-08-27,开猫舍被房地产暴打,http://mp.weixin.qq.com/s?__biz=MzI2MzE2NDczMw==&mid=2649758593&idx=1&sn=17dbfbd578a9bb8e2836e00597ccfee6&chksm=f244bdd3c53334c5d999d5790a1ef0b137b660ab57cafe5ec5e32a542ff066032a109f162bb9&scene=27#wechat_redirect,房地产才是人类的归宿。,橙子半佛,https://mmbiz.qpic.cn/mmbiz_jpg/3Xbx2HV4F3e0sTBVYp3oicAr2sPSoVvIbibIkTmX8LMl9usCAD8UU7F9XMlRWGuiaUgJDMGVLmKnsphqqqtibP0SLA/0?wx_fmt=jpeg,,是,1,否,中国,浙江,100001,568,2021,39
2022-08-26,新能源亲爹的赌徒游戏,http://mp.weixin.qq.com/s?__biz=MzI2MzE2NDczMw==&mid=2649758577&idx=1&sn=16ef56e237b2043ca6304660a0514848&chksm=f244bd23c5333435debaa9217c9f03a1a96035bd643dc702ad8144d6faa6a1ecfeb1d19b92cf&scene=27#wechat_redirect,锂业的赌狗对决,绿牙齿半佛,https://mmbiz.qpic.cn/mmbiz_jpg/3Xbx2HV4F3dVicem4NVro6Fl4hjx2ic0NUe8YFIJjosRyLW3G0v6e1xSVO9JRRA3zoP70TSmFZcVufot2tCsqKAg/0?wx_fmt=jpeg,,是,1,否,中国,浙江,100001,496,1742,31
2022-08-25,贵州和命运再赌一局,http://mp.weixin.qq.com/s?__biz=MzI2MzE2NDczMw==&mid=2649758537&idx=1&sn=d9f5150756c5023dd14dd927ced239d3&chksm=f244bd1bc533340d10edcff9885a2b707ddce19a63645ad5fcaef9ce08f1314a6a4e00d82c5e&scene=27#wechat_redirect,命运如刀，烦请赐教,红袖半佛,https://mmbiz.qpic.cn/mmbiz_jpg/3Xbx2HV4F3ekx9z5oIHhKlVBAIIic2e3Zic5UltbFtPrJa0ORlnyeQveuzhS5p1XHjHPYmicxibY3ILRNA2NhpoGpQ/0?wx_fmt=jpeg,,是,1,否,中国,浙江,100001,697,2481,22
2022-08-24,水滴筹遇到的问题，是无解的,http://mp.weixin.qq.com/s?__biz=MzI2MzE2NDczMw==&mid=2649758507&idx=1&sn=d4955d68fa4e1222b65c91965b5106c6&chksm=f244bd79c533346f9b77c3effb6676d92d84f87a03ec787ebe6ef12e66fac6d87e3a45fcb960&scene=27#wechat_redirect,世界上只有一种病，穷病。,多鱼半佛,https://mmbiz.qpic.cn/mmbiz_jpg/3Xbx2HV4F3ekx9z5oIHhKlVBAIIic2e3ZrwFSRjR7sC0EJQnXKicEjpD2icp9iafrlGTwLnwQ2GWdAElFKJFGx4Nvg/0?wx_fmt=jpeg,,是,1,否,中国,浙江,100001,608,1984,27
2022-08-23,企业微信治好了我的大厂病,http://mp.weixin.qq.com/s?__biz=MzI2MzE2NDczMw==&mid=2649758505&idx=1&sn=fe6fa9fcbc23006f82aee39d1aba2e38&chksm=f244bd7bc533346d106bccf028d58bc329999f275e0527372ba94d1346d6ecefa1b99e001e06&scene=27#wechat_redirect,沉迷大厂思维是一种病。,半佛仙人,https://mmbiz.qpic.cn/mmbiz_jpg/3Xbx2HV4F3eQn49utZuia16ZruZ7IeLr2IRhDCxiaZMuJxSrSxzn91Tdvqibtn2zN6U6NycU6caU0qXOKfpsZTpAw/0?wx_fmt=jpeg,,是,1,否,中国,浙江,100001,498,1563,15
2022-08-22,网线一插，祖安少侠,http://mp.weixin.qq.com/s?__biz=MzI2MzE2NDczMw==&mid=2649758356&idx=1&sn=33293d35d4ce7b2a120c97e317d36753&chksm=f244bcc6c53335d00dc1962c666fa947a7b05c44bdc939bb87ad6ba990c0ba7a96844886b454&scene=27#wechat_redirect,孩子，他们需要你。,半佛仙人,https://mmbiz.qpic.cn/mmbiz_jpg/3Xbx2HV4F3fAzTT11vInCktX2UGf7GqDOI8CFfoarU4UXsXmj2feBkfdweFY3062PTAjjyKfNuSoibR8OoFTyWg/0?wx_fmt=jpeg,,是,1,否,中国,浙江,100001,402,1633,14
2022-08-21,《新神榜：杨戬》依然没有讲好一个故事,http://mp.weixin.qq.com/s?__biz=MzI2MzE2NDczMw==&mid=2649758335&idx=1&sn=92a227775092f85aa5a5f281d58d9a7c&chksm=f244bc2dc533353b452e5df27ec4601882aa80c129badb6eb3a7aa35a56c09eb9923b32d6bb1&scene=27#wechat_redirect,格局过大，反而显得细小。,红袖半佛,https://mmbiz.qpic.cn/mmbiz_jpg/3Xbx2HV4F3fAzTT11vInCktX2UGf7GqD45kXs52ESrV8ibjpFbVsQoR2ibRfJl9g5ibmnD56P9jmHN5kUFnTwpiaLw/0?wx_fmt=jpeg,,是,1,否,中国,浙江,100001,397,1562,19
2022-08-20,茶颜悦色挨骂？只有赢麻！,http://mp.weixin.qq.com/s?__biz=MzI2MzE2NDczMw==&mid=2649758320&idx=1&sn=94020f9dbeccb5e7c51a83cb646a3418&chksm=f244bc22c53335345d77e8063c497b8300ea2844bc4ad91fbaf246c5aec7c103f0f598e3f1ab&scene=27#wechat_redirect,现在不吃，就没得吃了,多鱼半佛,https://mmbiz.qpic.cn/mmbiz_jpg/3Xbx2HV4F3dV4fnH6ZtuuZN9R7JjicrMxjTxQYf2B4SwkqibBQypAxN0n1FmibiaG9ynias8d7Ftpoezofibd0zHgk2Q/0?wx_fmt=jpeg,,是,1,否,中国,浙江,100001,424,1759,36
2022-08-19,“意大利沙县”，杀穿亚洲,http://mp.weixin.qq.com/s?__biz=MzI2MzE2NDczMw==&mid=2649758295&idx=1&sn=468fe441f5abea2be0f2d7b3cd28f279&chksm=f244bc05c533351334bfaba18672345dd49b45f8c62a88417a9c53fc4d583c0e27f7be948c71&scene=27#wechat_redirect,价格低杀穿一切。,橙子半佛,https://mmbiz.qpic.cn/mmbiz_jpg/3Xbx2HV4F3dbKV6ZFv4bYaKA0I8rTAKJm08PBFC1tUEKHhxYzlOHJPnicVA8NxrTzqLe3zaADD9yh7oIx3zNhRg/0?wx_fmt=jpeg,,是,1,否,中国,浙江,100001,532,1950,67
2022-08-18,十三年前，一群少年想要干死苹果,http://mp.weixin.qq.com/s?__biz=MzI2MzE2NDczMw==&mid=2649758292&idx=1&sn=e6c7fc99b5923d06877f4804eaf773dd&chksm=f244bc06c5333510c759fecc0d3e4bb6e6ff28bdb3fd94d088e60bc98eccf68d7bc88852ce2f&scene=27#wechat_redirect,是时候自己来制定规则了。,半佛仙人,https://mmbiz.qpic.cn/mmbiz_jpg/3Xbx2HV4F3eAI20yA1hFYpfqIdCRiamAeBibU4s8CkERUS9ibtDliaagoTBN1drwswauVKO6KFibn3TXKnLATzhicIUg/0?wx_fmt=jpeg,https://www.cocos.com/?media_source=banfo,是,1,否,中国,浙江,100001,546,1927,12
2022-08-17,海底捞专治精神内耗,http://mp.weixin.qq.com/s?__biz=MzI2MzE2NDczMw==&mid=2649758252&idx=1&sn=ed12ddde5f282f709a4366c29ab8bd00&chksm=f244bc7ec5333568e8bf46045f1f73eb1244ec28532afd53c51b4d8a016741b0f80d73b3bead&scene=27#wechat_redirect,明明可以抢，但还送你菜。,绿牙齿半佛,https://mmbiz.qpic.cn/mmbiz_jpg/3Xbx2HV4F3deI7hn7eU5mU3s3MaW2DRLkPoRYBKHyvcWlDibt4icbuVszkReC7qSmfF5kRI5N1PKPSwFRJS4TIXA/0?wx_fmt=jpeg,,是,1,否,中国,浙江,100001,526,2218,28
2022-08-16,当俞敏洪撞上余华,http://mp.weixin.qq.com/s?__biz=MzI2MzE2NDczMw==&mid=2649758239&idx=1&sn=10027258ecfb3b6544eb3f5da210d698&chksm=f244bc4dc533355b9d85451783e69a86162d4cee32dc35230936582f49f5d880ed0516ae617f&scene=27#wechat_redirect,场面十分魔幻,半佛仙人,https://mmbiz.qpic.cn/mmbiz_jpg/3Xbx2HV4F3dmysbm6XOZlk1cKDJeXejCaOcM9zSiagiaNysNUn234ibwMCArHhgKPyqlmFGI2UTaXpxvEuYJ1F0EQ/0?wx_fmt=jpeg,,是,1,否,中国,浙江,100001,533,1898,18
2022-08-15,新鲜蔬菜逐渐奢侈，人类逃不开预制菜,http://mp.weixin.qq.com/s?__biz=MzI2MzE2NDczMw==&mid=2649758216&idx=1&sn=f6812643a1825f9334619668dcd50ae0&chksm=f244bc5ac533354cc9c82141a3234ba3231e4b39a2ff11414f6520c092c276e6e05b058f5c0c&scene=27#wechat_redirect,最终就是各种口味的猫粮。，趁现在，多吃点吧。,绿牙齿半佛,https://mmbiz.qpic.cn/mmbiz_jpg/3Xbx2HV4F3fNfeQuC3QPU32FyiaI8qgcXeSJuiaXaHMtPHHMzXvZXDdve2fkpwibjcW1vSeqrowbypbib72BMzS3iaA/0?wx_fmt=jpeg,,是,1,否,中国,浙江,100001,758,2446,46
2022-08-14,广告套路，没有活路,http://mp.weixin.qq.com/s?__biz=MzI2MzE2NDczMw==&mid=2649758206&idx=1&sn=4497b07c93b8bf1512a765c81223d87e&chksm=f244bfacc53336ba28118ef65aacfe02180ac48c6d9e849e69ac9b90a3b536df9e323ae77b60&scene=27#wechat_redirect,这是一场战争。,半佛仙人,https://mmbiz.qpic.cn/mmbiz_jpg/3Xbx2HV4F3fmicg6gJnVR8wwAM6eWeNC3qLIK3K8pmsVw4N2CVlVEBzsTgnblK8fLYBia3GW7RXaIc5wibJEbCIicQ/0?wx_fmt=jpeg,,是,1,否,中国,浙江,100001,376,1373,12
2022-08-13,手机是如何出卖你的,http://mp.weixin.qq.com/s?__biz=MzI2MzE2NDczMw==&mid=2649758191&idx=1&sn=61e66ee65d2e5160f18b172a081d941e&chksm=f244bfbdc53336abe647ec39b4daaa0a1f0ed92db71d3f602e4876db7ead05b1582823172932&scene=27#wechat_redirect,一种被设计好的生活。,半佛仙人,https://mmbiz.qpic.cn/mmbiz_jpg/3Xbx2HV4F3c3whFnqB632oc8dMKqiaTuR2ibWk07VGCLaVWs7x7HMOUv6iamxakIRztI2H1YCBMEfibQ5uIRJtny8w/0?wx_fmt=jpeg,,是,1,否,中国,浙江,100001,731,2017,28
2022-08-12,暴富第一步，成人纸尿裤,http://mp.weixin.qq.com/s?__biz=MzI2MzE2NDczMw==&mid=2649758182&idx=1&sn=38b575cb1c7d0cdbc4f16e2107299b8f&chksm=f244bfb4c53336a280ea552c1e7453d424f885f728117e5c8d12e94f3b44dd3d7e80bc1c8cf3&scene=27#wechat_redirect,有卷的空间，但没卷的时间了。,绿牙齿半佛,https://mmbiz.qpic.cn/mmbiz_jpg/3Xbx2HV4F3fbkkEPg6KV64uo0CHB4IibO0zfbj1DkonkEkibZgxx2Ex7GLJ3KyicEciak6V0hYawica9BSIPicdM7QEQ/0?wx_fmt=jpeg,,是,1,否,中国,浙江,87708,351,1344,25
2022-08-11,五菱在整什么幺蛾子？,http://mp.weixin.qq.com/s?__biz=MzI2MzE2NDczMw==&mid=2649758176&idx=1&sn=9fc8d181bdb11090fe5de2e1387604e8&chksm=f244bfb2c53336a42e546226445904912afbb5d4484ce7edef3063ecffca353db0cacb11a932&scene=27#wechat_redirect,【铁头功】和头铁，是两码事。,半佛仙人,https://mmbiz.qpic.cn/mmbiz_jpg/3Xbx2HV4F3eHVe3qZJjfq5DcTicx733egyPdcVdtGgpnlbWVmYJub6LS2C5gY1bCGfQfibGTqhVVkxiaYkGz27SVQ/0?wx_fmt=jpeg,,是,1,否,中国,浙江,100001,436,1607,15
2022-08-10,国产护肤品牌还有未来吗？,http://mp.weixin.qq.com/s?__biz=MzI2MzE2NDczMw==&mid=2649758150&idx=1&sn=aa8f000cdf4959a9746e62db05aa1103&chksm=f244bf94c5333682a7a1218232421e972aa5b0243ce2077f4f25ffaf8b3e24f4e6984b688e60&scene=27#wechat_redirect,慢慢来，比较快。,半佛仙人,https://mmbiz.qpic.cn/mmbiz_jpg/3Xbx2HV4F3ebsf4gKXAouzd41r5m0icXFmYbjsloVjoXEg3eBwG0g4AtiaP6X6CxiaXI7aNicCLbj1LYkg1aSpeHRA/0?wx_fmt=jpeg,,是,1,否,中国,浙江,100001,373,1474,21
2022-08-09,学会合理投诉，让公司变得合理,http://mp.weixin.qq.com/s?__biz=MzI2MzE2NDczMw==&mid=2649758130&idx=1&sn=0701c3bf0a81c122564d977c97e780dd&chksm=f244bfe0c53336f682e03e872dccd797a75dc200eae2b61f286ee5bd4812e97878e0be09d079&scene=27#wechat_redirect,哪有岁月静好，不过是有人替你当坏人,绿牙齿半佛,https://mmbiz.qpic.cn/mmbiz_jpg/3Xbx2HV4F3cgCfFV9GK0qHFZSiaRaZ907Sh8LKXEna9c1BjcT96UQwfYiaWCp9KjdpUGibJbeXE67V9tLLK6s8ydw/0?wx_fmt=jpeg,,是,1,否,中国,浙江,85386,369,1575,32
2022-08-08,赚钱就像爱，不要说要做,http://mp.weixin.qq.com/s?__biz=MzI2MzE2NDczMw==&mid=2649758090&idx=1&sn=5513e0e8b401641544816b9c1c4459f6&chksm=f244bfd8c53336ce7d308e9fdc1e8b369596091ac5142a250e2e8d26a3cff45694f400af2368&scene=27#wechat_redirect,第1000原创，讲透赚钱这件事。,半佛仙人,https://mmbiz.qpic.cn/mmbiz_jpg/3Xbx2HV4F3dakNbggC2k65LqEJaqDflcC2ib9ou9ZaZj7LEu5klv9aYjiaNC2zFJX2p3DfrzI2KSBryuoe1uzqew/0?wx_fmt=jpeg,,是,1,否,中国,浙江,100001,797,3296,17
2022-08-07,《明日战记》不带脑子会更好,http://mp.weixin.qq.com/s?__biz=MzI2MzE2NDczMw==&mid=2649758081&idx=1&sn=2793eba8c5c6a5f2a34d15fdce400d51&chksm=f244bfd3c53336c5d8d681627d806769c6020aebfb53bb3d5952541372803575976ddf78ea3a&scene=27#wechat_redirect,带着这股认真劲，卷起来。,红袖半佛,https://mmbiz.qpic.cn/mmbiz_jpg/3Xbx2HV4F3cnsvx4kfkvLUa4krqtib3KtwR8jNG00wYPqML0jBg4KPicR1nibzZ5aF5IFc22XsDHkXPFEcHpyTxEw/0?wx_fmt=jpeg,,是,1,否,中国,浙江,100001,363,1574,30
2022-08-06,几个极度疯狂的公众号,http://mp.weixin.qq.com/s?__biz=MzI2MzE2NDczMw==&mid=2649758070&idx=2&sn=b0f56ddbcef3dce27bcfff02dea39d27&chksm=f244bf24c5333632d4b4e75aea3bd87ee756eaa01fa68c8339754b3de495704429b40682f22e&scene=27#wechat_redirect,与别人的差距，可能就在这里。,程序员狗哥,https://mmbiz.qpic.cn/mmbiz_jpg/3Xbx2HV4F3dokcqeP0oHaxQ8mcAGfwYKorMIaufTCNwq9qkS7eWuyTC0MND94gv2H5zA3TSsSeG3WS6cPHDfJQ/0?wx_fmt=jpeg,,否,2,否,中国,浙江,28667,19,85,0
2022-08-06,老年人的爱情，纯粹又疯狂,http://mp.weixin.qq.com/s?__biz=MzI2MzE2NDczMw==&mid=2649758070&idx=1&sn=2b56ccf9682b1715aabaa7292c352389&chksm=f244bf24c53336326225bcb6847f31d59391496f282cb21c3eaf4a7088a730db2117ec8c0750&scene=27#wechat_redirect,爱，到，死。,红袖半佛,https://mmbiz.qpic.cn/mmbiz_jpg/3Xbx2HV4F3dokcqeP0oHaxQ8mcAGfwYK5b6yPykMnDpTDcwtzCicl0xmkKmJu0Q60MBgbFkKv4pIYXqGgARkPHw/0?wx_fmt=jpeg,,是,1,否,中国,浙江,100001,420,1641,26
2022-08-05,新能源厂商应该马上去开驾校,http://mp.weixin.qq.com/s?__biz=MzI2MzE2NDczMw==&mid=2649758035&idx=1&sn=498040fea2aea280bdc84db6e87b371c&chksm=f244bf01c533361701be3bdb1ca2f73de57aaa155620729ce9e796c88f82ee3d3e5454839046&scene=27#wechat_redirect,再晚就来不及了。,绿牙齿半佛,https://mmbiz.qpic.cn/mmbiz_jpg/3Xbx2HV4F3eZwsM8u6j1HuOyHQBic21YMoaJQRbMT5ibgFtALfY2GxeUvuS3UlXXw5oGJ8mG57TN1R5ez4paga6w/0?wx_fmt=jpeg,,是,1,否,中国,浙江,100001,431,1903,40
2022-08-04,迷人的改造，上头的闲鱼,http://mp.weixin.qq.com/s?__biz=MzI2MzE2NDczMw==&mid=2649758018&idx=1&sn=362d0b69f962869ceb8b2bf6af4446aa&chksm=f244bf10c53336066280e98f0517bc164491d5d1099f3f00e43335defbcd4673d7522e1c7ef8&scene=27#wechat_redirect,闲鱼改造专治精神内耗,半佛仙人,https://mmbiz.qpic.cn/mmbiz_jpg/3Xbx2HV4F3eKzMibPkicYyussEtpeW6VgZfO9KChbs0qiaPHLlRSqek7gj77xPgkaGJy3iaz3PlulIOcJyVcoLrECg/0?wx_fmt=jpeg,,是,1,否,中国,浙江,100001,404,1594,34
2022-08-03,对乐高的暴击，是中国积木打出来滴,http://mp.weixin.qq.com/s?__biz=MzI2MzE2NDczMw==&mid=2649757980&idx=1&sn=764a864704a96ff45327454717add897&chksm=f244bf4ec5333658fa2d463585b689e0f59a5033090d6b0c9a184ad457bbd835fa9392624df9&scene=27#wechat_redirect,此时此刻，恰如，彼时彼刻。,半佛仙人,https://mmbiz.qpic.cn/mmbiz_jpg/3Xbx2HV4F3dBdFf49GtFCZYPhKzLjntibwe17CwXLpOcicnMFfqSZTUudCjNy4LxqoOj14icoialPrODubuIBqXgpA/0?wx_fmt=jpeg,,是,1,否,中国,浙江,100001,502,1787,34
2022-08-02,没有中国假发，人类可怎么活,http://mp.weixin.qq.com/s?__biz=MzI2MzE2NDczMw==&mid=2649757838&idx=1&sn=1b3a0aa94726b62d3f784a3d345b1cd4&chksm=f244bedcc53337ca25574cad670c396adbf41d3459d31a0d47b377e9e68103bacce80f257418&scene=27#wechat_redirect,秃顶才是最终的答案。,苍羊半佛,https://mmbiz.qpic.cn/mmbiz_jpg/3Xbx2HV4F3cujJeYnxjJyB4icibUmlfPrPy5vtYmUFTcmBXNoCJHHjTPics3tSpt9ZAWqQRklPMyZupRtYQ3z14Rw/0?wx_fmt=jpeg,,是,1,否,中国,浙江,100001,338,1436,19
2022-08-01,《独行月球》砍掉结尾，就是完美,http://mp.weixin.qq.com/s?__biz=MzI2MzE2NDczMw==&mid=2649757830&idx=1&sn=a639d38100bd87c74a85c77b950c4eb3&chksm=f244bed4c53337c220d906392a62bf33bfdc4ec2c7e3fe9ae68f74ddb542c8b541390ed377e6&scene=27#wechat_redirect,建议结尾重拍。,红袖半佛,https://mmbiz.qpic.cn/mmbiz_jpg/3Xbx2HV4F3dayICxA9RG1ic6tAm3nO88XGF4RuCk2jEzzoCmNNog9XJaPHTLVQTFEmYSamsQ4ZW6IwwSWnloGnw/0?wx_fmt=jpeg,,是,1,否,中国,浙江,100001,479,1952,32
2022-07-31,为什么香港漫画越来越难见到了,http://mp.weixin.qq.com/s?__biz=MzI2MzE2NDczMw==&mid=2649757825&idx=1&sn=d4a8ef9fa032b5d66dac512e3626d75f&chksm=f244bed3c53337c5badcc97cb49598e22d83bdda1230e88d0f265487854b9a869cf49820dce2&scene=27#wechat_redirect,本来无一物，何处染尘埃。,青蒜半佛,https://mmbiz.qpic.cn/mmbiz_jpg/3Xbx2HV4F3fU7a0VZvqsVrPnJzBd3eUVsxbHnf1NldNqSHicVJsvyJm5BPMM27b981b24iaaHgrtwAYzymZxOFpg/0?wx_fmt=jpeg,,是,1,否,中国,浙江,100001,513,2011,42
2022-07-30,B站凭什么出现二舅？,http://mp.weixin.qq.com/s?__biz=MzI2MzE2NDczMw==&mid=2649757799&idx=1&sn=cce9a14d701ecfc45e248ffd876cbfd7&chksm=f244be35c533372385946142f4a92b9e49680449ea4bbff45b4b6a7462f2ba54e140dcf0379e&scene=27#wechat_redirect,评论区里见众生。,半佛仙人,https://mmbiz.qpic.cn/mmbiz_jpg/3Xbx2HV4F3fU7a0VZvqsVrPnJzBd3eUVnwKjsaCP0gjY4QmEKaN9MHN9GSfGYHVS2icG1YSweuicws458SiaaYbng/0?wx_fmt=jpeg,,是,1,否,中国,浙江,100001,655,2461,26
2022-07-29,生产资料，人生解药,http://mp.weixin.qq.com/s?__biz=MzI2MzE2NDczMw==&mid=2649757745&idx=1&sn=530dd279df493f955dec33263758e9ec&chksm=f244be63c533377501986c413e962004fbfd6041d861e26435854b21c8027e09b57bcc4a2f3c&scene=27#wechat_redirect,没有生产资料，永远只能给别人打工,半佛仙人,https://mmbiz.qpic.cn/mmbiz_jpg/3Xbx2HV4F3fUyxicmrBfyHiaeEAtM7XvQ7GKlhfHEoJuq9XEeND8q7tIxVUEjjVxkwj4krbibYdTYQicxmPnFrHS3Q/0?wx_fmt=jpeg,,是,1,否,中国,浙江,100001,413,1630,12
2022-07-28,迪卡侬你学不会，也不配学,http://mp.weixin.qq.com/s?__biz=MzI2MzE2NDczMw==&mid=2649757728&idx=1&sn=c451813703f93e375aebe737782e681c&chksm=f244be72c53337648717b421625282610c2f7e13130e663ba4df40fd318cc8d643a26fa3f35a&scene=27#wechat_redirect,大伯们才是核心竞争力,绿牙齿半佛,https://mmbiz.qpic.cn/mmbiz_jpg/3Xbx2HV4F3eDSAu6WjeO6m2hUMpbD7tbib23U9FMA6eOWxNRCsYVuic0hibQv6N20YUL8oXNf0oOQcEKRAMK01Nrw/0?wx_fmt=jpeg,,是,1,否,中国,浙江,100001,641,2082,47
2022-07-27,还有人喝奶茶吗？,http://mp.weixin.qq.com/s?__biz=MzI2MzE2NDczMw==&mid=2649757714&idx=1&sn=e6890171eea156265f60f5d18a6699c4&chksm=f244be40c533375682c7338e3a1019ec15e02515c12f380277eca17da4bb1ddf8784839f0238&scene=27#wechat_redirect,卷，是没有止境的。,半佛仙人,https://mmbiz.qpic.cn/mmbiz_jpg/3Xbx2HV4F3cgCfFV9GK0qHFZSiaRaZ907wR8G45kicIzxCibKRoSuwJiaM7PW2QGTXYk5COibkMx7svSS3QViavmUecQ/0?wx_fmt=jpeg,,是,1,否,中国,浙江,100001,389,1514,28
2022-07-26,上岸第一剑，是先斩意中人？还是被反杀？,http://mp.weixin.qq.com/s?__biz=MzI2MzE2NDczMw==&mid=2649757692&idx=1&sn=b7d19db7a5b4127ded14521bdaef7b7d&chksm=f244b1aec53338b821f746da1501a6742b4fced667d68656e91e3b1a14dfc09605cf7cd26a65&scene=27#wechat_redirect,再爱，就不礼貌了。,多鱼半佛,https://mmbiz.qpic.cn/mmbiz_jpg/3Xbx2HV4F3cPXJSLXrBiab7jc61PHBnhxKM26PMicKsEB9zQG741dUGDk7OGyqPtpcxz0AqHzfE9uEAGLB1LX3sA/0?wx_fmt=jpeg,,是,1,否,中国,浙江,100001,698,2511,29
2022-07-24,因为社恐，租房中介永生,http://mp.weixin.qq.com/s?__biz=MzI2MzE2NDczMw==&mid=2649757669&idx=1&sn=7dd2d05cd6691b1646021c7fb0aebe72&chksm=f244b1b7c53338a1139568eb4d0a58e696e993ec7a133ff7a087b4c667ea3e61c91802328012&scene=27#wechat_redirect,基于社恐的差价,小灵半佛,https://mmbiz.qpic.cn/mmbiz_jpg/3Xbx2HV4F3exoJiccGLAZmercOOezeqMyGuffpLx2VNicnvv5UjvicRz5mce4pTBrXp43Z7vk8Zcm8fqaJAmlFEDQ/0?wx_fmt=jpeg,,是,1,否,中国,浙江,100001,359,1451,18
2022-07-23,催另一半上进的时候，自己也得小心,http://mp.weixin.qq.com/s?__biz=MzI2MzE2NDczMw==&mid=2649757663&idx=1&sn=7bdb79ce96144d02d371a4f01f382718&chksm=f244b18dc533389b6d9342222fc372aed307fb3d7d5740f7ac1c44a161af09c72bfaf7bc3906&scene=27#wechat_redirect,别人上进和你有个屁的关系,青蒜半佛,https://mmbiz.qpic.cn/mmbiz_jpg/3Xbx2HV4F3dwCeGpFuSgtC7aJBQXJ5AoJnnnEVJ8H9HGe4sbDqNca1RxM0WM3OeQQibAsNdx84qIFHbN0G2YNVA/0?wx_fmt=jpeg,,是,1,否,中国,浙江,100001,710,2413,33
2022-07-22,特斯拉的骚，券商分析师的刀,http://mp.weixin.qq.com/s?__biz=MzI2MzE2NDczMw==&mid=2649757650&idx=1&sn=9f62544a953f6a4b3ba8ecade36b6f93&chksm=f244b180c5333896c6eea40de3ef20dbf282a9ba6e1e7f9f5860afadbce7bce23bd783e22da9&scene=27#wechat_redirect,你笑人家操作菜，人家笑你还房贷。,多鱼半佛,https://mmbiz.qpic.cn/mmbiz_jpg/3Xbx2HV4F3ficSL6NbhgTjLNlevoPbFVxhJInqPmIUL4Gq0aCpUl1iawfvRQOPCVW0Waib3qbRcicQeoAI1ewJlesg/0?wx_fmt=jpeg,,是,1,否,中国,浙江,100001,394,1479,27
2022-07-21,这个AI数字人，李彦宏都夸她聪明,http://mp.weixin.qq.com/s?__biz=MzI2MzE2NDczMw==&mid=2649757628&idx=1&sn=fe3b1b416ca9de4dbac2fedf936613d1&chksm=f244b1eec53338f89516ba8de07bd384153809140f4868d8f056f44540e51b81e077a559e7c5&scene=27#wechat_redirect,“人均一个数字人”时代已经到来,半佛仙人,https://mmbiz.qpic.cn/mmbiz_jpg/3Xbx2HV4F3cHt71EsqrNhDBLpCM1yD3yOLFVn1kh7fziaicWBZYk3yaVjsmegLt5pFoLJJnCqW0HCviceIk8Jp4CQ/0?wx_fmt=jpeg,,是,1,否,中国,浙江,100001,346,1332,15
2022-07-20,魅族，人生长恨水长东,http://mp.weixin.qq.com/s?__biz=MzI2MzE2NDczMw==&mid=2649757608&idx=1&sn=ba14fa4ec219abf4558b89565aa893c8&chksm=f244b1fac53338ec0b0951c0502e6f352b4ba34ddfa6686a039c4d66c57227ad4b6dd11c485c&scene=27#wechat_redirect,风流总被雨打风吹去。,苍羊半佛,https://mmbiz.qpic.cn/mmbiz_jpg/3Xbx2HV4F3c8LfYt16PAjClyHzicmuI4xMw59U9kPGicFRP9gwIXv4ng4avyE2u3gaLoFqfwafcZOodLWR9XSyVA/0?wx_fmt=jpeg,,是,1,否,中国,浙江,99635,488,1698,45
2022-07-19,一场中年人的致青春,http://mp.weixin.qq.com/s?__biz=MzI2MzE2NDczMw==&mid=2649757586&idx=1&sn=0747cc09b05bfea24344b5a9161dfabc&chksm=f244b1c0c53338d6cd1f8986f2a41cada12308a5b34a980406a1f7f08ad51634635a1a4d550a&scene=27#wechat_redirect,时光，依然在。,半佛仙人,https://mmbiz.qpic.cn/mmbiz_jpg/3Xbx2HV4F3fpMFMZjwJic0hYBVN1AibBu5C3XuW6EXR2VW2ck42zU5mdsvZIgwboL8ZUY4e7qvak0dhH71leDv0w/0?wx_fmt=jpeg,https://ux5kc.meiwpkpu.com/ztshare/landpage-new-avatar?cc=panelPoster&amp;kpf=IPHONE&amp;fid=40300112&amp;shareMode=app&amp;shareMethod=picture&amp;kpn=KUAISHOU&amp;subBiz=UG_J_TICKET&amp;shareId=17045741415731&amp;shareToken=X-aMQg0SY3bCK6AI&amp;shareObjectId=UG_J_TICKET_1658147122196,是,1,否,中国,浙江,100001,391,1413,26
2022-07-18,张小泉的问题，是无解的,http://mp.weixin.qq.com/s?__biz=MzI2MzE2NDczMw==&mid=2649757563&idx=1&sn=5032978d60bcce4c4e277e290d54c81e&chksm=f244b129c533383fcf5d2440fbb9074869b38a4f844534dfad9ef35596b3c5072c947c2cc084&scene=27#wechat_redirect,钱不给够，说啥都是白搭。,多鱼半佛,https://mmbiz.qpic.cn/mmbiz_jpg/3Xbx2HV4F3cBgYlDjuR2sW9OVbJGm9fjacuCnBupGVqDnibAAXhMJpz3nsnheqCAefB5XYpcKic45OTRZ6OXicib8A/0?wx_fmt=jpeg,,是,1,否,中国,浙江,100001,761,2626,46
2022-07-17,编造名人名言，人类喜闻乐见,http://mp.weixin.qq.com/s?__biz=MzI2MzE2NDczMw==&mid=2649757543&idx=1&sn=abee94edd609f47f718fc7754caafd05&chksm=f244b135c533382353101d7b963eda2e5f90c7cff457c8df3a5a34433c3576c1b855c9956aff&scene=27#wechat_redirect,编，不编才奇怪了,白团半佛,https://mmbiz.qpic.cn/mmbiz_jpg/3Xbx2HV4F3dVFQib5wNc3xia0hziad9fmgOsjgqjib1Vk6HwRCUh5pRicr8bV0sOh3LZEozkviaJVq4D8AcPCawPAiagg/0?wx_fmt=jpeg,,是,1,否,中国,浙江,97027,413,1678,36
2022-07-16,不疯魔，不成活，新能源汽车整个活,http://mp.weixin.qq.com/s?__biz=MzI2MzE2NDczMw==&mid=2649757519&idx=1&sn=4afd1a41f3525fd35d2bce76ad2ff0e8&chksm=f244b11dc533380b0b998857cd973c3325ccfd118f6bf9c9e3aeea9bb6b3826f7ac13948641c&scene=27#wechat_redirect,像疯子一样前进。,半佛仙人,https://mmbiz.qpic.cn/mmbiz_jpg/3Xbx2HV4F3cTfwPpDIicfp5x4TkTBSE5E5nmYdyebBzqeT6l7ypScUoUvibWZyxia0XeJd8dRsOSnCn9cW6POKetw/0?wx_fmt=jpeg,,是,1,否,中国,浙江,100001,423,1485,21
2022-07-15,余秀华的疯狂，世界的创伤,http://mp.weixin.qq.com/s?__biz=MzI2MzE2NDczMw==&mid=2649757514&idx=1&sn=0c1c87ec2b5395ba34e9c269d42db635&chksm=f244b118c533380e216054b6772d890995d83093695e60a49a3b9c12311f9eab241afb51fe66&scene=27#wechat_redirect,爱到疯，不疯不活,白团半佛,https://mmbiz.qpic.cn/mmbiz_jpg/3Xbx2HV4F3cJ8GNFaZS1nic26yPr40HeqJiaDicfEUyse0zsaoob9IviaaRibRTa2npcxyCOHojdICFIDialxPak1ib8g/0?wx_fmt=jpeg,,是,1,否,中国,浙江,100001,848,2982,34
2022-07-14,我们的数据，该收钱了！,http://mp.weixin.qq.com/s?__biz=MzI2MzE2NDczMw==&mid=2649757493&idx=1&sn=6f74073fc4713c531037f433827b36f0&chksm=f244b167c5333871b44570fec51a75820c4baf471dc851983d9e4a4c00ba98b31041d1629176&scene=27#wechat_redirect,真有人在乎过用户的感受吗？,半佛仙人,https://mmbiz.qpic.cn/mmbiz_jpg/3Xbx2HV4F3f26tqP4anegaT32JP4qyt1gEJ1zcfQQjms2cfzVzCQSHciaHxXGVrSmUGThRIR3le714iaQfBvic5fQ/0?wx_fmt=jpeg,,是,1,否,中国,浙江,100001,367,1304,13
2022-07-13,凭啥看不起小镇做题家？有病吗。,http://mp.weixin.qq.com/s?__biz=MzI2MzE2NDczMw==&mid=2649757469&idx=1&sn=4325d762a3b7bc09bc32ef64f8d9398a&chksm=f244b14fc533385916760a73a1a526b3d64d316e796cd451d1f452bd6397081cce20866af170&scene=27#wechat_redirect,小镇做题家没有错，错的是世界。,半佛仙人,http://mmbiz.qpic.cn/mmbiz_jpg/3Xbx2HV4F3f26tqP4anegaT32JP4qyt1ZAdZIN1zUlMZe5FbCABb0QX18A6Tu2eaaZF569Lx8ZNHiahBQBX8QIQ/0?wx_fmt=jpeg,,是,1,否,中国,浙江,100001,1613,5135,24
2022-07-12,嫂子的嘴，股市的鬼,http://mp.weixin.qq.com/s?__biz=MzI2MzE2NDczMw==&mid=2649757447&idx=1&sn=bf2a635c94b688e12727f502dc13c9d6&chksm=f244b155c53338432ecd32f862642f46a082d04897587dbf3a8c845f870d94679848a674fa4b&scene=27#wechat_redirect,股市因果律武器,绿牙齿半佛,http://mmbiz.qpic.cn/mmbiz_jpg/3Xbx2HV4F3dOvYV2ejb70QCrZ8VhwQ4RmBMuNYtficSIkIxu6t9z8gFOsoicZXVloAqsMIcNmeUVlloiasb68fYXQ/0?wx_fmt=jpeg,,是,1,否,中国,浙江,100001,383,1490,27
2022-07-11,为科学捐钱，也是一门科学,http://mp.weixin.qq.com/s?__biz=MzI2MzE2NDczMw==&mid=2649757421&idx=1&sn=e0ade5fd174cec595e7108ec4a268715&chksm=f244b0bfc53339a924e441206057037d4da4ee56b662f23c5f5f0a2827fb31c25d553adafb9c&scene=27#wechat_redirect,坚持本身，比结果更重要。,半佛仙人,http://mmbiz.qpic.cn/mmbiz_jpg/3Xbx2HV4F3exoJiccGLAZmercOOezeqMyZNicG0MAMS4axF3C1axMicdbbrYso75dC7Rk2Y9uflEAPgAZ2TjyaNxw/0?wx_fmt=jpeg,,是,1,否,中国,浙江,100001,407,1489,6
2022-07-10,高质量生活方式马上就到,http://mp.weixin.qq.com/s?__biz=MzI2MzE2NDczMw==&mid=2649757375&idx=1&sn=41ce0b286c18565eec82fc72c6f24249&chksm=f244b0edc53339fbe63d77e6a5cffd3223f24d7203eebc543f6cc1524ad6c2218c14cc7ff0e9&scene=27#wechat_redirect,外卖帮你续命。,半佛仙人,http://mmbiz.qpic.cn/mmbiz_jpg/3Xbx2HV4F3eOvp5PEebl2Z5IdhP8xj4goic99lPFIu3Aicia6iamG8tYyJRIh1yW0aLkhZsBgzrkicNh8MBOYFxljYw/0?wx_fmt=jpeg,,是,1,否,中国,浙江,100001,416,1568,13
2022-07-09,能赚钱的时候不赚，会遭雷劈,http://mp.weixin.qq.com/s?__biz=MzI2MzE2NDczMw==&mid=2649757365&idx=1&sn=bf23c6a2d92ddc5c4e4a3f9a7da0c04b&chksm=f244b0e7c53339f1cb8496165972529d0ba973e92b65d3eed87f7d876c44b6dd359d4c37dbfd&scene=27#wechat_redirect,撑死好过后悔。,半佛仙人,http://mmbiz.qpic.cn/mmbiz_jpg/3Xbx2HV4F3fIJpXaEpjsBNlicr1xROo19OTBiahBoiaOiaBbrib4Tfr2tia7RSvNQZNacuceTKO6AMickoX9CbHB1tgZw/0?wx_fmt=jpeg,,是,1,否,中国,浙江,100001,389,1513,17
2022-07-08,我不觉得飞盘毁灭足球,http://mp.weixin.qq.com/s?__biz=MzI2MzE2NDczMw==&mid=2649757352&idx=1&sn=8df9e893b0c1f34d188d5736b44c2af1&chksm=f244b0fac53339ecfdb28091122a8f3640aa62fe4289da003769c465a30a8596b0a4488a7c3b&scene=27#wechat_redirect,好好踢球。,半佛仙人,http://mmbiz.qpic.cn/mmbiz_jpg/3Xbx2HV4F3eOvp5PEebl2Z5IdhP8xj4goZV1NUNWzs3BdW5vQnA8NgV4ib4XvlbTEI0tO0CxWp6l9sHl2ia5pa0A/0?wx_fmt=jpeg,,是,1,否,中国,浙江,100001,485,1737,25
2022-07-07,提肛的奥义，在于指检,http://mp.weixin.qq.com/s?__biz=MzI2MzE2NDczMw==&mid=2649757331&idx=1&sn=f077998bbcb3ecc6e3ee8bd936e9fc57&chksm=f244b0c1c53339d788d46ef4a3172fdeba252fde745719e2b26e21a6f7fe11a94779b4f8443b&scene=27#wechat_redirect,你的一次成人礼。,半佛仙人,http://mmbiz.qpic.cn/mmbiz_jpg/3Xbx2HV4F3e1x47f8Az5Y2rJgC4k9qGtcYsX9icYufbXnhK5HSJZ9Fic55pPuhjACRAbea0MB2iavKIagJZJsE5qg/0?wx_fmt=jpeg,,否,1,否,中国,浙江,100001,347,1419,21
2022-07-06,不是因为怕，谁想当卷王？,http://mp.weixin.qq.com/s?__biz=MzI2MzE2NDczMw==&mid=2649757302&idx=1&sn=a1c7274300392c5764ae4c33ca8660ee&chksm=f244b024c5333932a824f958e68f13a68162fa3f771f2d9d25c052f814521aceaa529a9b7d90&scene=27#wechat_redirect,给人生兜底,半佛仙人,http://mmbiz.qpic.cn/mmbiz_jpg/3Xbx2HV4F3dbKV6ZFv4bYaKA0I8rTAKJ7dia4Xk7hPDowDkr5RWgg1xaBh8icRZARoQeZKtYlAZVJhpyjNgqNImA/0?wx_fmt=jpeg,,是,1,否,中国,浙江,100001,354,1358,8
2022-07-05,家长和孩子的平等，是伪命题,http://mp.weixin.qq.com/s?__biz=MzI2MzE2NDczMw==&mid=2649757280&idx=1&sn=6957845b6f647ebd85fbc2829316806e&chksm=f244b032c53339243b8f24faab5fdb5e3cae3633c02389c220c8ce014ce59b8ace34aa018f63&scene=27#wechat_redirect,实力和阅历不对等，没法真正平等,青蒜半佛,http://mmbiz.qpic.cn/mmbiz_jpg/3Xbx2HV4F3eXdzvbaQyiauz0DM3CanZjjhzOWwNThhvEdGTzQnM0X7ENWKxVp1KguuKpVPcrMcDGh1xXcVnIyicA/0?wx_fmt=jpeg,,是,1,否,中国,浙江,92654,539,1837,17
2022-07-04,雪糕太贵，因为消费者太有钱,http://mp.weixin.qq.com/s?__biz=MzI2MzE2NDczMw==&mid=2649757264&idx=1&sn=87a3005a43a63014c17a6679cd5f8cd4&chksm=f244b002c5333914512fd8ac3ef368bcf4157c47bb2e3aa66341d6e8ec0e110bb1be1b5240da&scene=27#wechat_redirect,你花的每一分钱，都在对未来投票,多鱼半佛,http://mmbiz.qpic.cn/mmbiz_jpg/3Xbx2HV4F3fsQWnBr4JW2OWMVgwkmv32aLQoXEHng2PlY83Stbc1hjXfqyRdUdhUBJYrEkToc27yW2qsefNOFQ/0?wx_fmt=jpeg,,是,1,否,中国,浙江,100001,644,2290,43
2022-07-03,学会通马桶后，我差点挨揍,http://mp.weixin.qq.com/s?__biz=MzI2MzE2NDczMw==&mid=2649757245&idx=1&sn=0d6f77b19de9e1febaaec26a33d93d4b&chksm=f244b06fc5333979dff4ad8988ba416df4cfd765be9fcc86bd61a50efed479bd565d0f2762a1&scene=27#wechat_redirect,薛定谔的收费。,半佛仙人,http://mmbiz.qpic.cn/mmbiz_jpg/3Xbx2HV4F3dBNzMvZV0JECE2jR6tk9AllrnpA0icWd2RatqneTiaNtRoUNZXIBaka3DeFIA0K0UOLlibAWPwj7pRg/0?wx_fmt=jpeg,,是,1,否,中国,浙江,96854,397,1759,33
2022-07-02,为什么我卷，但不让你们卷？,http://mp.weixin.qq.com/s?__biz=MzI2MzE2NDczMw==&mid=2649757233&idx=1&sn=09a0ee2abb2a31f27b84f415070e0ece&chksm=f244b063c5333975e88a02d7c99f02945aa144e79aff9b2c79b1a5b09a40951c98d1d6c3d71c&scene=27#wechat_redirect,瞎卷，只能在ICU里拉账单。,半佛仙人,http://mmbiz.qpic.cn/mmbiz_jpg/3Xbx2HV4F3fdgypicnic90eastYHxQeFZyMvicGUFerX2iblKcibE3V5ytG8k1Efxib0ic5icx2rRl8N7mtv70EgPKH16A/0?wx_fmt=jpeg,,是,1,否,中国,浙江,100001,670,2731,20
2022-07-01,蔚来被做空，会计显神通,http://mp.weixin.qq.com/s?__biz=MzI2MzE2NDczMw==&mid=2649757207&idx=1&sn=87c7d3a26c802f3e9aeae0d8072a4b43&chksm=f244b045c53339537a7d7515d8764058cad34774f500e4077dadacf2cc253ff165b978d038fa&scene=27#wechat_redirect,信或者不信，都是对的。,绿牙齿半佛,http://mmbiz.qpic.cn/mmbiz_jpg/3Xbx2HV4F3fdgypicnic90eastYHxQeFZyHnemKUMQ0nx5lwq9gGYOpOibx7zLm0nGjZ2HXgt60vV8uFPA8U8Iw9w/0?wx_fmt=jpeg,,是,1,否,中国,浙江,100001,574,1831,24
2022-06-30,广告无罪，看着真累,http://mp.weixin.qq.com/s?__biz=MzI2MzE2NDczMw==&mid=2649757180&idx=1&sn=df8b64089b3f70cb4c71f66de4999d3c&chksm=f244b3aec5333ab83eebaf7e031a1d96feaae9a88b7ce0008e44a22f5707dc5c9106882fb89a&scene=27#wechat_redirect,要智能，不要智障,半佛仙人,http://mmbiz.qpic.cn/mmbiz_jpg/3Xbx2HV4F3dKicDQia6EFWibVQUuYqiaL9LiabI0ibrWZJ6Xgc5TsNhTT2GmPQ85Mm9cFZ594IfmBTFlq4y2qcodpaeg/0?wx_fmt=jpeg,,是,1,否,中国,浙江,100001,375,1340,10
2022-06-29,美国“罗诉韦德案”的前因后果,http://mp.weixin.qq.com/s?__biz=MzI2MzE2NDczMw==&mid=2649757169&idx=1&sn=6a6ba82f84f598624fd8a8f52739d317&chksm=f244b3a3c5333ab5369c7ad91e5a40f8260be224952e99a4bcb0021e92195f6eba3accba703a&scene=27#wechat_redirect,堕胎法案的魔法大战魔法,小灵半佛,http://mmbiz.qpic.cn/mmbiz_jpg/3Xbx2HV4F3cBNLx0KQqycGEJmINGMeyogVd6FAgibvp4Qiabwg25Dc0Rb4Du7xgcJ0r818OKwR9lS5MLzfMWfgnQ/0?wx_fmt=jpeg,,是,1,否,中国,浙江,100001,571,1653,12
2022-06-28,瑞幸拿起了企业微信这把屠龙刀,http://mp.weixin.qq.com/s?__biz=MzI2MzE2NDczMw==&mid=2649757085&idx=1&sn=ed96d149a405073dba4d0c58b996b969&chksm=f244b3cfc5333ad9e08ec71c4885f3c2dfa94c1db04c7e57ff906af5dbed7063f92907f81d2b&scene=27#wechat_redirect,极为离谱，又特别靠谱。,半佛仙人,http://mmbiz.qpic.cn/mmbiz_jpg/3Xbx2HV4F3cBNLx0KQqycGEJmINGMeyoHwiaBsw7LvFWwrGY1UVsbvCjyicGUUUVQ9uAVtrjP0WNnSHG2nqH66fw/0?wx_fmt=jpeg,,是,1,否,中国,浙江,100001,915,2240,20
2022-06-27,几个吓人的公众号，非常震惊,http://mp.weixin.qq.com/s?__biz=MzI2MzE2NDczMw==&mid=2649757062&idx=2&sn=cd4fe37d627f369d549dbd0d490c05c3&chksm=f244b3d4c5333ac2d2b94f7a2139fc64e444b60d0714b15d00775f2d92ff8f7a95dc854326db&scene=27#wechat_redirect,与别人的差距，可能就在这里。,程序员狗哥,http://mmbiz.qpic.cn/mmbiz_jpg/3Xbx2HV4F3frDTYricWMfEpe1ia7lMkl1sYbDxoNiaKvWZfIPyYoXOoWO6rTvic7XAic1LfuAhThcP39K8RQAMfQQTw/0?wx_fmt=jpeg,,否,2,否,中国,浙江,28722,33,92,0
2022-06-27,关于选大学以及专业的策略分享,http://mp.weixin.qq.com/s?__biz=MzI2MzE2NDczMw==&mid=2649757062&idx=1&sn=8b40b95fdff77a455b533eea32b67658&chksm=f244b3d4c5333ac2bbe0da7d280c7e368265d9b1ce900e6f6459491d9553355483fd7a5c1ac9&scene=27#wechat_redirect,就当相声看吧。,半佛仙人,http://mmbiz.qpic.cn/mmbiz_jpg/3Xbx2HV4F3frDTYricWMfEpe1ia7lMkl1sIzzQjBCJu2Ie58zxemibf9qsqHXv1hpEd4rE7YEhglcic0pNNUMKMpicA/0?wx_fmt=jpeg,,是,1,否,中国,浙江,100001,676,2365,39
2022-06-26,高考雇佣兵，把人生玩明白了,http://mp.weixin.qq.com/s?__biz=MzI2MzE2NDczMw==&mid=2649757057&idx=1&sn=a60230760919088fad7b4427f7d83671&chksm=f244b3d3c5333ac5e95405375b5ccd761a0607b65f4163431334832e9e84775390fa1d20bc27&scene=27#wechat_redirect,卡BUG之王。,半佛仙人,http://mmbiz.qpic.cn/mmbiz_jpg/3Xbx2HV4F3frDTYricWMfEpe1ia7lMkl1sINdZ6utr24dOoYQfxSiazla4lULNXyCQkBQo5qaYswqgdwKqYDcCtSA/0?wx_fmt=jpeg,,否,1,否,,,100001,1129,3114,0
2022-06-25,裸辞一时爽，生活火葬场,http://mp.weixin.qq.com/s?__biz=MzI2MzE2NDczMw==&mid=2649757018&idx=1&sn=1229a743668128f18f06466608485bd6&chksm=f244b308c5333a1e0dd3e8adf629ad116ae9a21aed6c59002aecf51ada9380e28d97fde530aa&scene=27#wechat_redirect,今年都2022年了，多问问钱包。,小灵半佛仙人,http://mmbiz.qpic.cn/mmbiz_jpg/3Xbx2HV4F3cLOWR3F1TqY9kcoaISezaoYibz7jcsv0189m3vGI03l7Fnj8enXdPb0QGxRGjeZMvvc5dnicibicWibGg/0?wx_fmt=jpeg,,是,1,否,中国,浙江,100001,470,1792,18
2022-06-24,理想L9，把男人玩明白了,http://mp.weixin.qq.com/s?__biz=MzI2MzE2NDczMw==&mid=2649757013&idx=1&sn=992879f282d41ef3e4caab2d3faab062&chksm=f244b307c5333a1186e7ab62ce37d09628e0c9625359dd741d5f8f9aa1f7b9821e6dd7e1ba28&scene=27#wechat_redirect,又装又现实。,半佛仙人,http://mmbiz.qpic.cn/mmbiz_jpg/3Xbx2HV4F3fOKWTibEJM2qWyccpKjwcCFVOVb1EGKPX577OZKgibn3KJv7LWXEww46qgEibeEpj8D3LqXVzbiar6lw/0?wx_fmt=jpeg,,是,1,否,中国,浙江,100001,554,1773,23
2022-06-23,人不提肛，白活一趟,http://mp.weixin.qq.com/s?__biz=MzI2MzE2NDczMw==&mid=2649756991&idx=1&sn=c14be8a8dd8875fa1f2c32a74bbefbf2&chksm=f244b36dc5333a7b6e5824d7c9fd595a0d894bf3cba2402b2a27be15f739f2b72d1ef73dc926&scene=27#wechat_redirect,为什么要谢谢提肛侠？，因为这是你人生中为数不多真的有用的事情。,半佛仙人,http://mmbiz.qpic.cn/mmbiz_jpg/3Xbx2HV4F3cLOWR3F1TqY9kcoaISezaozs9y2sn6iaoDqKS4eclPqR2mIB2qBZic57nVlicc1CVXObokSNpdVicpdw/0?wx_fmt=jpeg,,是,1,否,中国,浙江,100001,487,2026,47
2022-06-22,SM，韩国偶像的地狱天堂,http://mp.weixin.qq.com/s?__biz=MzI2MzE2NDczMw==&mid=2649756902&idx=1&sn=dd0a6fa0e625f7698760d87cea829740&chksm=f244b2b4c5333ba2b88be09774b045185434486f5abd0d1951abd9968b5e44eaa5ec060591cf&scene=27#wechat_redirect,血与火，名与利，如同梦一般。,绿牙齿半佛,http://mmbiz.qpic.cn/mmbiz_jpg/3Xbx2HV4F3fT6icKRzlqBibibM3WonT7uiakibmNc0PXqDmY7IcN9ZrtqcP7dScgKw3cWeMWx9XJ8ckluN6sC9ggmtQ/0?wx_fmt=jpeg,,是,1,否,中国,浙江,100001,604,2259,20
2022-06-21,腾讯恨不得亲抖音一口,http://mp.weixin.qq.com/s?__biz=MzI2MzE2NDczMw==&mid=2649756868&idx=1&sn=5fb5287d01dc2fcb41a41420ce0b2a52&chksm=f244b296c5333b80eb48504862c1379bd00beba508b6ba80be92b1f8a80cf8bfe046b459290d&scene=27#wechat_redirect,听我说谢谢你，因为有你，温暖了四季。,半佛仙人,http://mmbiz.qpic.cn/mmbiz_jpg/3Xbx2HV4F3fT6icKRzlqBibibM3WonT7uiakymvIBhiagIhXNRcu2hDyYu9qHp8zyc3wuPAShpkmUkloKybfPqlXerg/0?wx_fmt=jpeg,,是,1,否,中国,浙江,100001,725,2243,24
2022-06-20,外挂是游戏公司的亲爹？,http://mp.weixin.qq.com/s?__biz=MzI2MzE2NDczMw==&mid=2649756852&idx=1&sn=a0244dbcb29b1a1a5f0e42173d0319d5&chksm=f244b2e6c5333bf0845f3aff38fb8ed84831086ee899d8b519fe45c23fe4859848838d6e7b7e&scene=27#wechat_redirect,战争至今仍未终结。,青蒜半佛,http://mmbiz.qpic.cn/mmbiz_jpg/3Xbx2HV4F3faicsYnaanUwhVK9nzdpRvnIHfOf2gFf48SO7JaZq6FIplQtA94Xt9oZN3o3P7icLrLCrI0hibJldJw/0?wx_fmt=jpeg,,是,1,否,中国,浙江,91188,359,1299,43
2022-06-19,除了吃，粪便可以怎么使,http://mp.weixin.qq.com/s?__biz=MzI2MzE2NDczMw==&mid=2649756837&idx=1&sn=1a2bb327ac3cff88602a53e0ffec51d0&chksm=f244b2f7c5333be1ac1a0df7dd9dc4b6f9a7203e01c33d8d7fc3eecca5ea4315f54eb9e9eb1b&scene=27#wechat_redirect,文明而野蛮，先进而落后。,苍羊半佛,http://mmbiz.qpic.cn/mmbiz_jpg/3Xbx2HV4F3dC9PZVMFgWUdr7michziaywibvLn5aXsnWAbRImFZWibpUctlzAxW7uYLc7cSlzz9mW3oy6zcP9G3Xsg/0?wx_fmt=jpeg,,是,1,否,中国,浙江,100001,495,1917,27
2022-06-18,别把房子的价值当成自己的,http://mp.weixin.qq.com/s?__biz=MzI2MzE2NDczMw==&mid=2649756799&idx=1&sn=25815d2f748ff7f2038101423fc9f5c7&chksm=f244b22dc5333b3b2e7e748eb12704e1be25ae65a9228a132af86cf8d52565d5b1d93f9fced7&scene=27#wechat_redirect,一个魔幻且残酷的真相。,半佛仙人,http://mmbiz.qpic.cn/mmbiz_jpg/3Xbx2HV4F3dC9PZVMFgWUdr7michziaywibWIycic59JEMBoQmNqYibYITGy86jOWGVdm5qwZ7QkWod4vuS5v8lt0kQ/0?wx_fmt=jpeg,,是,1,否,中国,浙江,100001,663,2346,21
2022-06-17,电商卷吐了，天猫先悟了,http://mp.weixin.qq.com/s?__biz=MzI2MzE2NDczMw==&mid=2649756784&idx=1&sn=5dcd8cebb97b9f46d2a40116797fc811&chksm=f244b222c5333b34606fd4966230b7cebbba74f150635c6cee2b8f00c12866de5821b3fc7ada&scene=27#wechat_redirect,一些更重要的事,半佛仙人,http://mmbiz.qpic.cn/mmbiz_jpg/3Xbx2HV4F3exGZWJyCE3S6HO0znwzyKBR9PEfGKDFv4qTgZLZAibb3hulGicjpkd847ZWmLDPn0N6ibFXxqUVT8lg/0?wx_fmt=jpeg,,是,1,否,中国,浙江,100001,450,1474,15
2022-06-16,女朋友不让游戏，男朋友不让逛街，怎么办,http://mp.weixin.qq.com/s?__biz=MzI2MzE2NDczMw==&mid=2649756772&idx=1&sn=d2a3e59107cc44f91c09954f45c4e6e6&chksm=f244b236c5333b2048dc781e5a189a8e3f67c26ff9e1e86adba84c77653809d89fd2e6416d33&scene=27#wechat_redirect,成年人不改变，只需要筛选。,青蒜半佛,http://mmbiz.qpic.cn/mmbiz_jpg/3Xbx2HV4F3fReVwMoI6ODn7kmJHJd3f7fIxEh7rkHxCKUgscAjFic987FOfJRTDiaht6LxXUE7KbSM4rXGoDbDuw/0?wx_fmt=jpeg,http://product.dangdang.com/29393537.html,是,1,否,中国,浙江,100001,591,1833,20
2022-06-15,有钱王老五，没钱别犯虎！,http://mp.weixin.qq.com/s?__biz=MzI2MzE2NDczMw==&mid=2649756756&idx=1&sn=47b7b4bc6b4f7d86351f49783af2ff72&chksm=f244b206c5333b1016f4ff0a12ae747cb19a7a008d1750f84cd0a68e264c01ae43a137418301&scene=27#wechat_redirect,好好过日子吧。,半佛仙人,http://mmbiz.qpic.cn/mmbiz_jpg/3Xbx2HV4F3fReVwMoI6ODn7kmJHJd3f7VxvW6Sf6ic5ExoSCblT87wtTDUG4md7eZH5Gv1L6r66FrOov5wfYAvA/0?wx_fmt=jpeg,https://mobile.yangkeduo.com/brand_activity_subsidy.html?_pdd_fs=1&amp;_pdd_tc=ffffff&amp;_pdd_sbs=1&amp;ugcpn_dacu=1&amp;refer_channel_from=gdmarketing&amp;_x_src=wechat&amp;refer_putid=73998&amp;_x_cid=banfoxianren&amp;_x_putid=73998&amp;refer_op=op1007&amp;_x_campaign=subsidy,是,1,否,中国,浙江,100001,326,1202,9
2022-06-14,赚钱靠手艺，花钱是学问,http://mp.weixin.qq.com/s?__biz=MzI2MzE2NDczMw==&mid=2649756625&idx=1&sn=36d41bf6b7ec96473b4dde3149cbe4b5&chksm=f244b583c5333c950278ec8de7f800bbc0ebb68192d0bbcbd03b7be2ddc5c037ef086cb98951&scene=27#wechat_redirect,花钱不是本事。,半佛仙人,http://mmbiz.qpic.cn/mmbiz_jpg/3Xbx2HV4F3dGZmrTNcCurlfwsWqdwiaDibxEh0M9DQRuncMOdH54jX9EpmXdia4KN3aW4ew7AIWJHTWxOWBU8aAMw/0?wx_fmt=jpeg,,是,1,否,中国,浙江,100001,411,1449,12
2022-06-13,老板为啥总给能力不高的人升职,http://mp.weixin.qq.com/s?__biz=MzI2MzE2NDczMw==&mid=2649756612&idx=1&sn=929369191ccb6a29d5328b70b87ac3a6&chksm=f244b596c5333c80029fbe61702b435195d8e48c426738678cec1f05a1bba27f725eb4917dc2&scene=27#wechat_redirect,职场残酷的利益现实,小灵半佛,http://mmbiz.qpic.cn/mmbiz_jpg/3Xbx2HV4F3f22IJvKiclle3kicIeHtUwaOxCuicpgNcWJ92IDz9E3ueTylKOsYXmQDHcWBZDLzVfc255j1iaAQeibnw/0?wx_fmt=jpeg,,是,1,否,中国,浙江,100001,488,1785,18
2022-06-12,蜘蛛侠的奇幻漂流,http://mp.weixin.qq.com/s?__biz=MzI2MzE2NDczMw==&mid=2649756597&idx=1&sn=498c59ecabceb65d951184ec73efc707&chksm=f244b5e7c5333cf1eebcafcd5b5552273072be635eb4a942958ff7463b8d4a9b5b57f817869d&scene=27#wechat_redirect,都给折腾出花了。,青蒜半佛,http://mmbiz.qpic.cn/mmbiz_jpg/3Xbx2HV4F3cIo4gOurLjQBpF4tiag72KAffhnxrvGhLRfPKmOxqvROaYCcCFt6ibibl5D2weCQREfz9WIOn1tnicdQ/0?wx_fmt=jpeg,,是,1,否,中国,浙江,100001,407,1580,19
2022-06-11,【傻人有傻福，骚人有骚福。】,http://mp.weixin.qq.com/s?__biz=MzI2MzE2NDczMw==&mid=2649756575&idx=1&sn=a4179d85c2d895811bb49ffefe496573&chksm=f244b5cdc5333cdb27c415951ab1c7c001d737215f2f99bba3f01e9bd1d451a096fb32e218ae&scene=27#wechat_redirect,,,,,否,1,否,中国,浙江,40972,38,320,0
2022-06-10,MBA的重要作用是背锅,http://mp.weixin.qq.com/s?__biz=MzI2MzE2NDczMw==&mid=2649756573&idx=1&sn=f4d045fc6103256234100556058254d6&chksm=f244b5cfc5333cd974df644762b24607aba8a987f291fc045b1067f5aa43966f5e70464e19d5&scene=27#wechat_redirect,赚的就是挨骂的钱,小灵半佛,http://mmbiz.qpic.cn/mmbiz_jpg/3Xbx2HV4F3cwg17EJBFsicpqN35icBZz4AnVlRE1geyZMkFciboqKsDRicjUav30yPtg9C7r6Kh9WxfeENfW5ibZC1A/0?wx_fmt=jpeg,,是,1,否,中国,浙江,100001,463,1624,15
2022-06-09,变性人痛揍女子自行车赛，魔法大战魔法,http://mp.weixin.qq.com/s?__biz=MzI2MzE2NDczMw==&mid=2649756553&idx=1&sn=f773dc97168b9d4d355f5214d279f60f&chksm=f244b5dbc5333ccd567ea481a54cae5c392e37242b3778edd46bfe27d14581bba766282cb66b&scene=27#wechat_redirect,政治正确大战政治正确。，故事性拉满，泥头车没完。,小灵红袖半佛,http://mmbiz.qpic.cn/mmbiz_jpg/3Xbx2HV4F3dibXHJJrVHGOBibvxMUufaOMHcWbJYVgNjvca2dO7D1xYibL8yiayrD9BPrSdiaSsbFcbW2PSXN4zJUfQ/0?wx_fmt=jpeg,,是,1,否,中国,浙江,100001,410,1516,24
2022-06-08,没特权，开什么会员？,http://mp.weixin.qq.com/s?__biz=MzI2MzE2NDczMw==&mid=2649756376&idx=1&sn=53f14f9451cc59c310c36caa6f4bc640&chksm=f244b48ac5333d9cdd8e1ddaa72bc1b288d9d2ecbff66a66a0235ef892bc22b18a56d9b6b0e2&scene=27#wechat_redirect,会员又不是冤种。,半佛仙人,http://mmbiz.qpic.cn/mmbiz_jpg/3Xbx2HV4F3e6nFSJmDv8Ej5HorE4zux7ulleicOdWLG3YcnaGqyZibbGPQaica6mES1U84hn76xESaGSwsbE60LYQ/0?wx_fmt=jpeg,https://prodev.m.jd.com/mall/active/3XS1VVNQdPjmEYokAcDTzi9wrxF4/index.html?babelChannel=ttt39,是,1,否,中国,浙江,100001,359,1309,11
2022-06-07,躲不开身边傻X，可以成为他,http://mp.weixin.qq.com/s?__biz=MzI2MzE2NDczMw==&mid=2649756184&idx=1&sn=c1f2005b92fa71f821f8b59dc2b97fa1&chksm=f244b44ac5333d5cc15ff8486cbd18da8a8f58bb4ac6ee054d9059814e314d39116e5413ebf3&scene=27#wechat_redirect,社交圈魔幻策略，很好用。,青蒜半佛,http://mmbiz.qpic.cn/mmbiz_jpg/3Xbx2HV4F3c7Cgc2ibpibetJKI7mBhUXtKUCUq2HseAmGqVFqgKu0pJszqcRyVsAtl5OFhOjLD5wbQOe0EJ62ibag/0?wx_fmt=jpeg,,是,1,否,中国,浙江,100001,481,1771,20
2022-06-06,竞业协议，社畜自闭,http://mp.weixin.qq.com/s?__biz=MzI2MzE2NDczMw==&mid=2649756149&idx=1&sn=957361741b55e3151a00ebe6f0a0b72d&chksm=f244b7a7c5333eb181968f3a457a835a7b193a8d2f562d67836363f5705a80cca2e7d1e43759&scene=27#wechat_redirect,离职的时候恶心你。,小灵半佛,http://mmbiz.qpic.cn/mmbiz_jpg/3Xbx2HV4F3fxbJ8uwkcYickV5icTrapGZO2HYICrhu1LOUATicc2vDgzcFia8aTHMxQ2Ww5DpfsDGurbL5QibLlayBQ/0?wx_fmt=jpeg,,是,1,否,中国,浙江,100001,406,1514,10
2022-06-05,教人做自媒体？笑死我了,http://mp.weixin.qq.com/s?__biz=MzI2MzE2NDczMw==&mid=2649756148&idx=1&sn=c8b872ce65890415134ba5023065b589&chksm=f244b7a6c5333eb02d4de1a12dd4101f071545bb6ca49a89587560fecd51f8d68952bcda8745&scene=27#wechat_redirect,我要真有这本事，把你们全割了。,半佛仙人,http://mmbiz.qpic.cn/mmbiz_jpg/3Xbx2HV4F3fYzNWvQvYDbdicgKvsmRJq3t5mQ8X22l0E1GLbqWN6NiaD4Rq3MGv889CaEib9GhodewoX8jH8GkqNg/0?wx_fmt=jpeg,,否,1,否,中国,浙江,100001,502,1855,25
2022-06-04,盲目全职自媒体，死路一条,http://mp.weixin.qq.com/s?__biz=MzI2MzE2NDczMw==&mid=2649756121&idx=1&sn=54801c358a397bf6f5e979af55905417&chksm=f244b78bc5333e9d9a7a4edcbf453f2838f8e0759d5419ec575a5c92d5cd830e39f29c5b3277&scene=27#wechat_redirect,别想不开,半佛仙人,http://mmbiz.qpic.cn/mmbiz_jpg/3Xbx2HV4F3fxbJ8uwkcYickV5icTrapGZOIdVfAuPibCqEBiaBk7ib8yniafF7X2FxI8JXtapGFhVU2GLVEyIcLoeltg/0?wx_fmt=jpeg,,是,1,否,中国,浙江,100001,556,2271,31
2022-06-03,马斯克嘲讽居家办公,http://mp.weixin.qq.com/s?__biz=MzI2MzE2NDczMw==&mid=2649756077&idx=1&sn=889aedf8f4f300d3dcf287560ec11840&chksm=f244b7ffc5333ee9ed503b25d4981550ff88d89287ff1c1f88d3bc3e863c56b5a79c9ee5c406&scene=27#wechat_redirect,横竖都是赢,半佛仙人,http://mmbiz.qpic.cn/mmbiz_jpg/3Xbx2HV4F3eectmEaoMRobmdsBBicW35T0bHRsYJ6rrnH3CIrhorlwBxickl7jpYT1Ko7qr3Jjk1klMPnjRicS1zg/0?wx_fmt=jpeg,,是,1,否,中国,浙江,100001,491,1867,13
2022-06-02,在闲鱼玩收集，小心上瘾,http://mp.weixin.qq.com/s?__biz=MzI2MzE2NDczMw==&mid=2649756059&idx=1&sn=fdd85fc25896e0456e061d58592cc621&chksm=f244b7c9c5333edf5e5f0ce487cc4188958473fa3517403b136beb1cb55987eb82888acfd67d&scene=27#wechat_redirect,野，还是TA野,半佛仙人,http://mmbiz.qpic.cn/mmbiz_jpg/3Xbx2HV4F3dnR16QWth9r71PDuSv78Z2ghcKySKfpI3icfwI3fIe09kHUCCVvC8e0QzhGGx2XW3hPnmPYVnzeIQ/0?wx_fmt=jpeg,,是,1,否,中国,浙江,100001,439,1550,14
2022-06-01,不会撒娇，怎么混职场？,http://mp.weixin.qq.com/s?__biz=MzI2MzE2NDczMw==&mid=2649756052&idx=1&sn=f9059d889d8cf509c6c47b3a70478c47&chksm=f244b7c6c5333ed0441982af3a9938ec176c30f4aacd3d7831bf8093d7a57bb9aaae26a9a985&scene=27#wechat_redirect,看起来离谱，其实很好使。,半佛仙人,http://mmbiz.qpic.cn/mmbiz_jpg/3Xbx2HV4F3cnmQ8ibss7dOHeh1sI5d3dRP1HWTyXRtCbqzZorvXjTLnficHb0c0LibCITOQw41yhRcVTYzGJk8nJg/0?wx_fmt=jpeg,,是,1,否,中国,浙江,91919,389,1623,26
2022-05-31,隆胸，关于美丽的残酷内卷,http://mp.weixin.qq.com/s?__biz=MzI2MzE2NDczMw==&mid=2649756023&idx=1&sn=e8b89de84cf9e07cb83c71f8822be118&chksm=f244b725c5333e33e8334544fdd675ea0d7b9a35ed17449938b43e7d2547bd5488737d9254f8&scene=27#wechat_redirect,人类逐利而行，至死方休。,苍羊半佛,http://mmbiz.qpic.cn/mmbiz_jpg/3Xbx2HV4F3dnR16QWth9r71PDuSv78Z2wKD9vjb3aRGNyWv5lFiaxnliaic1iabDFpZPJRfaHYqMaGAv45EkXbyf7g/0?wx_fmt=jpeg,,是,1,否,中国,浙江,87786,382,1551,34
2022-05-30,F1终究输给赛博朋克,http://mp.weixin.qq.com/s?__biz=MzI2MzE2NDczMw==&mid=2649755977&idx=1&sn=9f443b69ffa143f2f297899bc7a97dd4&chksm=f244b71bc5333e0dd090b4937ccc9df9085755c917262f30186d8f51242d939503252861b1e6&scene=27#wechat_redirect,血肉苦弱，机械飞升。,橙子半佛,http://mmbiz.qpic.cn/mmbiz_jpg/3Xbx2HV4F3fOIl7QXibLA73UjRLMHIF8rHBafAvWeHbaXn1YKJKBheHUKlnYs5PCqR7SWSibVootHO9v8kT10dsA/0?wx_fmt=jpeg,,是,1,否,中国,浙江,70069,349,1294,16
2022-05-29,风投三十年，赌徒碎钞机,http://mp.weixin.qq.com/s?__biz=MzI2MzE2NDczMw==&mid=2649755962&idx=1&sn=655f206284a33cd3a25e32075ae23bb0&chksm=f244b768c5333e7e103116dd62edd3ecc97aadd9d2c2ac83d15c20f9c6b63560942389317ade&scene=27#wechat_redirect,风投？疯投！，钱丢火里头。,绿牙齿半佛,http://mmbiz.qpic.cn/mmbiz_jpg/3Xbx2HV4F3eB25zKiaubTISpzCQU0l32ec7xnAw8y4ibkXNj1Fic50BmOJtpib00MNVqIHSxKoaH01R8VnqtiaKTofg/0?wx_fmt=jpeg,,是,1,否,中国,浙江,100001,555,1457,16
2022-05-28,这几个可怕的公众号，让你震惊,http://mp.weixin.qq.com/s?__biz=MzI2MzE2NDczMw==&mid=2649755948&idx=2&sn=66ae8b765c9080646b9078a47244e238&chksm=f244b77ec5333e686aa20ede3e65a5b231ec1a84eb68a89ddecf0bd3e6847c43c77f7ee0b917&scene=27#wechat_redirect,与别人的差距，可能就在这里。,程序员狗哥,http://mmbiz.qpic.cn/mmbiz_jpg/3Xbx2HV4F3eB25zKiaubTISpzCQU0l32eyMwfibYxjE65ibnc11oXPt78icrUI3L8LYnw8U1rlS1n3TmicRbgJjDnpg/0?wx_fmt=jpeg,,否,2,否,中国,浙江,20179,23,80,0
2022-05-28,不懂心理咨询，怎么做好足疗？,http://mp.weixin.qq.com/s?__biz=MzI2MzE2NDczMw==&mid=2649755948&idx=1&sn=463d1143393739bf6c0bf6a64f7f3f76&chksm=f244b77ec5333e681f58e46fb1f02193a411fe173f2ade8fa6a23bc90080fa78b8249e1cddfe&scene=27#wechat_redirect,不要小看足疗,半佛仙人,http://mmbiz.qpic.cn/mmbiz_jpg/3Xbx2HV4F3eB25zKiaubTISpzCQU0l32eXeicVQEQ8ATPZnZGqthiaAsUcZiagwPbBIR75zbXWR5JhHdBTSkpian3HQ/0?wx_fmt=jpeg,,是,1,否,中国,浙江,69855,395,1492,26
2022-05-27,网文反盗版，反到你破产,http://mp.weixin.qq.com/s?__biz=MzI2MzE2NDczMw==&mid=2649755928&idx=1&sn=594d82c935a2e1b1d9a13b5986648aeb&chksm=f244b74ac5333e5c4879ff3599c2fd5ac8272a688873c888f66569ca842b60e15383125bdd17&scene=27#wechat_redirect,一场无法结束的战争,半佛仙人,http://mmbiz.qpic.cn/mmbiz_jpg/3Xbx2HV4F3cJzooNprKGicf7DPpSpNlBl8jqRFPNymDjFOdNNBqLH0wgBXJ27b9Oxic1YgXjAw98ibHNMtQk4MX1w/0?wx_fmt=jpeg,,是,1,否,中国,浙江,100001,414,1691,18
2022-05-26,人类应该感谢鸭,http://mp.weixin.qq.com/s?__biz=MzI2MzE2NDczMw==&mid=2649755914&idx=1&sn=49d8084ac04006887115327f2c30fc03&chksm=f244b758c5333e4e953c6f2de3b783244213e8a0177c92e9a75e4ad5652dac08a18709ba8ee2&scene=27#wechat_redirect,做鸭不是一件简单的事情,半佛仙人,http://mmbiz.qpic.cn/mmbiz_jpg/3Xbx2HV4F3fEAcg09tckISdolfhlTgqhua0x0EaIgDDibGrc2fxOxkSzVjTr5msGL4PkvMick8xoQnT8nDiafaUAA/0?wx_fmt=jpeg,,是,1,否,中国,浙江,100001,331,1349,14
2022-05-25,【提到理财，让人想哭】,http://mp.weixin.qq.com/s?__biz=MzI2MzE2NDczMw==&mid=2649755841&idx=1&sn=861fd7ccd93434ef3905613a969aa11e&chksm=f244b693c5333f8529787b40d7806679c642040a1eb14f10263cf4a2614df4e18c697e00788b&scene=27#wechat_redirect,,,,,否,1,否,中国,浙江,18581,17,141,0
2022-05-24,聪明人不适合当老师,http://mp.weixin.qq.com/s?__biz=MzI2MzE2NDczMw==&mid=2649755832&idx=1&sn=7f98491428c095c8bd296386b4d31def&chksm=f244b6eac5333ffc9e17cee4f0d4029f3d95ba18a20ca979498c10c6512dd9b10c7085dc09f2&scene=27#wechat_redirect,放过他吧,半佛仙人,http://mmbiz.qpic.cn/mmbiz_jpg/3Xbx2HV4F3dCVHgG7qxJb46uuNDSoxJ2dKl54aoea2n5fVwkvPs0APtUI910HKP9ib49JvRg86JPagIt09YTBjg/0?wx_fmt=jpeg,,是,1,否,中国,浙江,100001,589,2126,40
2022-05-23,主播看不起舔狗,http://mp.weixin.qq.com/s?__biz=MzI2MzE2NDczMw==&mid=2649755814&idx=1&sn=934817f7037ae455478d8c66fe7499d6&chksm=f244b6f4c5333fe2f85069d0a67a8bb24a9e194949bb2bd7b43f3f1e72ac528a27d907b33df7&scene=27#wechat_redirect,舔狗重要的不是前面那个字，而是后面那个。,白团半佛,http://mmbiz.qpic.cn/mmbiz_jpg/3Xbx2HV4F3fnR1VAeH3XJK82M2uXQ1Q7G3wX0mhMxORsV0gYEW6w5tYdGNXoBSgD5IHCU9icL9Gj90rKt6ibicveA/0?wx_fmt=jpeg,,是,1,否,中国,浙江,100001,577,2415,38
2022-05-22,米哈游成新恶霸了？,http://mp.weixin.qq.com/s?__biz=MzI2MzE2NDczMw==&mid=2649755758&idx=1&sn=23d9fae5d46e201e4cc9d788ccb396ed&chksm=f244b63cc5333f2a2161cf74347d1e28e68bc823e006f782d4b10c36a04cf44cf9e0ba5326d8&scene=27#wechat_redirect,有点无聊了。,青蒜半佛,http://mmbiz.qpic.cn/mmbiz_jpg/3Xbx2HV4F3fnR1VAeH3XJK82M2uXQ1Q7xaCEkssia21PDurpueT1lbBBf3Vicjvd0ImUYDNricQmIjkusy6vCwVLQ/0?wx_fmt=jpeg,,是,1,否,中国,浙江,100001,439,1780,26
2022-05-21,爱尔眼科是短视频的亲爹,http://mp.weixin.qq.com/s?__biz=MzI2MzE2NDczMw==&mid=2649755747&idx=1&sn=94320a8b3855edb60462710adaa635ff&chksm=f244b631c5333f2798a81182acb866db9732525bb6df39a35c20edea07b2ed633ffa482b7cd4&scene=27#wechat_redirect,眼科当爹，简单直接,绿牙齿半佛,http://mmbiz.qpic.cn/mmbiz_jpg/3Xbx2HV4F3fKWBUnibuW7SPrpR7Qia7gMjOSic3g59fwAUTL3dJy5qZdS87ypaQk1WYCOvKywGYoJOXK8VlITdb7A/0?wx_fmt=jpeg,,是,1,否,中国,浙江,100001,415,1461,23
2022-05-20,赛博耳机如何拯救电子社畜,http://mp.weixin.qq.com/s?__biz=MzI2MzE2NDczMw==&mid=2649755734&idx=1&sn=91421e1cf16fdf68d0a1939fcfa34d5d&chksm=f244b604c5333f12d9044bbd92b118ff9a338dac621d9ef777be1052108ccc991f8b20b22878&scene=27#wechat_redirect,多用工具，少走弯路。,半佛仙人,http://mmbiz.qpic.cn/mmbiz_jpg/3Xbx2HV4F3fKWBUnibuW7SPrpR7Qia7gMjNmiaibTSqKRW74UjIicVe5rVeDDcfso2fs7hW5Jy0Erq0Xtlru7le9DUA/0?wx_fmt=jpeg,https://3.cn/107hhf-3N,是,1,否,中国,浙江,100001,331,1380,8
2022-05-19,奢侈品最有用的地方在于没用,http://mp.weixin.qq.com/s?__biz=MzI2MzE2NDczMw==&mid=2649755715&idx=1&sn=d8b88e38bd28d9b9dc63a7ef26ed7cc6&chksm=f244b611c5333f0739d59678e8c7d96f5778fffe453a9a25f82033d48df5ef55f9aa4dc4b96f&scene=27#wechat_redirect,阶级的幻觉,小灵半佛,http://mmbiz.qpic.cn/mmbiz_jpg/3Xbx2HV4F3d22gfAdbDkPINzxhvORS7XDoDauMANhSNrxpSIgic5jcSjUNice7XOGpCUGFdfbyXRd1ibZQPbCEH4w/0?wx_fmt=jpeg,,是,1,否,中国,浙江,100001,445,1595,28
2022-05-18,不信谣言，老人们信什么？,http://mp.weixin.qq.com/s?__biz=MzI2MzE2NDczMw==&mid=2649755695&idx=1&sn=2a94b32260faaac551cee37185aab3eb&chksm=f244b67dc5333f6bd2c1759ab44c54cfa79aa9bc42c367bb0f01e1ce67ee27c2ee882e88fe74&scene=27#wechat_redirect,真相是最后的体面。,半佛仙人,http://mmbiz.qpic.cn/mmbiz_jpg/3Xbx2HV4F3cMuozyYaew4LfhqP844bwqHBqs5GTnEM8LsiarIuTZM3MET3Wq9NOvSkRfrm5YL5jJ9tO2OvyqkrQ/0?wx_fmt=jpeg,,是,1,否,中国,浙江,96897,415,1504,11
2022-05-17,咖啡师的残酷命运,http://mp.weixin.qq.com/s?__biz=MzI2MzE2NDczMw==&mid=2649755677&idx=1&sn=9cce352ecb5d5c72cc3f1582b03c10b9&chksm=f244b64fc5333f59c25964ac0bc6e7e97d50ab5dc20297eca17a7bba86133bdab8190ccc5c06&scene=27#wechat_redirect,泥头车永不回头,红袖半佛,http://mmbiz.qpic.cn/mmbiz_jpg/3Xbx2HV4F3f1OM8oT5mFTkCPyfjhzlxiaySGOIIkV3KXA5iarETticqK0bHMHGmexE1r6gdfnSBeNXHG92QtVtvpg/0?wx_fmt=jpeg,,是,1,否,中国,浙江,100001,712,2001,46
2022-05-16,老去的你该由谁保护？,http://mp.weixin.qq.com/s?__biz=MzI2MzE2NDczMw==&mid=2649755664&idx=1&sn=1dc3f32345198525df4ab80690b5bce0&chksm=f244b642c5333f5461d9f2065d51ed0412394d640419932e747618bd502a266f306f661fdc4e&scene=27#wechat_redirect,科技能不能做点人事。,半佛仙人,http://mmbiz.qpic.cn/mmbiz_jpg/3Xbx2HV4F3fRq0MSqsibbSRZP5CfbwhvW4XQWDGJ0wuNrTaqxPcrn9Pial8wHEQtdnoouWkWV8zEfFXOH10g3UBQ/0?wx_fmt=jpeg,,是,1,否,中国,浙江,100001,491,1778,18
2022-05-15,宜家还能撑多久？,http://mp.weixin.qq.com/s?__biz=MzI2MzE2NDczMw==&mid=2649755648&idx=1&sn=574ad9d98a8439cffbc912b4ed29a2b8&chksm=f244b652c5333f44c8ed5daf1150b122db204ef9796d9ab018cd8d789dba2c4868d4ed40fe1d&scene=27#wechat_redirect,穷人买不起，富人看不上，但嗷嗷能打。,苍羊半佛,http://mmbiz.qpic.cn/mmbiz_jpg/3Xbx2HV4F3f1OM8oT5mFTkCPyfjhzlxianjzaOicW6ibVxDOicFOZtm3cRcyfBtFBocGxDjjW5uL6V5ZJIHibw3vOHQ/0?wx_fmt=jpeg,,是,1,否,中国,浙江,100001,592,1862,25
2022-05-13,你还有真心吗？,http://mp.weixin.qq.com/s?__biz=MzI2MzE2NDczMw==&mid=2649755628&idx=1&sn=05ad4cad769bbe75292d5657eba3532c&chksm=f244a9bec53320a85d710bf852e9e20bab541ca7c453a6aa728b4055b2f94d4d0b9003453ffa&scene=27#wechat_redirect,如何让商家不坑你,半佛仙人,http://mmbiz.qpic.cn/mmbiz_jpg/3Xbx2HV4F3dZEQD47R1NqebfIFibhZicvWBtrfvW9YE0J7GnZmxP5Wf75XxjeMN16yFgOkNOCqicI7ojNfGfr8ASg/0?wx_fmt=jpeg,,是,1,否,中国,浙江,100001,426,1466,12
2022-05-12,虚拟偶像在大厂眼里一文不值,http://mp.weixin.qq.com/s?__biz=MzI2MzE2NDczMw==&mid=2649755588&idx=1&sn=c4c3bc34a6e0111a6835d1cf8c0d5ee2&chksm=f244a996c5332080e9afe1c1fe9b82ae1bd34da60dabc069566c2251b0f3bd8a7ca2adf393bf&scene=27#wechat_redirect,只是技术试验品。,青蒜半佛,http://mmbiz.qpic.cn/mmbiz_jpg/3Xbx2HV4F3edibBB6FCPJEiaxxuh9zTqjq4Ujfnib7ia7D84DzuA3Ihe8XxMegAb2acDLfPd6Xia8j8Jiah7xAlQzSBw/0?wx_fmt=jpeg,,是,1,否,中国,浙江,100001,631,2172,37
2022-05-11,居家办公每五分钟抓拍一次人脸，根本不怕骂,http://mp.weixin.qq.com/s?__biz=MzI2MzE2NDczMw==&mid=2649755579&idx=1&sn=5587a1bbe9f75655c6a93418909b7534&chksm=f244a9e9c53320ff963cceea6127b76660167e1f6ce24afd994e853769aba0fd942b000c7f54&scene=27#wechat_redirect,你以为老板傻，人家其实精明着呢。,小灵半佛,http://mmbiz.qpic.cn/mmbiz_jpg/3Xbx2HV4F3fXKNNHrV37d59FkTZ0Vm1wicYvIZ7WmV5BQXYiat8iaLsPJUeLYqQrjRjQicWHm8IKGWt7CxicWpnicx5w/0?wx_fmt=jpeg,,是,1,否,中国,浙江,100001,522,1964,24
2022-05-10,罗永浩都夸他？,http://mp.weixin.qq.com/s?__biz=MzI2MzE2NDczMw==&mid=2649755559&idx=1&sn=27bdd26929558a101eb8c048c49f2441&chksm=f244a9f5c53320e3680a795305c53af72c947e4f5756a6be71229bb34e0280dca38d59e41ce6&scene=27#wechat_redirect,到底是不是玄学？,半佛仙人,http://mmbiz.qpic.cn/mmbiz_jpg/3Xbx2HV4F3eQV7FexlXRHA4A9R4yiantISIDHOCKaOtV1CHrq0cLIWoZ9T9V4JNKUCLKkZZr73qFnCqeokIfX2Q/0?wx_fmt=jpeg,https://lyh.mastergo.com?utm_source=wechat&amp;utm_medium=article&amp;utm_campaign=lyh&amp;utm_term=banfo&amp;utm_content=readmore,是,1,否,中国,浙江,100001,342,1254,9
2022-05-09,读书破万卷，装X如有神,http://mp.weixin.qq.com/s?__biz=MzI2MzE2NDczMw==&mid=2649755546&idx=1&sn=9db01f6c0d4a136392bc9ef862bf2326&chksm=f244a9c8c53320ded664bf0a4f2c62dae4d371aec7ceb0e13c6dcc47ded100a28038ed28c299&scene=27#wechat_redirect,读书有什么用？,半佛仙人,http://mmbiz.qpic.cn/mmbiz_jpg/3Xbx2HV4F3e07857FJQXKsXm2uPfo5iagQRkvTWicbuibqCI8ib26w72Q8BZwhDfnRsR6aE9jhmWTMFpibK47oIicWQg/0?wx_fmt=jpeg,,是,1,否,中国,浙江,100001,469,1690,19
2022-05-08,大厂员工被高薪宠坏了？,http://mp.weixin.qq.com/s?__biz=MzI2MzE2NDczMw==&mid=2649755521&idx=1&sn=3330075e3ff77b205078d437b627d765&chksm=f244a9d3c53320c5fb15679fe629f6dfa06ac829b9b1f11f2c97e349250ba14947b3bd4d59b3&scene=27#wechat_redirect,都是赤裸裸的商业逻辑。,小灵半佛,http://mmbiz.qpic.cn/mmbiz_jpg/3Xbx2HV4F3e07857FJQXKsXm2uPfo5iagibQLroiceXZob5Jd5KttALCTIAAd2ax6qwAiad1Zr8hDJtmuEu0a7Yuqg/0?wx_fmt=jpeg,,是,1,否,中国,浙江,100001,564,2034,22
2022-05-07,长江首城，燃面更燃心,http://mp.weixin.qq.com/s?__biz=MzI2MzE2NDczMw==&mid=2649755482&idx=1&sn=103f1b3a61671206af9c341a96bafaf9&chksm=f244a908c533201e24ef58c2674a2b0d785c313d6babd373d63ce702d46f37733b2ffc29bbaf&scene=27#wechat_redirect,游子终于要回家了。,半佛仙人,http://mmbiz.qpic.cn/mmbiz_jpg/3Xbx2HV4F3e07857FJQXKsXm2uPfo5iagdkBREkXUhxYAU9kWsetoJzAUeCJ6WFsBC3CNSjFrIn8aliaJ4WibvJ6w/0?wx_fmt=jpeg,,是,1,否,中国,浙江,100001,432,1529,16
2022-05-06,过气新消费，如何自保？,http://mp.weixin.qq.com/s?__biz=MzI2MzE2NDczMw==&mid=2649755474&idx=1&sn=63a74c3655e988b579ec972d5b19362a&chksm=f244a900c533201602d07c44fea7190a1cc3d707408c1ed7273d726f7b439fc5ea7a6029c5b4&scene=27#wechat_redirect,不要多好，但需要比别人好。,半佛仙人,http://mmbiz.qpic.cn/mmbiz_jpg/3Xbx2HV4F3fB0RKgjPevOSBHrbR5qNrmTzIq5MVG0cTw0pV1H9dmkQ9srXticgtoYwN7ovwFuhK6Pnic4liaLpJYA/0?wx_fmt=jpeg,,是,1,否,中国,浙江,92446,432,1379,17
2022-05-05,电商不靠自己，直播也救不了你,http://mp.weixin.qq.com/s?__biz=MzI2MzE2NDczMw==&mid=2649755454&idx=1&sn=04649660f9c2022993b8e160d959d862&chksm=f244a96cc533207af5dd7be0824303a843dc1ff2682604482a78992df90fca82829527c37370&scene=27#wechat_redirect,一个一定赚钱的东西，大概率赚的就是你的钱。,半佛仙人,http://mmbiz.qpic.cn/mmbiz_jpg/3Xbx2HV4F3fBmY9rLFqnibTDhibm2IZ31WFOcYdlaqDSaiadbLQEhq2QypLwZXHc3gm3icCJria4tvUBuxlA6wyHiaZA/0?wx_fmt=jpeg,,是,1,否,中国,浙江,100001,400,1512,11
2022-05-04,失恋就该找情感博主,http://mp.weixin.qq.com/s?__biz=MzI2MzE2NDczMw==&mid=2649755438&idx=1&sn=000d451aca6dcf5f10c99c40718bcf0d&chksm=f244a97cc533206af384abf1c52b235b9ac3a1e49d083993b64396e5f987beed8a2a1b4890fe&scene=27#wechat_redirect,花钱买个倾听者,半佛仙人,http://mmbiz.qpic.cn/mmbiz_jpg/3Xbx2HV4F3d2YwCBBsNCEHiacUTjh9KVib78Mah5GhianFRtXgAANjepnaiac1r1kab1IicoAHRVz7aOxadB2f6z3Bg/0?wx_fmt=jpeg,,是,1,否,中国,浙江,93606,352,1386,17
2022-05-03,B站当爹，简单直接,http://mp.weixin.qq.com/s?__biz=MzI2MzE2NDczMw==&mid=2649755415&idx=1&sn=d6bb99a7d367f383f301c989bc3bc4d4&chksm=f244a945c53320535e0c069c0cc1702b08747b470cbb30d5193c2645a007a31942e131ee9f44&scene=27#wechat_redirect,活下去，直到花开的那天。,半佛仙人,http://mmbiz.qpic.cn/mmbiz_jpg/3Xbx2HV4F3dzfKDKH7lZV9xfO2f1q9E13tNeSZd35JgzpjBAiaD6XpGoqK2wgibxeic36vg7O4ibPvwiakcjAibqYPnA/0?wx_fmt=jpeg,,是,1,否,中国,浙江,100001,1308,4168,23
2022-05-02,撕X已死，小作文永生,http://mp.weixin.qq.com/s?__biz=MzI2MzE2NDczMw==&mid=2649755348&idx=1&sn=7a8cf789bc94bbb4ce6c713280de6df4&chksm=f244a886c5332190663822c0090690d7e9ee191ae0f708166943c81427bf16a3508b586ede68&scene=27#wechat_redirect,万物皆可饭圈。,半佛仙人,http://mmbiz.qpic.cn/mmbiz_jpg/3Xbx2HV4F3eP24dEoUblDUgMAD3ywvDBVnqMG6Z2rliaMeic4nlPmL272SW7P9NU2ia2avk5eKRw73WxW3frMZA0A/0?wx_fmt=jpeg,,是,1,否,中国,浙江,100001,560,1904,27
2022-05-01,五一劳动节快乐，大红包奉上,http://mp.weixin.qq.com/s?__biz=MzI2MzE2NDczMw==&mid=2649755340&idx=1&sn=8fcc3bcf4bb8e641b2f1f279d12083c8&chksm=f244a89ec5332188e20fd4ad3d5c9df283879d24977df3fc1fa6f8574bb6cb5e8a0c9a8d9e50&scene=27#wechat_redirect,五一快乐，恭喜发财,半佛仙人,http://mmbiz.qpic.cn/mmbiz_jpg/3Xbx2HV4F3eP24dEoUblDUgMAD3ywvDBIbNgVYsryvP27hY9icqo9vPAlGFbiaL1kuNrEibEJtCqXShlIMAO0CUPQ/0?wx_fmt=jpeg,,是,1,否,中国,浙江,100001,1335,5914,14
2022-04-30,什么才是真正的机械飞升,http://mp.weixin.qq.com/s?__biz=MzI2MzE2NDczMw==&mid=2649755313&idx=1&sn=d2129c3fb89751dcce6d7a63e0099cec&chksm=f244a8e3c53321f54bb8b2ddb84d15bb3f358ba3e79fb589b3983e60527f33650b37157c64ea&scene=27#wechat_redirect,天与海之间。，成仙，或是在人间。,半佛仙人,http://mmbiz.qpic.cn/mmbiz_jpg/3Xbx2HV4F3eh8fZJ3fib3QuuBFfd4oBBgdrQX76KfpsFgh9V8j6B5clj6KCSPMxyUbLTzPyvNY2tAOUA5Gdqfaw/0?wx_fmt=jpeg,,是,1,否,中国,浙江,100001,398,1665,28
2022-04-29,代糖抢了谁的饭碗,http://mp.weixin.qq.com/s?__biz=MzI2MzE2NDczMw==&mid=2649755261&idx=1&sn=628d05ed76746d375f878597619c276d&chksm=f244a82fc5332139b342f60fa6c386f92e805f8b3a9f3052816ff9dd76899fd9c9ebef47bc31&scene=27#wechat_redirect,代糖是骗局吗？,半佛仙人,http://mmbiz.qpic.cn/mmbiz_jpg/3Xbx2HV4F3eh8fZJ3fib3QuuBFfd4oBBggCuwltamias0Xju3RQlT5tsxweQYrmLSIqt6Dk2KDxgNY5XnIqIH8eQ/0?wx_fmt=jpeg,,是,1,否,中国,浙江,100001,528,1878,25
2022-04-28,咖喱如何征服亚洲,http://mp.weixin.qq.com/s?__biz=MzI2MzE2NDczMw==&mid=2649755260&idx=1&sn=106a1c3af270f882394ab3443678424c&chksm=f244a82ec533213840d541171d7a496c62b8e79e327cda9cdf18fc4bc75bfa64bd28a692f05b&scene=27#wechat_redirect,干净又卫生,橙子半佛,http://mmbiz.qpic.cn/mmbiz_jpg/3Xbx2HV4F3eh8fZJ3fib3QuuBFfd4oBBgduInI8lI3kKNbibSeDyLdW8hib88iboIvPjc5BsrrX7ZniaG5wI04gbyHQ/0?wx_fmt=jpeg,,是,1,否,中国,浙江,85420,363,1449,24
2022-04-27,口香糖的敌人，是全世界,http://mp.weixin.qq.com/s?__biz=MzI2MzE2NDczMw==&mid=2649755162&idx=1&sn=ca57707760c868a1a6de0e28763cd1fe&chksm=f244a848c533215e9105c094c4fc7e7223a0d0965730e1c5c18da596aa722cebc6c5dc578a2f&scene=27#wechat_redirect,人们不再相信故事。,绿牙齿半佛,http://mmbiz.qpic.cn/mmbiz_jpg/3Xbx2HV4F3fAGOBicTkvxnkYKMVyUMs7XwMibZElu7ytsG1JR6GOq5r2VrLXrWEyjcB9ic6DhLvn4cVAOpjp3oCaw/0?wx_fmt=jpeg,,是,1,否,中国,浙江,99133,434,1622,19
2022-04-26,绿了，就对了,http://mp.weixin.qq.com/s?__biz=MzI2MzE2NDczMw==&mid=2649755145&idx=1&sn=8fd9e2799e5883860a21616ef131d9fd&chksm=f244a85bc533214dab4b89fa8cbb48c1f0419c4b4813236d23f2f86838a4c1fe69e3c3553745&scene=27#wechat_redirect,祈祷是没用的，还是得干。,半佛仙人,http://mmbiz.qpic.cn/mmbiz_jpg/3Xbx2HV4F3fTp7Ac5BxzXtRKemzcflomAwyT1lJ9M0ic4EjpZaHWMw4Ria59VYMJEXWRR4an6yUS4L7f9aoWIUoA/0?wx_fmt=jpeg,,是,1,否,中国,浙江,100001,396,1593,12
2022-04-25,150碗熟肉与职业打假人的罗生门,http://mp.weixin.qq.com/s?__biz=MzI2MzE2NDczMw==&mid=2649755127&idx=1&sn=1305be193a40cf13103750fd4beacd29&chksm=f244aba5c53322b3710bbeec1bec037cefa8d974841c18dcc942b8000f1a9c627b8544ffdafc&scene=27#wechat_redirect,反复横跳反复横跳还是反复横跳。,小灵半佛,http://mmbiz.qpic.cn/mmbiz_jpg/3Xbx2HV4F3fTp7Ac5BxzXtRKemzcflomI7aFJ3nlMbVtyswLlNp2JOrRyzmN5wdruy8dkVeicAlpfYIazepkXgg/0?wx_fmt=jpeg,,是,1,否,,,100001,678,2259,41
2022-04-24,一个中年人后悔鸡娃，想要二胎,http://mp.weixin.qq.com/s?__biz=MzI2MzE2NDczMw==&mid=2649755063&idx=1&sn=91974619c84b9471c6fad35b65803ab3&chksm=f244abe5c53322f3eb83a0b2044151d60dc2a5a024c1daac7d8d701b5a1624bb7514802bb868&scene=27#wechat_redirect,被命运安排得明明白白。,半佛仙人,http://mmbiz.qpic.cn/mmbiz_jpg/3Xbx2HV4F3ePCpneN89rA3ocVZRknvu7uEksI9nRoBUdb1icjD1hRicfBl0Id0ibiatnEY1xRxfgssRdYiacUKjNP8g/0?wx_fmt=jpeg,,是,1,否,,,100001,932,3103,15
2022-04-23,出版了一本书，发个大红包,http://mp.weixin.qq.com/s?__biz=MzI2MzE2NDczMw==&mid=2649755038&idx=1&sn=c2399262c1de2e6dc1142c776ea22b07&chksm=f244abccc53322da14f670804ae01ca00f5112913ad89cbcc00af3dd35a6e88c08dc728b3201&scene=27#wechat_redirect,小小的里程碑，感谢大家。,半佛仙人,http://mmbiz.qpic.cn/mmbiz_jpg/3Xbx2HV4F3dkHSQDOIJVWcjhiahH3hoiaCRnCvSYRHPIjeqopwtDRfAtWibEMDMscL6l9HgHDJhWneXqf0u6vwlPA/0?wx_fmt=jpeg,http://product.dangdang.com/29393537.html,是,1,否,,,100001,1643,7089,9
2022-04-22,真正的渣男，分手都是深情的,http://mp.weixin.qq.com/s?__biz=MzI2MzE2NDczMw==&mid=2649755028&idx=1&sn=ebb3e1cd51c5149e8dcabfa2f75a3660&chksm=f244abc6c53322d04139f0e9ee4b7909d9a59474c1624de1a444c18a6f955cedb92593b5dba1&scene=27#wechat_redirect,能简单直接明确原因的分手，都不够渣。,白团半佛,http://mmbiz.qpic.cn/mmbiz_jpg/3Xbx2HV4F3fTibDvJDPAZNib9crPuyHG5Tic9XGsCF2bvq19Gx2Svpia7H9CbK2goly4qswU5eHcKtu7gJ3hAuQjyw/0?wx_fmt=jpeg,,是,1,否,,,100001,481,1934,26
2022-04-21,内卷再艰辛，也要推陈出新,http://mp.weixin.qq.com/s?__biz=MzI2MzE2NDczMw==&mid=2649755010&idx=1&sn=fa1a42296476d7c4282bc7ac90fcbc4c&chksm=f244abd0c53322c6e32a62956f449b0dc94d402ef861ce23685fcdbf653cd642c7a4539292f6&scene=27#wechat_redirect,玄学大战科学,半佛仙人,http://mmbiz.qpic.cn/mmbiz_jpg/3Xbx2HV4F3dkHSQDOIJVWcjhiahH3hoiaCjHx80GApwVA8B8eENs3cySqWYibUxR4jicoaAiaPSws9bsVr3zEzIwOFA/0?wx_fmt=jpeg,http://3.cn/1-u5T1dK,是,1,否,,,100001,366,1393,6
2022-04-20,奢侈品割你，但LV心疼你,http://mp.weixin.qq.com/s?__biz=MzI2MzE2NDczMw==&mid=2649754981&idx=1&sn=731eda9546e10c33cc15adc6abd41a40&chksm=f244ab37c53322215b3b9ea79972dd34cacce4e6f623b0cf1587c5882e718e6287172dee3c2a&scene=27#wechat_redirect,逼格拿捏的死死的。,小灵半佛,http://mmbiz.qpic.cn/mmbiz_jpg/3Xbx2HV4F3ew5tpDBbjdRJia4XyhDwsumtLsGbCxErRqo2fMfeedpS6GcE7GdV29xrwJxvppeq1O3fDDmXicPLHw/0?wx_fmt=jpeg,,是,1,否,,,100001,936,2538,23
2022-04-19,椰树招人，整活圈的活菩萨,http://mp.weixin.qq.com/s?__biz=MzI2MzE2NDczMw==&mid=2649754970&idx=1&sn=762b1dbb7aaad4dc3f5d60ca6097cc70&chksm=f244ab08c533221e9c66a0df4382e9c6a74c9e66054684181c84c92a71a70d0a962a6b442bb7&scene=27#wechat_redirect,好好看，好好学,小灵半佛,http://mmbiz.qpic.cn/mmbiz_jpg/3Xbx2HV4F3eibf0rTGhuAicQmDbgb6UMSKwBDJeuaZKWRibMxNrpJuMVfdE3HuFML0SS26KbXe5PSIySkEmjDAdCw/0?wx_fmt=jpeg,,是,1,否,,,100001,451,1565,19
2022-04-18,人类如何成为辣椒的奴隶,http://mp.weixin.qq.com/s?__biz=MzI2MzE2NDczMw==&mid=2649754944&idx=1&sn=ec8de267d205a04e7dbefd5b6514f528&chksm=f244ab12c5332204eec76293a4716f4b94d96371533e5becd6221b25d3f8547616213a960fa4&scene=27#wechat_redirect,辣椒如何驯服人类,橙子半佛,http://mmbiz.qpic.cn/mmbiz_jpg/3Xbx2HV4F3f5GxyibDsSXpEOo1MII4kWCicKFZaRoZO2drGW5CElvVBngAvFlehD9eDq9WxtBiaGT7Uv7icG1ibz1OA/0?wx_fmt=jpeg,,是,1,否,,,100001,477,1580,22
2022-04-17,谭乔的蝴蝶，飞不过气球哥的沧海,http://mp.weixin.qq.com/s?__biz=MzI2MzE2NDczMw==&mid=2649754930&idx=1&sn=cf4389e50a50e3f0ff02b689e32024d8&chksm=f244ab60c5332276f3408a21fc901acd83de1c326f66e19169c4a7df28e1a0602204bc33e9bf&scene=27#wechat_redirect,这就是世界的参差,小灵半佛,http://mmbiz.qpic.cn/mmbiz_jpg/3Xbx2HV4F3fibFibbu8ic028Ab3cdodvwqAHLQCxIxLEtXyXpkKuG1fB81EzAWw3HEhibFticuNsiblHVe9yplzmFZ4w/0?wx_fmt=jpeg,,是,1,否,,,100001,914,3008,34
2022-04-16,会所的核心竞争力是厨师,http://mp.weixin.qq.com/s?__biz=MzI2MzE2NDczMw==&mid=2649754899&idx=1&sn=84ce9f6c6b51705180bc8860eaca3cc9&chksm=f244ab41c533225763caa4098b2de885837d2bcda6ef80cf6654788338e5099640387f15eb2e&scene=27#wechat_redirect,看起来离谱，但比你想的还离谱。,半佛仙人,http://mmbiz.qpic.cn/mmbiz_jpg/3Xbx2HV4F3f5GxyibDsSXpEOo1MII4kWC0o17SQ7VKiaNTwIZicaPPDmcrzGQZyh1nGfJGMpEcXIj76j085qgLZqw/0?wx_fmt=jpeg,,是,1,否,,,100001,395,1425,35
2022-04-15,最恐婚的是婚介,http://mp.weixin.qq.com/s?__biz=MzI2MzE2NDczMw==&mid=2649754875&idx=1&sn=571f7b99fc70904d48da03a594d3b0dc&chksm=f244aaa9c53323bfa5a7438485f6aca18066c16a9cbbc7939cf4866bb35ce7c560b3d7cf5266&scene=27#wechat_redirect,爱情也拿来收租,半佛仙人,http://mmbiz.qpic.cn/mmbiz_jpg/3Xbx2HV4F3cC9dfulia4Ord4iawjFHpx5foKfDfibcia1neVbEhv4ekFt26XszKJibZNJCxdYVQLib04iblVEU1eAYFvg/0?wx_fmt=jpeg,,是,1,否,,,100001,489,1766,25
2022-04-14,今天，曝光这几个公众号！,http://mp.weixin.qq.com/s?__biz=MzI2MzE2NDczMw==&mid=2649754867&idx=2&sn=68af48843092275c6b5e66112da3a967&chksm=f244aaa1c53323b760c7824c595a5b1038be202e5140757bcb635e494f73a4ab13eaf69cc0d9&scene=27#wechat_redirect,与别人的差距，可能就在这里。,程序员狗哥,http://mmbiz.qpic.cn/mmbiz_jpg/3Xbx2HV4F3cC9dfulia4Ord4iawjFHpx5fk5aFZCbmNIGJJiasKe1PFBSEPgl5ibHWpS3TCjYHy8bibkVNRiaUcqSQvQ/0?wx_fmt=jpeg,,否,2,否,,,27837,23,91,0
2022-04-14,偷情痛揍婚姻，魔法大战魔法,http://mp.weixin.qq.com/s?__biz=MzI2MzE2NDczMw==&mid=2649754867&idx=1&sn=ce65474ca7c389600a88198d7e90e45e&chksm=f244aaa1c53323b77d61d1e585f797c8bc5649fa62f70be05d0c9ec15d4f65da24ce5e5c7088&scene=27#wechat_redirect,学法不积极，脑袋有问题。,小灵半佛,http://mmbiz.qpic.cn/mmbiz_jpg/3Xbx2HV4F3cC9dfulia4Ord4iawjFHpx5fHicuepK5LicDK0V9gNlia0SZ0y0JBniaPSJlcIAvaicOklt5yMCMpK890QQ/0?wx_fmt=jpeg,,是,1,否,,,100001,426,1639,15
2022-04-13,肥皂除了捡，还能怎么卷？,http://mp.weixin.qq.com/s?__biz=MzI2MzE2NDczMw==&mid=2649754844&idx=1&sn=18b57275cb017106d1327f55e4d0f6fb&chksm=f244aa8ec53323985e395afcc0b5286d6cc9e715a9d4d98b7616e71f14f66389151ab1f0143a&scene=27#wechat_redirect,卷到最后，把自己卷没了。,绿牙齿半佛,http://mmbiz.qpic.cn/mmbiz_jpg/3Xbx2HV4F3dYzMYk3R38yE8QqVNxoRwbylK69SRFkLqfOtuib5VaXsYFRMIibTHJLuafrmbg5b54TuD2XYQMLrNQ/0?wx_fmt=jpeg,,是,1,否,,,97920,451,1597,17
2022-04-12,为何大厂选择减人而不是降薪？,http://mp.weixin.qq.com/s?__biz=MzI2MzE2NDczMw==&mid=2649754827&idx=1&sn=41ba6f8bf2e3b925f2d0dea2ecbc2dad&chksm=f244aa99c533238f602b95ba04b65a07f56c5ba428ca340527cca8951be01b8927854dd3be7b&scene=27#wechat_redirect,一些残酷又真实的原理。,半佛仙人,http://mmbiz.qpic.cn/mmbiz_jpg/3Xbx2HV4F3cAqH2ia1P0dYsbXQb2SVZuyoDTXicxaXCRNoytm49ZOI5b9955jGrHAJjV1RUaJUsFG9NbtuurquqQ/0?wx_fmt=jpeg,,是,1,否,,,100001,693,2062,18
2022-04-10,大厂为何一边裁人，一边招人？,http://mp.weixin.qq.com/s?__biz=MzI2MzE2NDczMw==&mid=2649754808&idx=1&sn=33d4df9955df89442786ee289a6841ca&chksm=f244aaeac53323fc5231a3b19406a78abd146a8721098047f8b7721600a2dd56d25a053d6b7f&scene=27#wechat_redirect,唯一不变的就是变化,半佛仙人,http://mmbiz.qpic.cn/mmbiz_jpg/3Xbx2HV4F3eTzu9DlyNTMPaBibccHTU7CGDFMZgl8ALDwkntpNjb3PLq2MTiaj5K9sOUt1gJ4uTqlicX96W9icZv3w/0?wx_fmt=jpeg,,是,1,否,,,100001,732,2210,12
2022-04-09,其实不是技术好，主要皮肤骚,http://mp.weixin.qq.com/s?__biz=MzI2MzE2NDczMw==&mid=2649754794&idx=1&sn=a8a43f465e657997ccceb81c154c9ee8&chksm=f244aaf8c53323ee182e6bf32879caf1e876e2b99f45f99034c28367901ceef68880c89935bd&scene=27#wechat_redirect,另一种众生平等。,半佛仙人,http://mmbiz.qpic.cn/mmbiz_jpg/3Xbx2HV4F3eB7NN2h2eRoXgUBlNaI9Oge2jR0Kw15zkCSXMZ3lYA3FZB5bvdXBdDCnvXu7ibiaIjbhwZZdP9Sz8w/0?wx_fmt=jpeg,,是,1,否,,,100001,390,1302,13
2022-04-08,啤酒背后的资本大逃杀,http://mp.weixin.qq.com/s?__biz=MzI2MzE2NDczMw==&mid=2649754783&idx=1&sn=6208de806237ca5535889e83141d4e7e&chksm=f244aacdc53323db6cb4ac1af6254052dbd545a23011c842c529393e8c4207f7c7c2b9d046a4&scene=27#wechat_redirect,无止境的贪吃蛇游戏,绿牙齿半佛,http://mmbiz.qpic.cn/mmbiz_jpg/3Xbx2HV4F3e6UVXmXFGBrUb9NBGLIeFfAQe7HY8eV1licBrELzqkhibQjicrEM4H9VK819n3Tr2QM0ZicibjB9OD3sg/0?wx_fmt=jpeg,,是,1,否,,,100001,446,1440,28
