文章日期,文章标题,文章链接,文章简介,文章作者,文章封面,是否原创,文章位置,是否付费,文章发布国家,文章发布省份,阅读数,在看数,点赞数,留言数,赞赏数,视频数,音频数
2023-12-31 21:01:48,莫言的2024新年祝福来啦，请查收！,http://mp.weixin.qq.com/s?__biz=Mzg3MTY2ODQxNA==&mid=2247491346&idx=1&sn=8ca1d74370088c29031a8f673189329b&chksm=cefa50c3f98dd9d567c61f9e82c6121754a236adce5c85f50bcdbfe9b8c1e63e864a53704c67#rd,朋友们元旦快乐！,莫言,https://mmbiz.qpic.cn/mmbiz_jpg/1rkoZ5tjJgxibzs7QgvpUn8UxO1FV6BIPLkw6r4r5UtO0x12s8uSLrrqcvYiciascuomicJoE9FVYVFQSObgxwsWRw/0?wx_fmt=jpeg,否,1,否,中国,江苏,100001,1987,9159,59,0,0,0
2023-12-18 21:01:48,莫言：亲爱的余华，当你看到这篇推送时……,http://mp.weixin.qq.com/s?__biz=Mzg3MTY2ODQxNA==&mid=2247491316&idx=1&sn=913c11c698b466de8f76bfd466067275&chksm=cefa5125f98dd8337dfbaa2cb82044aa41ae51945c69eaf4ef301016c6b1382dd2e43b77e5ee#rd,亲爱的余华,莫言,https://mmbiz.qpic.cn/mmbiz_jpg/1rkoZ5tjJgwAibgEUJiapgfj6ibNgthbMWSJJt9FO4KebOMM6tdu4yvnoLvCwUUEMibcFwh6icZfEZ5qUncVQHSibjDQ/0?wx_fmt=jpeg,否,1,否,中国,上海,100001,2488,11653,95,0,0,0
2023-12-11 21:52:21,莫言：我见到了我的YYDS,http://mp.weixin.qq.com/s?__biz=Mzg3MTY2ODQxNA==&mid=2247491277&idx=1&sn=97767d4205775e010a298faa2403c5da&chksm=cefa511cf98dd80ac1b37fca14814f42cd22c320bef3077d03814a509d40464fda4990dafa99#rd,我见到了我的YYDS！,莫言,https://mmbiz.qpic.cn/mmbiz_jpg/1rkoZ5tjJgwgqb5jzL9nF49lpp5UfUebuIC2zdS2iaJMibNU7ZvnY72MT7lyibQiakGich4SIj3r7KicVr8EHT5N82DA/0?wx_fmt=jpeg,否,1,否,中国,上海,100001,1090,5266,56,0,0,0
2023-12-04 21:01:33,莫言：今天带大家看看我的文学艺术馆,http://mp.weixin.qq.com/s?__biz=Mzg3MTY2ODQxNA==&mid=2247491235&idx=1&sn=5d5d763aec520d1783094b5cbe433d17&chksm=cefa5172f98dd86477a7c8222f9b42e59a0ada9ce3a48bcac1a49b314a1cd66c857166b4597f#rd,莫言文学馆开馆啦,莫言,https://mmbiz.qpic.cn/mmbiz_jpg/1rkoZ5tjJgx6wJ921nDUobC4cqk0adppia1oicftSWZ8Ure4YuWqUlhheH4yF1dqicJrexS914V7zjk0bHHS4l1kQ/0?wx_fmt=jpeg,否,1,否,中国,上海,98018,958,3997,41,0,0,0
2023-11-27 21:04:55,莫言：我保持年轻的秘诀,http://mp.weixin.qq.com/s?__biz=Mzg3MTY2ODQxNA==&mid=2247491107&idx=1&sn=5df40e973d1230b9f99c4a817b755b68&chksm=cefa51f2f98dd8e4ffec17ab75cede509c65bac170a91acdac1cbe76d86b4843df4d70f67d31#rd,猜猜是什么？,莫言,https://mmbiz.qpic.cn/mmbiz_jpg/1rkoZ5tjJgwjJRT595C0OvUju9NzYaCTiaHtqC9Eqx6WcjmG1bVJyY2uMTMD4d6sAtiaDmy8hbrLUCejwzygyAjA/0?wx_fmt=jpeg,否,1,否,中国,上海,100001,1204,4045,50,0,0,0
2023-11-20 21:02:22,莫言：放出一条“鳄鱼”，给你们看看我写的戏剧,http://mp.weixin.qq.com/s?__biz=Mzg3MTY2ODQxNA==&mid=2247491087&idx=1&sn=c1521c004c230326864b62f1d441153e&chksm=cefa51def98dd8c83e4682f4535f0e541af4c059ab2ba73c05ad996b15a29d36a064f3f386fb#rd,我的新书《鳄鱼》,莫言,https://mmbiz.qpic.cn/mmbiz_jpg/1rkoZ5tjJgzLwLWDpnfQYu2m9GMUapX9WVfWMQLmtmgO1fIXCTXZHhaXaObecEZjicGQIxDNjW3Q1T62Ym7yXTg/0?wx_fmt=jpeg,否,1,否,中国,上海,98580,899,3531,43,0,0,0
2023-11-13 21:01:44,莫言：我去看了乞力马扎罗的雪山,http://mp.weixin.qq.com/s?__biz=Mzg3MTY2ODQxNA==&mid=2247491066&idx=1&sn=ee3dc337280f00a522b3a4541bb91be9&chksm=cefa522bf98ddb3dd7c8f9cf481c8032f1495b3da7f9ac996d6660382acfe915cde4ab882769#rd,仰望雪山，重温经典,莫言,https://mmbiz.qpic.cn/mmbiz_jpg/1rkoZ5tjJgz78y3QPKUJHsMM4eJOxgoW6zWfjwhkwtl6wJm4SUpPbiaOxia2PjiaJ3DDRtzbLFHNwudDlscCial8Yw/0?wx_fmt=jpeg,否,1,否,中国,上海,100001,1090,4288,47,0,0,0
2023-11-06 21:02:26,莫言：讲一个民间奇人的故事,http://mp.weixin.qq.com/s?__biz=Mzg3MTY2ODQxNA==&mid=2247490904&idx=1&sn=ef787d01f3d0fb3a5cf2df605e4a493e&chksm=cefa5289f98ddb9fbf0778b9adcb93ccbad6bf3c51840dcbbc8ef1295bf9439628d1de07956a#rd,令我印象深刻的民间奇人,莫言,https://mmbiz.qpic.cn/mmbiz_jpg/1rkoZ5tjJgybMxnJKQTW5ciawV37KSoDraVnJdODrZloJTZWQXO8DiayHj4gdX2XvxFg0y5vy60FrBQThicS9Wj2A/0?wx_fmt=jpeg,否,1,否,中国,上海,100001,768,2827,46,0,0,0
2023-10-23 21:00:58,莫言：塞万提斯教给我的写作技巧,http://mp.weixin.qq.com/s?__biz=Mzg3MTY2ODQxNA==&mid=2247490852&idx=1&sn=5535b671bd56d9c12a3f9b45cf5c4a1c&chksm=cefa52f5f98ddbe3105b10a4b9e92d695a207d65f45e80be1da3d9a0164a7444f468c2de4df2#rd,我最喜欢的作家之一,莫言,https://mmbiz.qpic.cn/mmbiz_jpg/1rkoZ5tjJgxQPQ84QWEIK3LkAD3QXJIUibgMqsOLnMCPeWQ6gCFhQSmYT8609k8rG4SADns4nDIaF8mia9TCibTSg/0?wx_fmt=jpeg,是,1,否,中国,上海,100001,908,3122,44,0,0,0
2023-10-16 21:09:36,莫言：60年前改变我人生的一件小事,http://mp.weixin.qq.com/s?__biz=Mzg3MTY2ODQxNA==&mid=2247490842&idx=1&sn=acf3c4e66b85ea65e4d1af0c54cd2f72&chksm=cefa52cbf98ddbdd5444251a012a047fd29357c15c29500d19c0bfe2468a99179adad0e73461#rd,善与恶,莫言、冷冰川,https://mmbiz.qpic.cn/mmbiz_jpg/1rkoZ5tjJgwQkggsjxvW53rTcZ3qfBtC9yWCClL0ONxcfOXj8uNepZiaqYcdlUFgpukhs0S49U3ALSJxctDf3sg/0?wx_fmt=jpeg,否,1,否,中国,上海,100001,1989,8170,56,0,0,0
2023-10-09 21:01:59,莫言：秋天一定要吃螃蟹！,http://mp.weixin.qq.com/s?__biz=Mzg3MTY2ODQxNA==&mid=2247490836&idx=1&sn=cfd79f70a292fa36828150328ec8c91c&chksm=cefa52c5f98ddbd314978381a00a2175387b93ed2f53ca2cebd43478cf5a196fce864053c4c2#rd,秋天正是吃蟹的好季节！,莫言,https://mmbiz.qpic.cn/mmbiz_jpg/1rkoZ5tjJgyEFsicwvNPRMqzptkiaKfqZneKFU6zewv2872Ut7pZfV4Vp5DZkYw1fKNnwfXrF9D3VBxRGfGa64gQ/0?wx_fmt=jpeg,否,1,否,中国,上海,100001,951,4209,52,0,0,0
2023-10-02 21:02:10,莫言：十一你们都在哪里玩？,http://mp.weixin.qq.com/s?__biz=Mzg3MTY2ODQxNA==&mid=2247490821&idx=1&sn=1e7c1517b20b107eb8869f9d867b8ee0&chksm=cefa52d4f98ddbc2ad2da826e91ecfa68ac8584b15a4cbf239c5bb3288b2a30a716374f02ead#rd,我在非洲玩！,,https://mmbiz.qpic.cn/mmbiz_jpg/1rkoZ5tjJgzy9S7T5y950Gflb1nhM6icXiblptiakxNSslHicCicAf7BT0jOmghp8A3UVEvElf84DQmWD5ymyu8uthg/0?wx_fmt=jpeg,否,1,否,中国,上海,100001,1723,9291,54,0,0,0
2023-09-25 21:01:38,莫言：作诗两首，祝贺中秋！,http://mp.weixin.qq.com/s?__biz=Mzg3MTY2ODQxNA==&mid=2247490747&idx=1&sn=a0ff3c7d894156f5ada576c7d6e057aa&chksm=cefa536af98dda7c32f5712653bec84093ecaad4f1e0786839e3659f3352f55a440dec4f9ce7#rd,提前祝大家中秋快乐！,莫言,https://mmbiz.qpic.cn/mmbiz_jpg/1rkoZ5tjJgxMQfPcG73okK9vFduk0Dg7gn2jiaLtINgL1IgXibKsgJXVx7wWEgR8AYt7ib4W6UthTJltPlZt3oqYQ/0?wx_fmt=jpeg,否,1,否,中国,上海,100001,1559,6612,49,0,0,1
2023-09-18 21:03:18,莫言：写给父亲的诗,http://mp.weixin.qq.com/s?__biz=Mzg3MTY2ODQxNA==&mid=2247490727&idx=1&sn=7f170a05fbf52bac567379cdce88544e&chksm=cefa5376f98dda606628465903b7555b6769f4c4086fb73dcec3d0a0ebdfcfa232bf4b2db34a#rd,父爱如山,莫言、王振,https://mmbiz.qpic.cn/mmbiz_jpg/1rkoZ5tjJgwsC0r0fBp8iaMjvn5es4kfpyw9teqGWNRnn1lYyUicjFGwBfuvIx1c0lzOJFH8UBQm6ptbE1yDNsoQ/0?wx_fmt=jpeg,否,1,否,中国,上海,100001,1615,5048,49,0,0,1
2023-09-11 21:01:44,莫言：第一次做公益直播，好开心！,http://mp.weixin.qq.com/s?__biz=Mzg3MTY2ODQxNA==&mid=2247490701&idx=1&sn=e23a89c94a22d159ccc0ba31225a98f1&chksm=cefa535cf98dda4a5dd899cf0c27def9962059aa0e4136bc16b4eb9500f802709b14e392d258#rd,与莫言同行,莫言,https://mmbiz.qpic.cn/mmbiz_jpg/1rkoZ5tjJgwOH1WquHNyfg7qakjlmAHEVtwlxtf4QelvP9SWib3aYdeTHC7UkpjqOLGVKdm1kyGuXM3JP8MLzIA/0?wx_fmt=jpeg,否,1,否,中国,上海,94869,955,3581,46,0,0,0
2023-09-04 21:02:08,莫言：和老友们一起录节目好开心,http://mp.weixin.qq.com/s?__biz=Mzg3MTY2ODQxNA==&mid=2247490515&idx=1&sn=4f1707e987d83ba7065a0870ef3715ef&chksm=cefa5402f98ddd1483774227a652d2db521b78171e43cfb1405a3023a75bbb370f2da48f5ea4#rd,第一次录制节目的趣事,莫言,https://mmbiz.qpic.cn/mmbiz_jpg/1rkoZ5tjJgzPxc28lUbzoAbibiacXDHb95TabZNwChFQrUQ4BKkNDxgxxeCwiaQeXkvAdSlL9m2ibhqGia0lvcuNZkA/0?wx_fmt=jpeg,否,1,否,中国,上海,100001,1442,6609,61,0,0,0
2023-08-28 21:01:56,莫言：实诚,http://mp.weixin.qq.com/s?__biz=Mzg3MTY2ODQxNA==&mid=2247490449&idx=1&sn=a35ed27083eecadf580db670d8b6d504&chksm=cefa5440f98ddd56f72aa381fb0ee5d97cce59499c62dce8851d1a5495f1640bd14539a580f3#rd,做个实诚人！,莫言、韩美林,https://mmbiz.qpic.cn/mmbiz_jpg/1rkoZ5tjJgz68iczMeEAGBI8xA0qG95bgIqclJTv4USeibia5ib7Yq6sR2SicDqAjhxJWoEg5mfpbJ1m6HoibRvwUs8Q/0?wx_fmt=jpeg,否,1,否,中国,上海,100001,1277,3936,49,0,0,0
2023-08-21 21:01:38,莫言：人应该保持好奇,http://mp.weixin.qq.com/s?__biz=Mzg3MTY2ODQxNA==&mid=2247490406&idx=1&sn=db7d0f2d5d84bb5a7d9f464032953571&chksm=cefa54b7f98ddda1a457e7be2ec64111eed2c6b5cb9ac8402165a5cde831ed00701ca9c8321c#rd,历史在某种意义上就是传奇。,莫言,https://mmbiz.qpic.cn/mmbiz_jpg/1rkoZ5tjJgy4CbWHibmp96vDvZ7CgSLYTiaADoDt2USv5GC9j6N3tU27nyKm0IcTib4rw1EcyGMKOoGbWbYIMN6OA/0?wx_fmt=jpeg,否,1,否,中国,上海,100001,1257,3932,44,0,0,0
2023-08-14 21:02:14,莫言爆笑采访合集，把我看乐了,http://mp.weixin.qq.com/s?__biz=Mzg3MTY2ODQxNA==&mid=2247490393&idx=1&sn=9d6a9f4ecdcbe15f3f4cc5fa6ce64647&chksm=cefa5488f98ddd9ed048ca900ce2cbbcfe52d7b1be6a340b1ed41f76be7a898c16aa97938a51#rd,没想到吧，我是个段子手！,莫言,https://mmbiz.qpic.cn/mmbiz_jpg/1rkoZ5tjJgyoJYbHwC92yOstr7mpD8hwcnI96A5DnPEDGHzTC7QHnebBOABI1BrRjyzXCk3FeBIQpdiclmu8lFw/0?wx_fmt=jpeg,否,1,否,中国,上海,100001,1305,4613,53,0,0,0
2023-08-07 21:01:45,莫言：智狗,http://mp.weixin.qq.com/s?__biz=Mzg3MTY2ODQxNA==&mid=2247490262&idx=1&sn=64628bacc1210c1525bd99121d2114c9&chksm=cefa5507f98ddc11ce8a97b638c2bc5c971eafcfe98c0a84845f5c468a545f9ae5583b227d4a#rd,一条会骗人的狗,莫言、韩美林,https://mmbiz.qpic.cn/mmbiz_jpg/1rkoZ5tjJgxcN4n8NdeiaW8OIzbHm94Y7tW3RW2w1tN2EtVj3IJdcBjicsibxqPibibDJ3YiaHFT1x1icTpav52YE8FFQ/0?wx_fmt=jpeg,否,1,否,中国,上海,100001,1133,4734,52,0,0,0
2023-07-31 21:02:17,莫言：头像征集出炉，请大家帮我选一个！,http://mp.weixin.qq.com/s?__biz=Mzg3MTY2ODQxNA==&mid=2247490248&idx=1&sn=a34f1b6bd08c4349ebda6a5cc4669c93&chksm=cefa5519f98ddc0f0069d5d2aa33b31841274399db9ab01a69cbdf855c8b9e1af465039be4e2#rd,请帮我选头像！,莫言,https://mmbiz.qpic.cn/mmbiz_jpg/1rkoZ5tjJgyVibRNp9iaCgqwflTj7eTtO1Xb6p5xXQibKoHfkkbFNhT1vic0OVpeYNveF06W8Zdic5ZxqlWsibZo32Rw/0?wx_fmt=jpeg,否,1,否,中国,上海,100001,624,2283,56,0,0,0
2023-07-17 21:01:14,莫言：跟年轻人学习，换个头像！,http://mp.weixin.qq.com/s?__biz=Mzg3MTY2ODQxNA==&mid=2247490133&idx=1&sn=dc5b7b983602207f4748ef6019b1cc05&chksm=cefa5584f98ddc92bd37ec165c71a0a9b5e70e462d5aa18e8e732ee327a51768a24e07be3b0c#rd,我要换头像啦！,莫言,https://mmbiz.qpic.cn/mmbiz_jpg/1rkoZ5tjJgyicdJXdc9AgCfRGm8CYIwW0udgphgBLe32ZA2Y8GXlg4DaCwOC1yFzpcv9UDqOppBbpzMhtCTsJ0Q/0?wx_fmt=jpeg,否,1,否,中国,上海,100001,1189,6071,54,0,0,0
2023-07-10 21:01:43,莫言：吃得潇洒,http://mp.weixin.qq.com/s?__biz=Mzg3MTY2ODQxNA==&mid=2247490087&idx=1&sn=f7f8082fe1d831fc79cea3ad3a58ef55&chksm=cefa55f6f98ddce0d2cee40be03282d2557dad2cf05bdab1efd9ca7e2c51fa1e04af9cb1887a#rd,肚子不饿，才能吃得潇洒！,莫言,https://mmbiz.qpic.cn/mmbiz_jpg/1rkoZ5tjJgwy7sdgMeLmCJhqekBEexrLM7GlIE9huJV6FHbfZSlx1sVkOPVQMPKbgMrlUGA9QlJA1LWiabMib3Qw/0?wx_fmt=jpeg,否,1,否,中国,上海,100001,1015,3708,51,0,0,0
2023-07-03 21:05:10,莫言：写给作家好友们的诗,http://mp.weixin.qq.com/s?__biz=Mzg3MTY2ODQxNA==&mid=2247490042&idx=1&sn=1be0ff541820185755f8c45bcd2eed48&chksm=cefa562bf98ddf3d66dc1e5889735f56d9cf839f608252607b41682856cbc171646862cf2666#rd,以文会友以友辅仁,莫言,https://mmbiz.qpic.cn/mmbiz_jpg/1rkoZ5tjJgzjwYV1ibbVhosic7cYics2xASf2ib4icVRsWEiaicOibCfLptfSgnhGPUhaettk1KDmYCFTCb4qmRH2LEiaYA/0?wx_fmt=jpeg,否,1,否,中国,上海,100001,826,2622,51,0,0,0
2023-06-26 21:01:56,莫言：分享新写的小故事,http://mp.weixin.qq.com/s?__biz=Mzg3MTY2ODQxNA==&mid=2247489736&idx=1&sn=2587327b77ad9125891d0d190ab5bfab&chksm=cefa5719f98dde0f90b0af8a93fa5cf743dba4a01b058d25462b726a78eb13547669920ee224#rd,最近写的小故事,莫言,https://mmbiz.qpic.cn/mmbiz_jpg/1rkoZ5tjJgx4yq9JXTywibqKgTr9iacLHvcNrD7kPOxpWziahN700tu7aicziavjbQbhuFOI65U38ia7yicka77T5KEoQ/0?wx_fmt=jpeg,否,1,否,中国,上海,100001,939,3301,56,0,0,0
2023-06-19 21:00:42,莫言：网友做的表情包，统一感谢！,http://mp.weixin.qq.com/s?__biz=Mzg3MTY2ODQxNA==&mid=2247489709&idx=1&sn=c2f924a38d38cfd7e248d1282aeee21f&chksm=cefa577cf98dde6a7552ff4843ce4f79b3f424dcb774044cec1b2530652e189e289993892c7e#rd,太好玩啦,莫言,https://mmbiz.qpic.cn/mmbiz_jpg/1rkoZ5tjJgyGjI6XpnichCNibM7xrXDSjicPTIH1iajdjLgdYZC2rKibItMZPDX5Ez9C7oSCXbgOwYLWFBRYqJQJibJA/0?wx_fmt=jpeg,否,1,否,中国,上海,100001,1457,5994,59,0,0,0
2023-06-05 21:03:46,莫言：我最近的行程,http://mp.weixin.qq.com/s?__biz=Mzg3MTY2ODQxNA==&mid=2247489627&idx=1&sn=e16680a84741ab34158040b952d72e19&chksm=cefa578af98dde9ccea8bf486373728b2e5db136e7642394efec6bcf063d572ab94e6a4ff228#rd,我的行程,莫言,https://mmbiz.qpic.cn/mmbiz_jpg/1rkoZ5tjJgwNQ0TKCcQv43MXmdMv38Exp0nHziaVH3HyZh5YT2CiadWV3EMhvcPKzzHK6VCP1pBJSILwvm5JvicEg/0?wx_fmt=jpeg,否,1,否,中国,上海,100001,2183,10493,80,0,0,0
2023-06-01 21:02:43,莫言：六一到了，大小朋友们节日快乐！,http://mp.weixin.qq.com/s?__biz=Mzg3MTY2ODQxNA==&mid=2247489479&idx=1&sn=0e0df32e829318b64d3f67e857408296&chksm=cefa5816f98dd100f84f70271dfb94747888d55aa4708339a74f7391ba91236246b30768ba4c#rd,六一快乐！,莫言,https://mmbiz.qpic.cn/mmbiz_jpg/1rkoZ5tjJgyE8x9NvdBtvy6gDlicFuAg4VxnYibPmSZ4kicnEBYh9D9mYFictCRuvZE0AIv2v6OicEGpbAlicr0FY5WA/0?wx_fmt=jpeg,否,1,否,中国,上海,100001,914,4842,55,0,0,1
2023-05-29 21:02:11,莫言：看看我拍的月亮,http://mp.weixin.qq.com/s?__biz=Mzg3MTY2ODQxNA==&mid=2247489464&idx=1&sn=53d0c47ad2d96e31857771532bcef215&chksm=cefa5869f98dd17ff437b30580958ac7f685b07ca05753d6889f0b157c7465f0ffaea9648851#rd,拍月亮时的一点想法,莫言,https://mmbiz.qpic.cn/mmbiz_jpg/1rkoZ5tjJgxMX0t7FoN3U5J6NTId2TibYuE1qBrDJlnkB6xpyTpkteS4h6OUiaM1ko0icALdS485UDhicr7k1ghffQ/0?wx_fmt=jpeg,否,1,否,中国,上海,100001,1416,6633,60,0,0,0
2023-05-14 21:02:19,莫言：我走到爱的尽头，遇见了母亲！,http://mp.weixin.qq.com/s?__biz=Mzg3MTY2ODQxNA==&mid=2247489423&idx=1&sn=dec6691389bb0d0126e79d390e72fc8f&chksm=cefa585ef98dd14834cc14388df9beed5c4af19c6abb5f7bf238952f27de9f0e5108a99a20d3#rd,祝全天下的母亲节日快乐！,莫言,https://mmbiz.qpic.cn/mmbiz_jpg/1rkoZ5tjJgxsrse2gTwGvQWTAk44sf1vVET5TuhNO19GPjP0aib80LkR2guQJAtQZiarAGAjzljdCY0dEXprmYTw/0?wx_fmt=jpeg,否,1,否,中国,上海,100001,2083,8152,52,0,0,0
2023-05-04 21:04:23,莫言：作诗一首，庆祝五四！,http://mp.weixin.qq.com/s?__biz=Mzg3MTY2ODQxNA==&mid=2247489380&idx=1&sn=cb6705418545bb35d8413bc350f3e31c&chksm=cefa58b5f98dd1a39e3cd0b8a4a9d71ab26d3909493ccc77147682a6f8c3292574755c9c157a#rd,五四青年节快乐！,莫言,https://mmbiz.qpic.cn/mmbiz_jpg/1rkoZ5tjJgzlKOujp43xic8TKE4BVVq6EVIibbzSzV5xRvYSl7Dfh7Z6ntKqBK5CAaQzQSr86ghfmNH5ZxgNp85A/0?wx_fmt=jpeg,否,1,否,中国,上海,100001,1220,5284,56,0,0,0
2023-05-01 21:01:49,莫言：白鳝精的故事,http://mp.weixin.qq.com/s?__biz=Mzg3MTY2ODQxNA==&mid=2247489350&idx=1&sn=df06580f9f649a86fcae959c0d784c8a&chksm=cefa5897f98dd18182940ea4ac08123857422bdef604545dd6019e3a0eddc59025355f69ce86#rd,白鳝精的故事,莫言,https://mmbiz.qpic.cn/mmbiz_jpg/1rkoZ5tjJgzMC3siba5tOF5Wr76K4yC58yw5AGPfGXAicjrc9b716F03IVLpxwXiakdzys4vyAzOtplrmicdnY2yOQ/0?wx_fmt=jpeg,是,1,否,中国,安徽,100001,931,3436,50,0,0,0
2023-04-23 21:01:25,莫言：世界读书日，分享3本书,http://mp.weixin.qq.com/s?__biz=Mzg3MTY2ODQxNA==&mid=2247489338&idx=1&sn=bf5dd8031402b5bc4a74cbdf38711cb0&chksm=cefa58ebf98dd1fdc2bea951751836dfe69cd03cb842604c73563f3568e533c09d7a0da7ec5d#rd,一起来读经典！,莫言,https://mmbiz.qpic.cn/mmbiz_jpg/1rkoZ5tjJgyQCjRholJd4X4L9IQFMcGbvcXYzYyaRd8b6B8EU0OoaCiaA8ZMnwTZGdgGTghckuQdEmyqXDRicgaA/0?wx_fmt=jpeg,是,1,否,中国,上海,100001,1292,4680,59,0,0,0
2023-04-17 21:03:08,莫言：想把北大的塞万提斯铜像，请到北师大来住几天,http://mp.weixin.qq.com/s?__biz=Mzg3MTY2ODQxNA==&mid=2247489329&idx=1&sn=3a820961c8f29d063d24d43eb186e434&chksm=cefa58e0f98dd1f61d1b65b8f4daa1d24916e8b1c2a98a8700e37939d026a9cc6772e20ff496#rd,想把北大的塞万提斯铜像，请到北师大来住几天。,,https://mmbiz.qpic.cn/mmbiz_jpg/1rkoZ5tjJgyQroqxefX9mmHJH11emAcxf5d1FPk9LcyYY7W172bNKxbFaM8H7ArnGicibt56kIw3K8GylrzxZgWw/0?wx_fmt=jpeg,否,1,否,中国,上海,100001,1163,4491,54,0,0,0
2023-04-10 21:01:09,莫言：路遇3200岁的茶树王,http://mp.weixin.qq.com/s?__biz=Mzg3MTY2ODQxNA==&mid=2247489285&idx=1&sn=ea23eea4724cd38fd933581df3745bab&chksm=cefa58d4f98dd1c20d5c1e5ec2eff465ff596260df503ff6acde0e092831faa32b145a735371#rd,路遇3200岁的茶树王,莫言、王振,https://mmbiz.qpic.cn/mmbiz_jpg/1rkoZ5tjJgypUb4ga3LiajT7BMeQbvvLa3IicMlsVicc13iahZRqrZVEfDwicib0QntoACia3C9LVXxib7GhV6EDUicWrBQ/0?wx_fmt=jpeg,否,1,否,中国,上海,100001,1235,4540,52,0,0,0
2023-04-03 21:03:31,四月，来自莫言的祝福！,http://mp.weixin.qq.com/s?__biz=Mzg3MTY2ODQxNA==&mid=2247489271&idx=1&sn=37c359f5f1a06c07ab95978073f86c26&chksm=cefa5926f98dd030f7103d2967d79f18fa67d2f4389360d017d78b10fa13bceb965b9f8a31c5#rd,四月，祝大家一切安好！,,https://mmbiz.qpic.cn/mmbiz_jpg/1rkoZ5tjJgzDA2HneRicGx93M4seHXUECooHFhPqM3EQqTGLYzg3SiaKLp2owiaLseEN2FmWjmyphVHay5kDRBKxw/0?wx_fmt=jpeg,否,1,否,中国,上海,100001,1680,8909,55,0,0,0
2023-03-27 21:00:30,莫言：今天聊聊最朴素的人生哲学,http://mp.weixin.qq.com/s?__biz=Mzg3MTY2ODQxNA==&mid=2247489190&idx=1&sn=33e30b1e237e5976a6b3fb2d6bf6985d&chksm=cefa5977f98dd0616452781297354849cfea7c4767ca0d14ca058dc7038d34bd0079b2cdc329#rd,我的人生哲学,莫言,https://mmbiz.qpic.cn/mmbiz_jpg/1rkoZ5tjJgwNBGUZLjtodJur436g9tJAodn1NJ9kLqEaMvFl4gDrgU3y5AibibDDM0hz0pFvgq4sSkXgcno4b2LQ/0?wx_fmt=jpeg,是,1,否,中国,上海,100001,2582,7884,43,0,0,0
2023-03-20 21:00:39,莫言：我与酒的渊源,http://mp.weixin.qq.com/s?__biz=Mzg3MTY2ODQxNA==&mid=2247489172&idx=1&sn=7dedcecab54e3b72896bc407242bf5dc&chksm=cefa5945f98dd053b2f6f0282c863c78957488106745948712db4dcb56be711fc9017f4e8f97#rd,聊聊我与酒的渊源,莫言,https://mmbiz.qpic.cn/mmbiz_jpg/1rkoZ5tjJgzI0gNujchZqAt9WxPM9XMomj9m9UsLOGzT4oSm4TYIxaNznmBrWTNPkN4CGzHnctoXjXQHR8K8icA/0?wx_fmt=jpeg,是,1,否,中国,上海,100001,1136,3430,52,0,0,0
2023-03-13 21:03:41,莫言：姑姑教给我的写作秘诀,http://mp.weixin.qq.com/s?__biz=Mzg3MTY2ODQxNA==&mid=2247489154&idx=1&sn=80d88baa2bbfe336fbe7f7d8b045b679&chksm=cefa5953f98dd04518398bd494c0632f7c82688d7074b9f40bc2b211f9cc2c63c95b604c5355#rd,从姑姑那里听来的故事,莫言,https://mmbiz.qpic.cn/mmbiz_jpg/1rkoZ5tjJgwBrosRWJSr0RnwkqxxHa85CxFzZHTQnzly0RzLPf0IvBJhRo5YBxibZlF8S5bHQsgkmibEf862RaEw/0?wx_fmt=jpeg,是,1,否,中国,上海,100001,1019,3818,50,0,0,0
2023-03-06 21:00:32,莫言：我崇拜女性,http://mp.weixin.qq.com/s?__biz=Mzg3MTY2ODQxNA==&mid=2247489140&idx=1&sn=9b8024542288e1d40007c34be42b0035&chksm=cefa59a5f98dd0b38c2e9d6453750f1601204431de6260f5c43c0da3c43b5be30408a45185eb#rd,我崇拜女性,莫言,https://mmbiz.qpic.cn/mmbiz_jpg/1rkoZ5tjJgwmHrCEGfdYu1REngIIdq74b2lza4liaR1XwicwmTZQ5Upl7xR0BTxnzLLFLcTlVX2Noh9Uj1ibXj78Q/0?wx_fmt=jpeg,是,1,否,中国,上海,100001,3191,10061,51,0,0,0
2023-02-27 21:00:25,莫言：数钱,http://mp.weixin.qq.com/s?__biz=Mzg3MTY2ODQxNA==&mid=2247489112&idx=1&sn=924f552aed9fe42d187b2a9b1b1aab16&chksm=cefa5989f98dd09fe263bb8c678f734dc5f566c0e50d72f6c4edf9315d322165086b5ed70ec3#rd,“少一张就对了。”,莫言,https://mmbiz.qpic.cn/mmbiz_jpg/1rkoZ5tjJgwYKoSQDvIyRDwDWZyagte93H5ABv1vsgFRiaUxRsPR2jBEzRLWtMtibDodA8jFAMvb0PtHPUeY29zQ/0?wx_fmt=jpeg,否,1,否,中国,上海,100001,1302,4755,53,0,0,0
2023-02-20 20:58:42,莫言：衣食无忧，就不存在痛苦了吗？,http://mp.weixin.qq.com/s?__biz=Mzg3MTY2ODQxNA==&mid=2247489094&idx=1&sn=ea3d9e0c69715062d18205007aed597a&chksm=cefa5997f98dd0818567584abbc4e31db40dd1e2c351a4e65d5e97dbd292125f88df44c0ceba#rd,痛苦无可避免，或许这篇文章能给你一些启发,莫言,https://mmbiz.qpic.cn/mmbiz_jpg/1rkoZ5tjJgyeFc5w8CwictYOM0AUGTzo7fILHJpNicIiaslQTeC5AJhFzfuBBiboP9mUGDyxF6KgNE97kGRkaCYtkg/0?wx_fmt=jpeg,是,1,否,中国,上海,100001,1704,5587,32,0,0,0
2023-02-13 21:01:40,莫言：回忆我的大学时代,http://mp.weixin.qq.com/s?__biz=Mzg3MTY2ODQxNA==&mid=2247489079&idx=1&sn=bbc68c810798f22905d8eccf1a0cd78e&chksm=cefa59e6f98dd0f0d93c9747462bdafc6252a50008a2f87d2cc7df6155d11e093d3c0ba30ba9#rd,日子过去得越久，值得回味的东西越多。,莫言,https://mmbiz.qpic.cn/mmbiz_jpg/1rkoZ5tjJgwM4V1mhqTicPkAL1VqYOY6Opaltsuj4hcricia7lhIffbaVBhHqR7W2SU01Z6iaat3qib3Y2iasCU6FeLw/0?wx_fmt=jpeg,是,1,否,中国,上海,100001,1105,3938,26,0,0,0
2023-02-06 20:56:09,莫言：我是如何走上作家之路的？,http://mp.weixin.qq.com/s?__biz=Mzg3MTY2ODQxNA==&mid=2247489071&idx=1&sn=9790c7a67ee14e27c6b9529224107ebc&chksm=cefa59fef98dd0e81a363ca8777ed191d48556b167febc02d71b932248ee1c9cacc913717bcd#rd,我背了两块大石头，足有四十斤，走了十几里路，找到了他的家。,莫言,https://mmbiz.qpic.cn/mmbiz_jpg/1rkoZ5tjJgxPWKqtgicTUzNof1XBw7VEdHHUveujzJv0bxPamUR8LuCjwxI4GGVib36gicA75iaAVYs1obibLO4thOw/0?wx_fmt=jpeg,否,1,否,中国,上海,100001,1253,4407,41,0,0,0
2023-01-30 20:59:38,莫言：秦桧的铜像,http://mp.weixin.qq.com/s?__biz=Mzg3MTY2ODQxNA==&mid=2247489059&idx=1&sn=c7551fd30be9c68753ebbe35386bf7ec&chksm=cefa59f2f98dd0e451935fe068ad39846f9c05ae017cc4c1cd596da2fdf350644cb4dd4142d8#rd,回忆两次有意义的对话,莫言、韩美林,https://mmbiz.qpic.cn/mmbiz_jpg/1rkoZ5tjJgz5XwVHYK5OnexuM68xMYhHjhDlHsGP1RLOfCiazXEuA3DVynBxy1TSViaEjIvBQJqdj0icTNl99jdSA/0?wx_fmt=jpeg,否,1,否,中国,上海,100001,2872,8696,20,0,0,0
2023-01-21 20:56:12,除夕夜，莫言给你送祝福！,http://mp.weixin.qq.com/s?__biz=Mzg3MTY2ODQxNA==&mid=2247489011&idx=1&sn=c267fd30a12ceeacfe9f767c619a2751&chksm=cefa5a22f98dd3343c6d5f2cbcb4c5bc7c6df8c4945483bcc0707bcab2c698d4ecebb5936cf5#rd,新年快乐！,莫言,https://mmbiz.qpic.cn/mmbiz_jpg/1rkoZ5tjJgwHq3wmiczhz3ic3RPicTW4uMc0boUvic2PPJZGLdLLQgHVmRFHkxbOFdTLDiaMrzGlqibpiaLVXsFr3V0TQ/0?wx_fmt=jpeg,否,1,否,中国,山东,100001,1415,5884,35,0,0,0
2023-01-16 20:55:52,莫言：小时候的年,http://mp.weixin.qq.com/s?__biz=Mzg3MTY2ODQxNA==&mid=2247488974&idx=1&sn=d43b1696c8df34598b6cba6fc6de7b1f&chksm=cefa5a1ff98dd309e1c3c88f176f02082f0bad21c5c8d42a5d76f2bcb66b31cfdaaf0d5687e9#rd,好像做梦似的，一转眼就是一年。,莫言,https://mmbiz.qpic.cn/mmbiz_jpg/1rkoZ5tjJgzJE4roX6RUF9TTyiaQibYs8KEdwtbicTkVd8LtoFtSgGibJvHlhIh5rnaaCZkNB9bwIhpTwYRdtRqtFg/0?wx_fmt=jpeg,否,1,否,中国,山东,100001,1481,4366,26,0,0,0
2023-01-09 20:56:46,莫言：我的书单（四）,http://mp.weixin.qq.com/s?__biz=Mzg3MTY2ODQxNA==&mid=2247488926&idx=1&sn=e933d417f7f93491b013909682b74f49&chksm=cefa5a4ff98dd3592139c1a178db50ca5e59a43144596e06ce41a7a2c8b3b67335a0fa1765cf#rd,,莫言,https://mmbiz.qpic.cn/mmbiz_jpg/1rkoZ5tjJgx5JmYvAPAKtjwYPpWW3BgF6rAslfkIHhlEDKo5sH2UuO4PIGo21dLQjtfY4ILOXctnBxRNSLdVMA/0?wx_fmt=jpeg,是,1,否,中国,上海,100001,1012,3503,36,0,0,0
2022-12-31 20:56:08,莫言的2023新年祝福来啦，请查收！,http://mp.weixin.qq.com/s?__biz=Mzg3MTY2ODQxNA==&mid=2247488878&idx=1&sn=cf978ac384d5d082bc41f25e00d79329&chksm=cefa5abff98dd3a95aec18985b787b17c660c3b8006bec596ef57e440f3db8d99d7e958c31ac#rd,祝2023，新年快乐,,https://mmbiz.qpic.cn/mmbiz_jpg/1rkoZ5tjJgxsKz0MgVVmXEadgRo1JQLBrJibKUtpqSTT3sbgVuk9b497JwRMGZAf1e5fwntMQicRBRuQ35zaLYKw/0?wx_fmt=jpeg,否,1,否,中国,上海,100001,8463,29158,43,0,0,0
2022-12-26 20:56:49,莫言：回忆家乡的两位说书人,http://mp.weixin.qq.com/s?__biz=Mzg3MTY2ODQxNA==&mid=2247488790&idx=1&sn=5c16d8873d4500ac2917062bbbc13c37&chksm=cefa5ac7f98dd3d1ad070c6c6778eade64bb56b77aa396c8d3323a2c56ad527a871659f4bcda#rd,童年的回忆,莫言,https://mmbiz.qpic.cn/mmbiz_jpg/1rkoZ5tjJgzS9pbqFQcUhmks79avratrgxl0CTxUm0lFhw4k4xDDon9KehkPv8ogzJltXwhaoTJDgxDLGE9icSA/0?wx_fmt=jpeg,是,1,否,中国,上海,76585,842,3206,12,0,0,0
2022-12-19 20:57:35,莫言：为什么很多书的主角是“傻子”？,http://mp.weixin.qq.com/s?__biz=Mzg3MTY2ODQxNA==&mid=2247488732&idx=1&sn=54afa028b1eaafd3d6c68c9a8bd177d5&chksm=cefa5b0df98dd21b11f23203f2e8bce8bbea1d13f50c0c31b83cc3af410b94b49d3eaa78eadc#rd,文学大揭秘,莫言,https://mmbiz.qpic.cn/mmbiz_jpg/1rkoZ5tjJgzZdbompbmSgXdBZ28NybgHQSwffWc7CbkHyUns8ia8iccTrwVAAjfGeufOtFLqkuTv0ycnyflgsYMw/0?wx_fmt=jpeg,是,1,否,中国,上海,100001,843,3473,30,0,0,0
2022-12-12 20:55:01,莫言：阅读的意义是什么？,http://mp.weixin.qq.com/s?__biz=Mzg3MTY2ODQxNA==&mid=2247488701&idx=1&sn=533652f9f4dfa01a62624959d94fce71&chksm=cefa5b6cf98dd27afc369c4d7c478139f38378622fe70a8f31b93bf01099520637c629abd9e1#rd,关于阅读的话题，是说不尽的。,莫言,https://mmbiz.qpic.cn/mmbiz_jpg/1rkoZ5tjJgygR5trce5SJNfF7gPial7oBhGtjGToeLk3kLibBA2NiaKQwoT5d402UcMu0ZpOcDvjT0mRibwBLkm9mw/0?wx_fmt=jpeg,是,1,否,中国,上海,100001,1496,5092,23,0,0,0
2022-11-21 20:56:48,莫言讲民间奇谈：奇遇,http://mp.weixin.qq.com/s?__biz=Mzg3MTY2ODQxNA==&mid=2247488655&idx=1&sn=5ece22878634d0bcad9b1cd1e3a0dddc&chksm=cefa5b5ef98dd248edfebdc919d9b612b578fcdc6ddaf84bc3f3f48503c4294674329930be14#rd,一场惊心动魄的奇遇,莫言,https://mmbiz.qpic.cn/mmbiz_jpg/1rkoZ5tjJgxSAtV9ib5dLcXn4lQQxhVpIo0jesibek2tvNcy6Oa4v9BVV0w1oaMBunXfibhvUIuBdaRWFaNo7OXoA/0?wx_fmt=jpeg,否,1,否,中国,上海,100001,1162,3508,41,0,0,0
2022-11-14 20:58:05,莫言：我做了一个有趣的梦……,http://mp.weixin.qq.com/s?__biz=Mzg3MTY2ODQxNA==&mid=2247488619&idx=1&sn=1f1c82598ce3f94c4e10536c2930836c&chksm=cefa5bbaf98dd2ace9952fa36c83206a3d281887882e03e039f64b16fd681489ad7384f842e8#rd,在梦里见到了祖师爷,莫言,https://mmbiz.qpic.cn/mmbiz_jpg/1rkoZ5tjJgyXfEw9zRoRwueQ36WusUibz9Ruk1FBGHzl9L0Qt03LEQbWUibCOmlzZ975D2Df8Km2UhBJnVIs0jRw/0?wx_fmt=jpeg,是,1,否,中国,上海,100001,1365,4994,30,0,0,0
2022-11-07 20:55:52,莫言：我的书单（三）,http://mp.weixin.qq.com/s?__biz=Mzg3MTY2ODQxNA==&mid=2247488591&idx=1&sn=71a48a1df46331e377c6f903ae9bcab5&chksm=cefa5b9ef98dd28836a9edd21e28d7dc78ec64dfe21dc6b44d63af08ff99f5e023964c7ccb86#rd,永远不停止阅读,莫言,https://mmbiz.qpic.cn/mmbiz_jpg/1rkoZ5tjJgxqgicSrOBGz0bCUrB5Vs6QEaXPrjDGGayMPNdCHzh1ZkHia52SCqTBbLrsH4InkHYjMZP7MfiaEvzVg/0?wx_fmt=jpeg,是,1,否,中国,上海,100001,1120,3840,29,0,0,0
2022-10-24 20:57:57,莫言：回忆我童年看电影的经历,http://mp.weixin.qq.com/s?__biz=Mzg3MTY2ODQxNA==&mid=2247488570&idx=1&sn=fa6248c56010b719b79620663d3aa78a&chksm=cefa5bebf98dd2fdea41e4bd2b8b252e1b16f30cba6b960b111d0623f7fe1cec9e82c29a99ad#rd,当初，做梦也没想到我会和电影产生缘分,莫言,https://mmbiz.qpic.cn/mmbiz_jpg/1rkoZ5tjJgxBXGfU35YB2PZTQyEfJQ5C975Nicm0m5n6mNhfiaVOia7rIQLJwuvUeknAQI7X1Wog66hxuDWVc2mow/0?wx_fmt=jpeg,是,1,否,中国,上海,100001,1067,3415,31,0,0,0
2022-10-17 20:55:57,莫言：坚持阅读，给我带来的影响,http://mp.weixin.qq.com/s?__biz=Mzg3MTY2ODQxNA==&mid=2247488562&idx=1&sn=782af876a4cd23f8799f76d5394ce850&chksm=cefa5be3f98dd2f516fbea1c74cb089baaee5deeb3982619d7edd927e835c3bedc09ecf028c4#rd,阅读的力量,莫言,https://mmbiz.qpic.cn/mmbiz_jpg/1rkoZ5tjJgyTL9oibWyuibKwGOiakk3Kia11hV2VGiaKQTec7zCGu5KQuYKzPFBokeBchtUFvTe6EOiboXlFPMjKundQ/0?wx_fmt=jpeg,是,1,否,中国,上海,100001,1299,4730,28,0,0,0
2022-10-17 20:55:57,【莫言和你聊聊天】《红楼梦》到底伟大在哪儿？,http://mp.weixin.qq.com/s?__biz=Mzg3MTY2ODQxNA==&mid=2247488562&idx=2&sn=b65b5b2ef092fdc05ffef759c25fe5bc&chksm=cefa5be3f98dd2f5d5e1e33ee2fe024bc36a3e5892e8cff32614219c8d24c38defbfe2188b69#rd,读人情世故，读人心微妙,莫言,https://mmbiz.qpic.cn/mmbiz_jpg/1rkoZ5tjJgy1zD1A4Cwxm9kmTbf6Dvs7eN0m0VxoGzjekticSzTOcic0QJBX71qicA8icPbg2SfYneia3ZUMDOUibBHw/0?wx_fmt=jpeg,是,2,否,中国,上海,69907,480,1650,24,0,0,1
2022-10-06 20:59:04,莫言：影响过我的10位诺奖作家,http://mp.weixin.qq.com/s?__biz=Mzg3MTY2ODQxNA==&mid=2247488541&idx=1&sn=24b90515bb490e72e1a7d7d90aac2a7c&chksm=cefa5bccf98dd2da35c43771cdf0e446504db61ba8373419f722d29c6ceabf107539dc0c8807#rd,推荐10位诺奖作家,莫言,https://mmbiz.qpic.cn/mmbiz_jpg/1rkoZ5tjJgwNhFrUFdCcSiaoM3dexGlrvzgyvla4CM0vgZwjqxvmA4pylkGib2micvQMXrMuAapm0T6CJKwoDaXOw/0?wx_fmt=jpeg,否,1,否,中国,山东,100001,1764,4846,30,0,0,0
2022-10-03 20:56:16,莫言：我的尴尬瞬间,http://mp.weixin.qq.com/s?__biz=Mzg3MTY2ODQxNA==&mid=2247488487&idx=1&sn=f175512a60bb85defcf69068d7b58744&chksm=cefa5c36f98dd52062d3ebdc48ae8c7b649baf1336aee403c993c6cefc2fc39e739aba50770a#rd,,,https://mmbiz.qpic.cn/mmbiz_jpg/1rkoZ5tjJgxkeNRQiaS6bic9hfhaicYUeMmzgdHNAqLmuJGegaP8BT0dTHYdFvNSpCfowyfznWBPkCCpooA3r1AIA/0?wx_fmt=jpeg,否,1,否,中国,山东,100001,1316,5201,29,0,0,0
2022-09-26 20:54:53,莫言：国庆假期读什么？分享我的书单,http://mp.weixin.qq.com/s?__biz=Mzg3MTY2ODQxNA==&mid=2247488460&idx=1&sn=ecf487475a030d6be879badcf7c87a30&chksm=cefa5c1df98dd50bbacb75349d442bb452e847b88150441faf4f4afe02c0a3a27d493dfc2262#rd,我读过的5本经典好书,莫言,https://mmbiz.qpic.cn/mmbiz_jpg/1rkoZ5tjJgzjicOb6VfO3HNfcGYlF2kpT3vMduuIad5gu6jqSQjibicFjunuh2EgxFBxRTsSy3hzvAV0CvaiaImpwg/0?wx_fmt=jpeg,是,1,否,中国,上海,100001,1297,4190,30,0,0,0
2022-09-12 21:00:37,莫言：又逢中秋，怀念故乡,http://mp.weixin.qq.com/s?__biz=Mzg3MTY2ODQxNA==&mid=2247488410&idx=1&sn=79548d0e285da7245a466b33c452bb39&chksm=cefa5c4bf98dd55d24c984d063d29296acdd4e09ce9ce93443f27c72fa9178ff5c0e67ff4477#rd,故乡对我来说是一种精神的寄托,莫言,https://mmbiz.qpic.cn/mmbiz_jpg/1rkoZ5tjJgx1NlQaUdGc37NKXslVGFicyOtLTPZsnias8VKLaT3fIsbuia3qofQsRR3S4TEgOJWyt2MWPGr0mHM9Q/0?wx_fmt=jpeg,是,1,否,中国,上海,99166,1223,3473,36,0,0,0
2022-09-12 21:00:37,【莫言和你聊聊天】写书把自己写哭了......,http://mp.weixin.qq.com/s?__biz=Mzg3MTY2ODQxNA==&mid=2247488410&idx=2&sn=230b9203ec6835b1d80e8e5d83945396&chksm=cefa5c4bf98dd55dd6984077e9e7078e72e62e54cc6f3d129e559256931b8ea03a7143431d99#rd,,,https://mmbiz.qpic.cn/mmbiz_jpg/1rkoZ5tjJgx1NlQaUdGc37NKXslVGFicy7CoNYXU4f8j2F0VZV2iclYQAicG2QtBUn2O6NHPw3yKPLBRdaYXZsqkg/0?wx_fmt=jpeg,否,2,否,中国,上海,57479,458,1593,16,0,0,1
2022-09-05 20:57:05,莫言：我很庆幸曾遇到这样的老师,http://mp.weixin.qq.com/s?__biz=Mzg3MTY2ODQxNA==&mid=2247488375&idx=1&sn=898ebc350163a74c4c0299ca1d9f63ea&chksm=cefa5ca6f98dd5b0f40b22cfd313cf443aaac305e780d82708599c8ee83098cb94dd9a04c92f#rd,预祝教师节快乐,莫言,https://mmbiz.qpic.cn/mmbiz_jpg/1rkoZ5tjJgwT0prrCfnYRObN3htkkW0UyGKULNXKss7EtOcjNficTwkLVGsaSFbtRbY77CibcbEbiaj2v9ibf5XJEg/0?wx_fmt=jpeg,是,1,否,中国,上海,100001,1903,6297,39,0,0,0
2022-08-29 20:58:47,莫言：开学季，回忆我的大学时代,http://mp.weixin.qq.com/s?__biz=Mzg3MTY2ODQxNA==&mid=2247488318&idx=1&sn=fb44515d2ad4045dc92d5f8dc6de9336&chksm=cefa5ceff98dd5f934e2b9061af56274cf2eae79e14513d9e8bd6e5d8cc19c2dced0729421e1#rd,回忆大学,莫言,https://mmbiz.qpic.cn/mmbiz_jpg/1rkoZ5tjJgxIGPoNYRD7I6iaxDWtawuX7IVicYHcknIIn4ibb060SDynKnAUeXTTBDEK1UyEEiaWNWCcWkFSVwWKaQ/0?wx_fmt=jpeg,是,1,否,中国,上海,100001,1134,3824,28,0,0,0
2022-08-29 20:58:47,【莫言和你聊聊天】什么样的小说，我写不出来？,http://mp.weixin.qq.com/s?__biz=Mzg3MTY2ODQxNA==&mid=2247488318&idx=2&sn=5edcb57e565490f70869719909602f09&chksm=cefa5ceff98dd5f9fe8b1e3ada633eaeaf77fe148c3e55dc9254d426d7a5d91fa8770069b484#rd,因为作家各有局限，就有了各种各样风格的作品。,莫言,https://mmbiz.qpic.cn/mmbiz_jpg/1rkoZ5tjJgwIon24O3yceI7muf0ADAHaIyQkqdDFU0gRemJdCzdBvmbZEB9AdYNcfSFk5Eub4Gau9pl5txbpVQ/0?wx_fmt=jpeg,是,2,否,中国,上海,43551,317,1325,9,0,0,1
2022-08-15 20:56:14,莫言：我眼中的项羽和刘邦,http://mp.weixin.qq.com/s?__biz=Mzg3MTY2ODQxNA==&mid=2247488258&idx=1&sn=599e3d2a237b025b1ba28f92d36167ef&chksm=cefa5cd3f98dd5c51f22e9693a9f6a8f9e4a5a6fc5ee704e3f954d4e6c010ef74011118fb3be#rd,失败者就不能成为英雄吗？,莫言,https://mmbiz.qpic.cn/mmbiz_jpg/1rkoZ5tjJgxKggqmicZ5LdlsC70xOSDoA2RalHQLllmQ2WBNpXSSTQI4FgR9qNnAVCvnmsJUHrC6S3lUrwAAnMg/0?wx_fmt=jpeg,是,1,否,中国,上海,100001,1730,4823,40,0,0,0
2022-08-08 21:02:39,莫言：开公众号一年，都发生了哪些趣事？,http://mp.weixin.qq.com/s?__biz=Mzg3MTY2ODQxNA==&mid=2247488180&idx=1&sn=38e647d13b0ae2e82a8532b5049ce3f9&chksm=cefa5d65f98dd473d302d099234374fccc08572410eb30a10a2693442be4414cd1f746b7f834#rd,开公众号一周年啦,莫言,https://mmbiz.qpic.cn/mmbiz_jpg/1rkoZ5tjJgy2vEpS2PXu50NPDVTiaicGYUuINvUzX411VskBl2FyLJgTkgPicmibhIEMkrrZ0rBRicGafO7DDE5g6Tw/0?wx_fmt=jpeg,是,1,否,中国,上海,100001,1096,4322,32,0,0,0
2022-08-08 21:02:39,【莫言和你聊聊天】最近，最让我激动的一件事,http://mp.weixin.qq.com/s?__biz=Mzg3MTY2ODQxNA==&mid=2247488180&idx=2&sn=2fd3b46ac419b730c6aa2c96ec69d48e&chksm=cefa5d65f98dd4730b19b500efe59bdaa0a86ec7558dc5c04d3f1bddb360a5327c46be948f21#rd,话剧《红高粱家族》谢幕演讲,莫言,https://mmbiz.qpic.cn/mmbiz_jpg/1rkoZ5tjJgy2vEpS2PXu50NPDVTiaicGYUcF5wTuSVKVOUFicBUsm9vz8xsayuzUy9oSMMx8bf12GvqMBQG9LJYNQ/0?wx_fmt=jpeg,否,2,否,中国,上海,67406,502,1669,18,0,0,0
2022-08-01 20:56:57,莫言：我最近的新爱好(文末有彩蛋),http://mp.weixin.qq.com/s?__biz=Mzg3MTY2ODQxNA==&mid=2247488119&idx=1&sn=edf83591d3695b3a2a5d0762c55fd00a&chksm=cefa5da6f98dd4b0cad63276cd181f3e7b4574ba7924c7eaaf3e4c84c4a806214cf5cefe90db#rd,玩儿这个事情也充满哲理,莫言,https://mmbiz.qpic.cn/mmbiz_jpg/1rkoZ5tjJgwqLWOXwupN1Q6UVwkL9Lvs2yn83kuRxLicbAavXk1XymJZHvPToUzJ2Af0Yy6IkdG7p6hVVNMoYVg/0?wx_fmt=jpeg,是,1,否,中国,上海,100001,1572,5919,38,0,0,1
2022-07-25 20:56:37,莫言：我的书单,http://mp.weixin.qq.com/s?__biz=Mzg3MTY2ODQxNA==&mid=2247488056&idx=1&sn=945f6ff3ab1ed91c79be60c462c5ef99&chksm=cefa5de9f98dd4ffba84fd8f3eafe092ea09745438bdfd6cf83aac9093836bc507b9df0d7472#rd,一起阅读经典,莫言,http://mmbiz.qpic.cn/mmbiz_jpg/1rkoZ5tjJgyDNFxhNuklJjz86mVRtdwI28yykgfbwATA6EF8AWk8U6kZtJ37icW14LYw8Dz8iaHNU0py9yFYkkZw/0?wx_fmt=jpeg,是,1,否,中国,上海,100001,1476,4877,23,0,0,0
2022-07-25 20:56:37,【莫言和你聊聊天】50岁，我开始自学书法,http://mp.weixin.qq.com/s?__biz=Mzg3MTY2ODQxNA==&mid=2247488056&idx=2&sn=5a0687d9e861d2a8a6c804c084b600d2&chksm=cefa5de9f98dd4ffc92ea77f66b4a62c4a9069824b3e31f26e5785916b21cf35f9daaee48fc7#rd,50岁开始，我拿起笔开始写毛笔字,莫言,https://mmbiz.qpic.cn/mmbiz_jpg/1rkoZ5tjJgxud7Gu0jxq7tUu7nDOGDlydctZjxcJa16iaicMgR25g7V23rc4q9kkxKyunVIpD1G25ldKRcQI4xXQ/0?wx_fmt=jpeg,是,2,否,中国,上海,71174,475,1915,19,0,0,1
2022-07-18 20:56:31,莫言：当作家是一种什么体验？,http://mp.weixin.qq.com/s?__biz=Mzg3MTY2ODQxNA==&mid=2247488024&idx=1&sn=4bdf7ea2810884541edf83cb1edb6f00&chksm=cefa5dc9f98dd4dffe23ec0073967f8e515890a9a784c2e0dc21ccfc0f27579c9ae29a653fc7#rd,痛并快乐着。,莫言,https://mmbiz.qpic.cn/mmbiz_jpg/1rkoZ5tjJgxB8jKj9hnjLpBwe4RXOygWCwMfSsBOkN2uBDx4BsMHrFnxA5ibsWjQ3gkA4wNO0nJqXden9NKqerQ/0?wx_fmt=jpeg,是,1,否,中国,上海,96489,1064,4096,21,0,0,0
2022-07-18 20:56:31,【莫言和你聊聊天】哥也不是当年的哥了,http://mp.weixin.qq.com/s?__biz=Mzg3MTY2ODQxNA==&mid=2247488024&idx=2&sn=74daa55ce03a886b8e9bc1b332cc990f&chksm=cefa5dc9f98dd4df746d5672fbe5414060151249f6dab2de103da283fe1f4efdcb9f2c37c40a#rd,读书如同写书，没有一个重复的。,莫言,https://mmbiz.qpic.cn/mmbiz_jpg/1rkoZ5tjJgwGyuOhTSkuahu9ib8LRKJLWVJcjCPl6NqkeJxZdjVT4PysoWyibWicSdVerp4Ek9zGVyX2UY7icwLVyw/0?wx_fmt=jpeg,是,2,否,中国,上海,66751,514,1864,16,0,0,1
2022-07-11 20:55:44,莫言：这些作品真不是我写的,http://mp.weixin.qq.com/s?__biz=Mzg3MTY2ODQxNA==&mid=2247488015&idx=1&sn=82bf87e87483872668d53422f4bb6efe&chksm=cefa5ddef98dd4c8b63fa35021798e99719f3517f9bb4efa684dc6b99aab1aad7f7ad2c9a04b#rd,在线“打假”,莫言,http://mmbiz.qpic.cn/mmbiz_jpg/1rkoZ5tjJgyZP7MENElf0iaZCPFfp5ozLiaricbgHBVpZyMv6oZmXLpC1ZmavA2ToDhwuEBglp8Wa09CQdjbW4g1g/0?wx_fmt=jpeg,是,1,否,中国,上海,100001,1959,5666,32,0,0,0
2022-07-11 20:55:44,【莫言和你聊聊天】我的写作习惯,http://mp.weixin.qq.com/s?__biz=Mzg3MTY2ODQxNA==&mid=2247488015&idx=2&sn=693cfa99fbca3aa791fa511c24b5c51d&chksm=cefa5ddef98dd4c832351048f7de6ae5385bd2e5dced41ee366f5becb1ddc27e08b2ab212efa#rd,其实是......,,http://mmbiz.qpic.cn/mmbiz_jpg/1rkoZ5tjJgyZP7MENElf0iaZCPFfp5ozLKxIIKyyHcttYjnKoYzTrsmd57OHvM2Baq84l4O66m4F3adsNakIyEg/0?wx_fmt=jpeg,否,2,否,中国,上海,55538,291,1062,22,0,0,1
2022-07-04 20:57:30,莫言：在故乡的一天,http://mp.weixin.qq.com/s?__biz=Mzg3MTY2ODQxNA==&mid=2247487946&idx=1&sn=2de780302530740beb1ced3edb64a2b6&chksm=cefa5e1bf98dd70da5dd06c5265df97f5177fd43721e7bd2e01d14bdd0ab629c0d990f00619c#rd,麦浪滚滚，丰收在望。,莫言,http://mmbiz.qpic.cn/mmbiz_jpg/1rkoZ5tjJgxAdhVUR0icae0QX3rgqO42A752lQwUNe6sQlt6Xo8O6qd4PW2g5n80TgfExbsEEoxbvqJFCwZ04XA/0?wx_fmt=jpeg,否,1,否,中国,山东,100001,1862,5966,37,0,0,0
2022-06-27 20:57:32,莫言：你一定想不到，我竟然这样寻找灵感,http://mp.weixin.qq.com/s?__biz=Mzg3MTY2ODQxNA==&mid=2247487816&idx=1&sn=b1cd9e742e283fc653aea40fd04ec097&chksm=cefa5e99f98dd78f310994b1135f305918c8f6a6d052f6e3e0e02ffd58c0d699a63adc2780f7#rd,深入到生活里去,莫言,http://mmbiz.qpic.cn/mmbiz_jpg/1rkoZ5tjJgxnuuzvsLk4LEgTd6Ncg1hkGly160aDCk27QX0OK9cArT0yZImw75icGxuec92DxjozNeIr9TULnJA/0?wx_fmt=jpeg,否,1,否,中国,上海,100001,2505,7070,32,0,0,0
2022-06-27 20:57:32,【莫言和你聊聊天】我失眠时都在做什么？,http://mp.weixin.qq.com/s?__biz=Mzg3MTY2ODQxNA==&mid=2247487816&idx=2&sn=fa147f8cb38d4b7558cb1c102602ff35&chksm=cefa5e99f98dd78f96626b17ccb834ce45f4faf316afdae03f1cb1a734d60d476f6b7b979bcc#rd,我也是“失眠患者”的一员,莫言,http://mmbiz.qpic.cn/mmbiz_jpg/1rkoZ5tjJgxnuuzvsLk4LEgTd6Ncg1hklIxUcj0rwG1ic3zA82lFGT18jwrBiaQCjWPkvY52KNGRO55g8dicLCFew/0?wx_fmt=jpeg,是,2,否,中国,上海,73635,772,2842,19,0,0,1
2022-06-20 20:58:54,莫言：惜别老友,http://mp.weixin.qq.com/s?__biz=Mzg3MTY2ODQxNA==&mid=2247487767&idx=1&sn=60787aafb082a02808619d6bf234615c&chksm=cefa5ec6f98dd7d099c1c2bfeef02dfb4beb9985f290acce592f91322259069649a535409c12#rd,天上有剧场，人间留知音。,莫言,http://mmbiz.qpic.cn/mmbiz_jpg/1rkoZ5tjJgzqdcNwcvuQvexSoCicGBkVDw377VIDE0R7BojFlqHnfC1Z4TYrLMTnUMr1PsfXUg1QzL81H9vAupw/0?wx_fmt=jpeg,是,1,否,中国,上海,100001,1502,4695,26,0,0,1
2022-06-20 20:58:54,【莫言和你聊聊天】我平时都会看哪些书？,http://mp.weixin.qq.com/s?__biz=Mzg3MTY2ODQxNA==&mid=2247487767&idx=2&sn=fb41a4688d9f7cc60db4248d46a5c451&chksm=cefa5ec6f98dd7d0265692e0636f22a385e8c78edcd9c19bf3530b027b116790b1426b2bb97b#rd,我也会读一些孩子读的书,莫言,http://mmbiz.qpic.cn/mmbiz_jpg/1rkoZ5tjJgw6uACBSyALtVWtlj5IaC7w8JkPZXf2dic9g36iafKTQjXf3Ao7eXYLoX6KrWAOYW9VhpTLtL2bBEBg/0?wx_fmt=jpeg,是,2,否,中国,上海,67560,392,1376,14,0,0,1
2022-06-13 20:58:06,莫言：父亲节将至，写给父亲的诗,http://mp.weixin.qq.com/s?__biz=Mzg3MTY2ODQxNA==&mid=2247487659&idx=1&sn=6573e28cb196e0c117ca0872721dbecd&chksm=cefa5f7af98dd66c1354f4f64e49aaa276b0b8b553f27dec788ad4bae232212afa83a5685ecc#rd,父爱如山,莫言、王振,http://mmbiz.qpic.cn/mmbiz_jpg/1rkoZ5tjJgxQJ2CDBEcaUeE2QaHGCwsGn8LleT4Siac2ZGLKfHHcoGRoYeWvtwvnHd2rbRamQTh5rVJOcHiaiamHg/0?wx_fmt=jpeg,否,1,否,中国,上海,100001,2138,5964,41,0,0,1
2022-06-13 20:58:06,【莫言和你聊聊天】我的奇人朋友,http://mp.weixin.qq.com/s?__biz=Mzg3MTY2ODQxNA==&mid=2247487659&idx=2&sn=34e170ca5570b54d5b605bda45929c21&chksm=cefa5f7af98dd66c98413aed8f7272fefa41db813b0af89217e69899325dacea51055fe940e7#rd,一个人只要专心致志地干一件事情，总是能干出一点儿名堂。,莫言,http://mmbiz.qpic.cn/mmbiz_jpg/1rkoZ5tjJgxBicuyea3wHYVTiaOreDb5S2NDvicZr7lzyTZIB1kxZPlf1H62uIEbwYbEfOHR1yPfV3N2pG9tU7IoA/0?wx_fmt=jpeg,是,2,否,中国,上海,54124,425,1454,19,0,2,1
2022-06-06 20:55:21,莫言：陪女儿高考,http://mp.weixin.qq.com/s?__biz=Mzg3MTY2ODQxNA==&mid=2247487611&idx=1&sn=cabf74589461998ee0e243cd1e44e21b&chksm=cefa5faaf98dd6bcdfd9ffcd975715d6d1bb46d44557597d146e256ff249f8fba12079c12141#rd,往事历历在目,莫言,http://mmbiz.qpic.cn/mmbiz_jpg/1rkoZ5tjJgyTlibWNfUHib0LGpQib1ODZic6R41J254qSNqstpZwKYoCP2gam0SDeSeguS5d3w3xtkozdCfkTpPic5g/0?wx_fmt=jpeg,否,1,否,中国,上海,100001,2657,7753,42,0,0,0
2022-06-06 20:55:21,【莫言和你聊聊天】如果一生只读一本书，我选……,http://mp.weixin.qq.com/s?__biz=Mzg3MTY2ODQxNA==&mid=2247487611&idx=2&sn=bfeeb6c971f39c3ac564c581a3cf9a7d&chksm=cefa5faaf98dd6bce629d8bbecc4c94958e4723ede0e4c354f1585ffb63c7c8dbdf0e86039e5#rd,你一定想不到的一本书,莫言,http://mmbiz.qpic.cn/mmbiz_jpg/1rkoZ5tjJgyicRrC5YhzPAyT6UhicsMuEyb85ZXgpdecK7jCK6AzgF0n58G5xhX4T489DZicEtiayQ6pulp9ibROtew/0?wx_fmt=jpeg,否,2,否,中国,上海,81507,351,1292,16,0,0,1
2022-05-23 21:00:11,莫言：我用方言给你们讲个民间鬼故事,http://mp.weixin.qq.com/s?__biz=Mzg3MTY2ODQxNA==&mid=2247487535&idx=1&sn=c6687234e8c2b2cb5fca1d744f79609f&chksm=cefa5ffef98dd6e8020f62b712a9a678e643b4b5d355f7a95c69ca00428afedbc72b474d6f4f#rd,方言听力大挑战,莫言,http://mmbiz.qpic.cn/mmbiz_jpg/1rkoZ5tjJgya6Mvib8jhEjUUOpCYgibxgBLmOkW5whvia9xtr216coUMdrc7cyx5pEVSAYj0icFwzsj6J1KDf3e0eQ/0?wx_fmt=jpeg,是,1,否,中国,上海,100001,1197,4028,41,0,0,1
2022-05-23 21:00:11,【莫言和你聊聊天】泪点低不怨我，怨眼睛要哭···,http://mp.weixin.qq.com/s?__biz=Mzg3MTY2ODQxNA==&mid=2247487535&idx=2&sn=328574a212e9421c31d55cab9e80a3d0&chksm=cefa5ffef98dd6e8850e0b9894cd81213cad9923f8c01a6c61b24e56fa6710107b460c990386#rd,好像已经不是秘密了,,http://mmbiz.qpic.cn/mmbiz_jpg/1rkoZ5tjJgwtjCf30BRkQQIZ8s7xSkFDslPXiaFkbw6g78T6xlicnghHRcZIefczKWpMyD7WSBO0ghUSUPuVRHgg/0?wx_fmt=jpeg,否,2,否,中国,上海,63731,471,1830,20,0,0,1
2022-05-16 20:57:18,莫言：我热爱生活的理由,http://mp.weixin.qq.com/s?__biz=Mzg3MTY2ODQxNA==&mid=2247487509&idx=1&sn=55c8ac115f7e1152c3f00d192d0d3be9&chksm=cefa5fc4f98dd6d21606680a6078bcd7a58e63b06caeb5acdf843f9ac3d74b9498d0edc399d7#rd,热爱生活的理由千千万万,莫言,http://mmbiz.qpic.cn/mmbiz_jpg/1rkoZ5tjJgy2iaWEQ8cdvGnw3wiaKNBFicfnaTZmksxAbUDoQ8kTcEuQIibM5U6ibnRU79zq7Xv8g7p2D5JmE5EYdsQ/0?wx_fmt=jpeg,是,1,否,中国,上海,100001,1901,5203,25,0,0,1
2022-05-16 20:57:18,【莫言和你聊聊天】我也会通宵追小说，没想到吧！,http://mp.weixin.qq.com/s?__biz=Mzg3MTY2ODQxNA==&mid=2247487509&idx=2&sn=7dc8fc9819c7b99e8893c1f375dbcf92&chksm=cefa5fc4f98dd6d2894efbb64e5154b8e9fc4f90a9d76e29f2b97d5dc8c9d1da493006b59aa1#rd,你猜我追的是哪部小说？,莫言,http://mmbiz.qpic.cn/mmbiz_jpg/1rkoZ5tjJgy2iaWEQ8cdvGnw3wiaKNBFicftZMyeVBFdO321mUasqrUXFTNtd22HEWBFCHqOjNeXdUux3zklusANQ/0?wx_fmt=jpeg,否,2,否,中国,上海,69265,440,1938,16,0,0,1
2022-05-04 13:15:31,莫言：致所有青年朋友的一封信,http://mp.weixin.qq.com/s?__biz=Mzg3MTY2ODQxNA==&mid=2247487465&idx=1&sn=ae5001339866f5249073239ffaf341d7&chksm=cefa4038f98dc92e98d87690984cbbe36da56abec202d063553fe1c77e671c5e4b7320991de8#rd,不被大风吹倒,莫言,http://mmbiz.qpic.cn/mmbiz_jpg/1rkoZ5tjJgwzichYK5vfic0osTp94yibVrrx5IlxZQWWsqUHlXgzty1cSnEKWtkQTlsFX6GZurqF7ticSsV0I7mOgA/0?wx_fmt=jpeg,否,1,否,中国,上海,100001,2792,7039,47,0,0,0
2022-05-04 13:15:31,【莫言和你聊聊天】我最近在看哪本书？,http://mp.weixin.qq.com/s?__biz=Mzg3MTY2ODQxNA==&mid=2247487465&idx=2&sn=1695ed0c0792fa5cd51bd0de6b273d3f&chksm=cefa4038f98dc92e24e64adc02c45a3eac3b6fcf6c83c9b3fd93e6f54542b7dbda7449f09fef#rd,不是在读历史，而是在读现实，不是在读他人，而是在读自己。,莫言,http://mmbiz.qpic.cn/mmbiz_jpg/1rkoZ5tjJgwzichYK5vfic0osTp94yibVrrymZgyLBySN33sx5Np5JDYpc62iaM1wibvnMk0IqKWicIicY3UzEC7YDlwA/0?wx_fmt=jpeg,否,2,否,中国,上海,69351,418,1660,25,0,0,1
2022-05-02 20:53:48,莫言：夜深了，给大家讲个奇人奇事,http://mp.weixin.qq.com/s?__biz=Mzg3MTY2ODQxNA==&mid=2247487435&idx=1&sn=5eaa0f1000aeadc1cf73b85bdddcbb7e&chksm=cefa401af98dc90c1c48e088fbf5a9d4a3b6b79a484aa67b03120b241c12c08740a47c0ac5a3#rd,鬼怪故事饱含着人对美好生活的向往,莫言,http://mmbiz.qpic.cn/mmbiz_jpg/1rkoZ5tjJgykDX3LcAB1MHNI2tkfBMfDZ4Kiaxy4qdK2icCS3rt2gTXgKZXEalRuJU6CInicmohShC7pdbicO9oRrg/0?wx_fmt=jpeg,否,1,否,中国,上海,100001,967,3034,31,0,0,0
2022-05-02 20:53:48,【莫言和你聊聊天】平凡人需要远大理想吗？,http://mp.weixin.qq.com/s?__biz=Mzg3MTY2ODQxNA==&mid=2247487435&idx=2&sn=7a386f2c3c87656242bba75476109814&chksm=cefa401af98dc90c1a4dc0a6f8d7e27449f9c53fb2fd6f95751a4c7e9cb65e2eb1e144114da6#rd,每个人都有自己的理想,,http://mmbiz.qpic.cn/mmbiz_jpg/1rkoZ5tjJgyaDTRhLx1yGcMWky5wia8tTms3m6jICyWnNSCnPpamggHKic2OGfLcF9GEQOb0xf6Jtq5ZYTKZtWsw/0?wx_fmt=jpeg,否,2,否,中国,上海,61646,419,1359,17,0,0,1
2022-04-25 20:54:17,莫言：一份网友们送我的书单,http://mp.weixin.qq.com/s?__biz=Mzg3MTY2ODQxNA==&mid=2247487387&idx=1&sn=21bd933f985a4cd9c4e7cb3a381bd627&chksm=cefa404af98dc95c736b8a59d1f23c46c6d712af471d57bc2b937d5f9c8c92377cebc2fe1436#rd,谢谢大家的分享,分享朋友书单的,http://mmbiz.qpic.cn/mmbiz_jpg/1rkoZ5tjJgxX5brhXHibBsUmPGOnw9aiciaQtWSeEC8kWREZdmdPNWRibXQXMJ2tRZh9kxhvTcvuvJicq2bic5dmWgMg/0?wx_fmt=jpeg,否,1,否,中国,上海,100001,1119,3358,27,0,0,0
2022-04-25 20:54:17,【莫言和你聊聊天】都是自己人，我给大家唱一段儿,http://mp.weixin.qq.com/s?__biz=Mzg3MTY2ODQxNA==&mid=2247487387&idx=2&sn=afd2f0f87cfd2a98fad6beccac2ba33d&chksm=cefa404af98dc95c7301c5ec73acc7de14522720f2aec7c6ca05a6c06d29f2ffc86a131f3661#rd,给大家唱一段茂腔戏,莫言,http://mmbiz.qpic.cn/mmbiz_jpg/1rkoZ5tjJgyDNFxhNuklJjz86mVRtdwIxiaOmz9G7UKNOyoLawvzKQ6FQV0pnStRdjEZPbbD39g9c7X1waiaBsMA/0?wx_fmt=jpeg,是,2,否,中国,上海,56653,638,2296,39,0,0,1
2022-04-18 21:02:29,莫言：423读书日，聊聊对我意义重大的书,http://mp.weixin.qq.com/s?__biz=Mzg3MTY2ODQxNA==&mid=2247487345&idx=1&sn=0acc89c49f416d477694dea941ebbe08&chksm=cefa40a0f98dc9b6f77eff2ac2d61dbb7ca610c7d4b68319c79a1161539a2d44464d4a8818ca#rd,一起来阅读好书吧,莫言,http://mmbiz.qpic.cn/mmbiz_jpg/1rkoZ5tjJgxp7v8hKHic3ZY229viaa72eCHE6I4vSLSxicLob97iajBtGGRV9olcdR8odsrrj6TAiaTIIiam45m2F5RQ/0?wx_fmt=jpeg,否,1,否,,,100001,1220,3436,33,0,0,0
2022-04-18 21:02:29,【莫言和你聊聊天】平凡人注定要平庸一生吗？,http://mp.weixin.qq.com/s?__biz=Mzg3MTY2ODQxNA==&mid=2247487345&idx=2&sn=be3a0d91a27b63f032d96a82c9ec753e&chksm=cefa40a0f98dc9b685f991896e6cffe2fc65750f65c475fd226ed3e2879699fb9ba40e841ca7#rd,平凡并不等于平庸,莫言,http://mmbiz.qpic.cn/mmbiz_jpg/1rkoZ5tjJgy6gOqTreIwKCUibJfhTh6ZomG2UK2HpgVsfEvTylkDY6XHoLjXxJLgKMPGexVhse16QDMtX3iaPjpQ/0?wx_fmt=jpeg,是,2,否,,,56607,589,1857,20,0,0,1
2022-04-11 20:59:06,莫言的作家朋友系列：高人阿城,http://mp.weixin.qq.com/s?__biz=Mzg3MTY2ODQxNA==&mid=2247487256&idx=1&sn=bb9558857ec404d9d4c29ca612a247fe&chksm=cefa40c9f98dc9df926452846455adab56c30750de12cd3c97eca15cb30232fec0cabee756f3#rd,他达到了世事洞明、人情练达的境界,莫言,http://mmbiz.qpic.cn/mmbiz_jpg/1rkoZ5tjJgwK1u4R4uE6ZX9mG70kNHzvCo9jlVXnwz5EexPUveoBgktL060oicltd6aP9c9yz7HDSWFQFDKdnVw/0?wx_fmt=jpeg,否,1,否,,,100001,1514,4070,30,0,0,0
2022-04-11 20:59:06,【莫言和你聊聊天】分享我拍的美景,http://mp.weixin.qq.com/s?__biz=Mzg3MTY2ODQxNA==&mid=2247487256&idx=2&sn=b6a7ca7e1c178f5151a1637090d6aad8&chksm=cefa40c9f98dc9df225b0b49239db28d91ddeb42bb34c71dfc6e4fa92e941d24846eece546b7#rd,希望大家能够早日恢复正常生活状态，欣赏更多美景,莫言,http://mmbiz.qpic.cn/mmbiz_jpg/1rkoZ5tjJgyiafB2l50Xnqe58m9Y4wBd3ytu07IHmSHkqGMicEeyP3mff1VWicLtibtDcsGT0JjE95sHp5rWaHjC3w/0?wx_fmt=jpeg,否,2,否,,,61561,856,4015,23,0,0,1
2022-04-04 21:08:45,莫言：写给母亲的诗,http://mp.weixin.qq.com/s?__biz=Mzg3MTY2ODQxNA==&mid=2247487226&idx=1&sn=e80696bedce966c42e23a8032a955234&chksm=cefa412bf98dc83d2257196f610dd4a64ca10c3ada204adc1128390ec23c27c617ca3320d49a#rd,献给母亲,莫言,http://mmbiz.qpic.cn/mmbiz_jpg/1rkoZ5tjJgzqatSLXnCOFMNxfjlnDZSDYv2Vn4OYTSR2fiaxRANmXRlG6ibSvcia9L4sfB7oiaoWgHIu7fvxiaeHRhQ/0?wx_fmt=jpeg,否,1,否,,,100001,3055,8752,35,0,0,1
2022-04-04 21:08:45,【莫言和你聊聊天】和居家隔离的朋友说说话,http://mp.weixin.qq.com/s?__biz=Mzg3MTY2ODQxNA==&mid=2247487226&idx=2&sn=aa46c2d6113f524f92b6fbbc3d0557c9&chksm=cefa412bf98dc83d26f7404638d554e9f798ece24bd008acf1fbf981c0e4690522a1ba209942#rd,祝愿大家早日恢复正常生活状态,莫言,http://mmbiz.qpic.cn/mmbiz_jpg/1rkoZ5tjJgwxDDYa3QQL6DaPHZX9XJ7tIbQXlhfhFq0vjoJjdMUMTwxwqWNos9NZSuqkBTAahCZlsaicb49iczxw/0?wx_fmt=jpeg,是,2,否,,,73267,712,2414,24,0,0,1
2022-03-28 21:00:59,莫言：我今年做的最难忘的一件事,http://mp.weixin.qq.com/s?__biz=Mzg3MTY2ODQxNA==&mid=2247487163&idx=1&sn=80e1ff7e1d180709f3e6d0a8b218ae4d&chksm=cefa416af98dc87c809cc8ab39c67f21996bb296e672aed36644249ba89fbf9fc01047ca20d3#rd,慈善，看起来是你在帮助别人，实际上是别人在帮助你。,莫言,http://mmbiz.qpic.cn/mmbiz_jpg/1rkoZ5tjJgwKkvOjibakk831yOvl5EkPSDEicRJsvHGI5un0JsnTLVtgxUPsQXVwBm3RnhAhcp01UA7kIwGKvM6w/0?wx_fmt=jpeg,是,1,否,,,100001,2897,10335,45,0,0,1
2022-03-28 21:00:59,【莫言和你聊聊天】我为什么总穿格子衬衣？,http://mp.weixin.qq.com/s?__biz=Mzg3MTY2ODQxNA==&mid=2247487163&idx=2&sn=f843c364d145a4c81279837c6f7f02e5&chksm=cefa416af98dc87c00c12c075160cdd18d8355fb6154c200ddc5772706f777957b31b1b2c38f#rd,我的标配：格子衬衣,莫言,http://mmbiz.qpic.cn/mmbiz_jpg/1rkoZ5tjJgyRtt6I1jhjxvLMF4QRDVV1fHrtF4H8xm5BcxKBA6Tv8JcVFQgjqCy3rR4Hq8JwVdApUicGfia4ibh4w/0?wx_fmt=jpeg,是,2,否,,,69024,533,2044,37,0,0,1
2022-03-21 21:00:28,莫言：人生的意义到底是什么？,http://mp.weixin.qq.com/s?__biz=Mzg3MTY2ODQxNA==&mid=2247487029&idx=1&sn=6126b4964a851a5d84629b046d3bcb50&chksm=cefa41e4f98dc8f2ab6de51f0631c5e1e9e73ca025621b78cb1b4422cc1db5545fd7b3f0b2d9#rd,人生的意义，就在于你是人,莫言,http://mmbiz.qpic.cn/mmbiz_jpg/1rkoZ5tjJgxwjMydoN5YE062GhKgsaVu0rRyyXpicWs9AhK28icXticcicU9kwcA2WT6WapVUVStJ2zAqJWoCQAVug/0?wx_fmt=jpeg,否,1,否,,,100001,3382,7711,21,0,0,0
2022-03-21 21:00:28,【莫言和你聊聊天】分享我最近的床头书,http://mp.weixin.qq.com/s?__biz=Mzg3MTY2ODQxNA==&mid=2247487029&idx=2&sn=1551efd08e452b63cfdc79cdbb65f4c2&chksm=cefa41e4f98dc8f244a936d5e048e1735643a73c8ee14f502213734c7d18629da2c7dcf00b89#rd,即便是翻译文本，语言之精妙也令人惊叹。,莫言,http://mmbiz.qpic.cn/mmbiz_jpg/1rkoZ5tjJgxwjMydoN5YE062GhKgsaVuIsFvte1RNe19ce0vjgZlNotAfXByAthcVjOkHjVcjdoR3fcorZMq2A/0?wx_fmt=jpeg,否,2,否,,,72485,330,1206,26,0,0,1
2022-03-14 20:54:08,莫言：我的头发是怎么一点一点凋零的……,http://mp.weixin.qq.com/s?__biz=Mzg3MTY2ODQxNA==&mid=2247486992&idx=1&sn=b648607e38804d2ef5007c09c158bea6&chksm=cefa41c1f98dc8d72bb3ac7dab965a074352ffd5e1b542371597f1a1306a53af3c2a664b017d#rd,挺秃然的……,莫言,http://mmbiz.qpic.cn/mmbiz_jpg/1rkoZ5tjJgxia6ydlOdXzXWkgpA6hCof0M8ibw8mFYlQfSibyiaYzHzargu3sSjcn4ic33rCuedWHa3dUicVOgk7a7kA/0?wx_fmt=jpeg,是,1,否,,,100001,1764,5855,54,0,0,1
2022-03-14 20:54:08,【莫言和你聊聊天】《红楼梦》中，我最喜欢哪个人物？,http://mp.weixin.qq.com/s?__biz=Mzg3MTY2ODQxNA==&mid=2247486992&idx=2&sn=0b88aa82b1a4a3cebb81d0ba1ab17e6f&chksm=cefa41c1f98dc8d7a713997290b57d26c195739c3f06afcc8f10142a0a9c49e4e2fdaa47a670#rd,从小人物身上看《红楼梦》的伟大之处,莫言,http://mmbiz.qpic.cn/mmbiz_jpg/1rkoZ5tjJgzmCWPeUSSTPO99ibbuaQ0ayUmzCUtTLIRyeiaL7xticAFUAbWo8rNw99DCUkH4GNqf7YwUEgH24Zib0w/0?wx_fmt=jpeg,是,2,否,,,78610,710,2300,27,0,0,1
2022-03-07 21:03:51,莫言：除了写作，我还有一个“隐藏技能”,http://mp.weixin.qq.com/s?__biz=Mzg3MTY2ODQxNA==&mid=2247486924&idx=1&sn=d2701ab4398355d06bf0fdad90c6cf82&chksm=cefa421df98dcb0bfe8ac8e3d18b48221967c387ba217a08e33eda0ecc19b3ef8a870079c8d0#rd,对书法的热爱会伴我终生,莫言,http://mmbiz.qpic.cn/mmbiz_jpg/1rkoZ5tjJgz3eeyibFepia3eoHyr8Amw4ppiaSZJroY3gZwsUHicNtM6dYvc3nQnTPJhAZB7UUtCDJtxva5KTmQ07Q/0?wx_fmt=jpeg,否,1,否,,,100001,1425,4186,35,0,0,0
2022-03-07 21:03:51,【莫言和你聊聊天】我最想穿越到唐朝,http://mp.weixin.qq.com/s?__biz=Mzg3MTY2ODQxNA==&mid=2247486924&idx=2&sn=3ec5bdc6dfcc69ceaf586120c3ce634c&chksm=cefa421df98dcb0b20c6beb442ccb6cd3c0e3674beead41d79c13c601afba4a98be024013b02#rd,但你们想不到我想做什么......,莫言,http://mmbiz.qpic.cn/mmbiz_jpg/1rkoZ5tjJgxAh14aeyt6y5aV2D0wYK4diaFnqggr9dQianDdIM1mP8g8oXAccu6HAe28PjJ3G6IDiaSD4MY9COEibQ/0?wx_fmt=jpeg,是,2,否,,,45113,407,1231,28,0,0,1
2022-02-28 21:14:02,莫言：为什么我说人有局限性不一定是坏事,http://mp.weixin.qq.com/s?__biz=Mzg3MTY2ODQxNA==&mid=2247486917&idx=1&sn=6952a4b2dd8e6470543fb026cc8bb91d&chksm=cefa4214f98dcb02704abf3488e1ce00da60a3ebe335b8fdcccf65757008b66b5b61e2fbdcd8#rd,有时候，局限性反而成就小说的丰富性,莫言,http://mmbiz.qpic.cn/mmbiz_jpg/1rkoZ5tjJgz3eeyibFepia3eoHyr8Amw4piaoiaHlS8FXdX1COrI6urr3rjR3b3GX7XeKoQ5qnRI53gLfWfrw63c6Q/0?wx_fmt=jpeg,是,1,否,,,100001,1902,5779,29,0,0,0
2022-02-28 21:14:02,【莫言和你聊聊天】听说你们好奇我的精力为什么这么好？,http://mp.weixin.qq.com/s?__biz=Mzg3MTY2ODQxNA==&mid=2247486917&idx=2&sn=a38d6c234122c537f0d204902d2d09a8&chksm=cefa4214f98dcb02ec79c14abca815385a285b4b921faee8ad1933a02b0f4c73ecc596dd2659#rd,多吃饭，不锻炼，有了工作连轴转,,http://mmbiz.qpic.cn/mmbiz_jpg/1rkoZ5tjJgxtFh7y0QAYp9icSUhfL5AsbUtTazv7VUJM9pRb555kNp0ZjuQSjgfMia1bZqoXKBG8CEIjXevs5Hfw/0?wx_fmt=jpeg,否,2,否,,,54141,356,1203,28,0,0,1
2022-02-21 20:55:22,莫言：我心目中的yyds,http://mp.weixin.qq.com/s?__biz=Mzg3MTY2ODQxNA==&mid=2247486767&idx=1&sn=1a3bd8ca690f0943883ffa95f5e150fa&chksm=cefa42fef98dcbe8fccb4e7e48fbf7895eecff4da9c1d146213ae13e56d0e82614ed30ba214f#rd,这个人对我来讲意义太重大了,莫言,http://mmbiz.qpic.cn/mmbiz_jpg/1rkoZ5tjJgwDKL9RXM3XDLIg3Oc3gfbL3gtwRChKZfvYgrCVtiaRtYnqqfOxDV4A1nAgUicZmTkThb6EeNI0uzNg/0?wx_fmt=jpeg,是,1,否,,,100001,1583,4756,22,0,0,0
2022-02-21 20:55:22,【莫言和你聊聊天】哪本书曾陪我走过人生中的艰难时刻？,http://mp.weixin.qq.com/s?__biz=Mzg3MTY2ODQxNA==&mid=2247486767&idx=2&sn=afa4d73093a32f1be85d5805d086eaa9&chksm=cefa42fef98dcbe8a8c14acb407c0a74316aabfc7cd64b7999b24627260b8911ff100e626304#rd,你一定想不到是它,莫言,http://mmbiz.qpic.cn/mmbiz_jpg/1rkoZ5tjJgwiaNZdbIWpP1EqWq8YVV0d7qkppgg2JzWNAVzkw0UnyUYdrLPsobB2ccAjkOibSNoDSzUluL9JsjvQ/0?wx_fmt=jpeg,是,2,否,,,70359,578,2036,18,0,0,1
2022-02-14 20:57:04,莫言谈冬奥会：我在谷爱凌、苏翊鸣身上看到了什么,http://mp.weixin.qq.com/s?__biz=Mzg3MTY2ODQxNA==&mid=2247486578&idx=1&sn=3774f35848218e6a730212f72840c4d6&chksm=cefa43a3f98dcab58cd3173cdc9a2aa246d01dca5036a9132eeb3f5690c7417a0378cb22212b#rd,一代新人正在展示他们的风貌,莫言,http://mmbiz.qpic.cn/mmbiz_jpg/1rkoZ5tjJgyDqCLN7EdKFLhPcliaewGIicrEFibL80OkxCAmKziam73ia2bq66anj0YvtHxy317jvbnYIAx5icaV7S1Q/0?wx_fmt=jpeg,是,1,否,,,100001,2074,5473,25,0,0,1
2022-02-14 20:57:04,莫言谈冬奥会开幕式：张艺谋又“超越了”张艺谋,http://mp.weixin.qq.com/s?__biz=Mzg3MTY2ODQxNA==&mid=2247486578&idx=2&sn=3baf9ff09b8d3c10b5fc407495a8a494&chksm=cefa43a3f98dcab5e1e1018686eb17c1b9275274c4b20fe237617688d3efd59e599a47d000d0#rd,这届开幕式体现了“以人为本”的意识,莫言,http://mmbiz.qpic.cn/mmbiz_jpg/1rkoZ5tjJgyDqCLN7EdKFLhPcliaewGIico3r7s0SJupRoVr3XsTNXWh41Q4zOIjEtLYyGia5la6l4gwME3EsNC4A/0?wx_fmt=jpeg,是,2,否,,,81285,966,2824,21,0,0,1
2022-02-07 20:53:33,莫言：我是怎么读书的？,http://mp.weixin.qq.com/s?__biz=Mzg3MTY2ODQxNA==&mid=2247486473&idx=1&sn=5c3d055f19d9bfb0bab14a6d208b069e&chksm=cefa43d8f98dcaced9c89db51b0a3c701f16daa3f0f70a52eb065652d0cee54aa7717a489dad#rd,读书人各有法，但万变不离其宗,莫言,http://mmbiz.qpic.cn/mmbiz_jpg/1rkoZ5tjJgyZtgicleOcKaEYmNHzyQneDptIg9SDzdWicqpvfp8mQwl3ZMpqaxhx10p4h5TvvXCdWgFfaGPmnkxQ/0?wx_fmt=jpeg,否,1,否,,,100001,2284,6754,24,0,0,0
2022-02-07 20:53:33,【莫言和你聊聊天】如何度过一生才不算白费？,http://mp.weixin.qq.com/s?__biz=Mzg3MTY2ODQxNA==&mid=2247486473&idx=2&sn=c5e12ee91b78481604d4f41770b26997&chksm=cefa43d8f98dcace7261a3cee5778b33db046652a7a8d7ab6c90f4e8a3480f685942baee6789#rd,积极追求，随遇而安,莫言,http://mmbiz.qpic.cn/mmbiz_jpg/1rkoZ5tjJgxtgjBG8gQKGXHr9AUcSdUibPcg16xzzDgTJ409QfMBHSmFN8icAia1R9MC3LXZOicSlT0buzWWTzsf4Q/0?wx_fmt=jpeg,是,2,否,,,95195,1254,3621,22,0,0,1
2022-01-31 20:54:08,你有一份来自莫言的新年祝福，请查收！,http://mp.weixin.qq.com/s?__biz=Mzg3MTY2ODQxNA==&mid=2247486268&idx=1&sn=e82883ebfc98d9fade0551bc6173a428&chksm=cefa44edf98dcdfbb3c66d0e2538797b75556038a5469fc7882ed21e449ec614854a9b0b97eb#rd,,,http://mmbiz.qpic.cn/mmbiz_jpg/1rkoZ5tjJgwHBhTLOoITx5vv2voaNLiaO3FVRGic1kHqjuK3GicaxUTwuphbcCbWMTjFt2ktEfcrFVrFpxmTJm4OA/0?wx_fmt=jpeg,否,1,否,,,100001,5408,16351,53,0,0,0
2022-01-17 20:57:56,莫言：过去的年,http://mp.weixin.qq.com/s?__biz=Mzg3MTY2ODQxNA==&mid=2247486009&idx=1&sn=740724c1d24172917042d02f68ea5489&chksm=cefa45e8f98dccfefd2841c9ae1c837b971ad4c3a4b8ae6e7bedffd7bae96366dd7c1c6668fd#rd,财神到，财神到，过新年，放鞭炮。,莫言,http://mmbiz.qpic.cn/mmbiz_jpg/1rkoZ5tjJgyQ2SXBSFWribaSpd81XUqrTmTMBHkrKiboy2qibpCGEtBDW1tICalq0cdicXiaVLfgaAJialfA3gkd2HEg/0?wx_fmt=jpeg,否,1,否,,,100001,3263,6633,29,0,0,0
2022-01-17 20:57:56,【莫言和你聊聊天】故乡对一个人的意义是什么？,http://mp.weixin.qq.com/s?__biz=Mzg3MTY2ODQxNA==&mid=2247486009&idx=2&sn=9009701ad7fd13d03336b534255ffa5b&chksm=cefa45e8f98dccfed4d3805be1c65fc216c9829cd71191a0447b20cec56d9bb1961d46688f6a#rd,故乡就像一个人生来带着的一块胎记，无法剥离。,莫言,http://mmbiz.qpic.cn/mmbiz_jpg/1rkoZ5tjJgzZZNA3ZSj9E6u7GbJiaLeicNF2D8kiaOOAaAwiaiaiaDxUIib7Y67P9ft8MQJgcNG6Qszk1367Fa8SyIlcA/0?wx_fmt=jpeg,是,2,否,,,60639,770,1876,37,0,0,1
2022-01-10 20:55:04,莫言：想了解我，可以从这本书开始,http://mp.weixin.qq.com/s?__biz=Mzg3MTY2ODQxNA==&mid=2247485916&idx=1&sn=133de804cfc6c6d3857d3d2f4c666819&chksm=cefa460df98dcf1b52305d4484e7de3dd4bce978190bcecc1c2ba6e2bb5175bd1e09fcb88306#rd,在极度痛苦时笑出声来，获得内心深处的解脱,,http://mmbiz.qpic.cn/mmbiz_jpg/1rkoZ5tjJgzZZNA3ZSj9E6u7GbJiaLeicNCRq7iaCiaTeg2VJAcMqI0vFibCw9JibYDj4balia71CJ0w1Eic3PbJvPoH8Q/0?wx_fmt=jpeg,否,1,否,,,100001,1442,3172,42,0,0,0
2022-01-10 20:55:04,【莫言和你聊聊天】经历大风大浪后，如何保持内心平静？,http://mp.weixin.qq.com/s?__biz=Mzg3MTY2ODQxNA==&mid=2247485916&idx=2&sn=08900d01860936f4d92ae814096e2352&chksm=cefa460df98dcf1be532a56b384c8f98dee3a9526f08f76f706f8b19e8931aeccf501efc7a96#rd,不忘根本，坚持原则。,莫言,http://mmbiz.qpic.cn/mmbiz_jpg/1rkoZ5tjJgyoVtBDhvORlMzEQ8icZ3nPS5NkA7LCWJu9k7NWaCUNtDad47y035xYYy8eFRbQNopkdHUTToXjaRg/0?wx_fmt=jpeg,是,2,否,,,61556,843,2245,20,0,0,1
2022-01-03 20:56:59,莫言的作家朋友系列：我的室友余华,http://mp.weixin.qq.com/s?__biz=Mzg3MTY2ODQxNA==&mid=2247485767&idx=1&sn=e8e9cfceb9ecc6d329d45dfcf7c1032d&chksm=cefa4696f98dcf80abe3428b9e9d75e435dc276118664e47210211a0a122028bb1405d272054#rd,他既是个“顽童”，又是个成熟的“老人”。,莫言,http://mmbiz.qpic.cn/mmbiz_jpg/1rkoZ5tjJgwT4sJYCgzwc0OlfWs1QxlByPreePtaJgMN47ySRz4l4vxl3kYJa1picN62KpLVZH698lb2wflCbmA/0?wx_fmt=jpeg,是,1,否,,,100001,3422,7194,46,0,0,0
2022-01-03 20:56:59,【莫言和你聊聊天】我最喜欢的书中人物，可能出乎你们的意料,http://mp.weixin.qq.com/s?__biz=Mzg3MTY2ODQxNA==&mid=2247485767&idx=2&sn=ba40ef3251119dd7abda4910e05d49cd&chksm=cefa4696f98dcf800cc09aef9e15d610429df26d763fd69654eecec3d54136b335157d0c252e#rd,他是真可以跟我们坐在一块，成为朋友的。,莫言,http://mmbiz.qpic.cn/mmbiz_jpg/1rkoZ5tjJgxWSuJ9ZwNunqXT2sB4XTSFTFPicsbZdOmtE8SZ23VGG64Dxl8n8yQwJ0hoiaTZwhDQdVw3WTuGDkvw/0?wx_fmt=jpeg,是,2,否,,,70225,691,1821,34,0,0,1
2021-12-27 20:53:45,莫言：年底了，回顾我的2021,http://mp.weixin.qq.com/s?__biz=Mzg3MTY2ODQxNA==&mid=2247485469&idx=1&sn=caca307d8b84906d9cbbae01b1026c1f&chksm=cefa47ccf98dcedaef2e965340dbb32ba73c8e006d632a4b7253511d049de2a4de5eaf7fa255#rd,我的2021是如何过的？,莫言,http://mmbiz.qpic.cn/mmbiz_jpg/1rkoZ5tjJgw4P9gKES0B6iaw8598kkDeCyuHsn1v5yhw6VxIriajNu1hibOWXknoJxMUwBr3oEDkyicTKm50UaQAPw/0?wx_fmt=jpeg,否,1,否,,,100001,5111,11170,61,0,0,0
2021-12-27 20:53:45,【莫言和你聊聊天】总是陷入后悔，该怎么办？,http://mp.weixin.qq.com/s?__biz=Mzg3MTY2ODQxNA==&mid=2247485469&idx=2&sn=a2607a43dd2ee62cf751e25ab9a8e62c&chksm=cefa47ccf98dceda0420f482fafd3a458806da84b5aac3551d40d272698a9a022639920c2898#rd,往者不可谏，来者犹可追。,莫言,http://mmbiz.qpic.cn/mmbiz_jpg/1rkoZ5tjJgwjCaQ299dP4LQ3ibddKA1lRyIjupFVbnTz0gg0ibLbWxvMR3eSG2VX0ox8mpMJUEjsoXibGYytlGWgA/0?wx_fmt=jpeg,是,2,否,,,72823,999,2651,29,0,0,1
2021-12-20 20:54:52,莫言：我为什么偏爱长篇小说？,http://mp.weixin.qq.com/s?__biz=Mzg3MTY2ODQxNA==&mid=2247485390&idx=1&sn=5ab8fd1664737d89f9a9e517d201102d&chksm=cefa481ff98dc1097ca0eec0380ce7c75162fa459dc7b49957a8b99f0b9aa588da04d0a49122#rd,它笨拙、大度、泥沙俱下.....,莫言,http://mmbiz.qpic.cn/mmbiz_jpg/1rkoZ5tjJgzl28z772YICETw3ver8F3Zx8jpTxElFeRwNcXkVm7VbcEyiaMnvQfTroC8uhQmKXx2mRds76ay6IA/0?wx_fmt=jpeg,是,1,否,,,100001,2665,6552,49,0,0,0
2021-12-20 20:54:52,【莫言和你聊聊天】买书不看？有同样“症状”的人来集合,http://mp.weixin.qq.com/s?__biz=Mzg3MTY2ODQxNA==&mid=2247485390&idx=2&sn=5f38ab9be79dbe9fc4549a4170ebb7f5&chksm=cefa481ff98dc10956046a98d557a4c3f7f3e4b9592003ea59e334fed06dcd3cfa5e50fb23ca#rd,买书如山倒，看书如抽丝？,莫言,http://mmbiz.qpic.cn/mmbiz_jpg/1rkoZ5tjJgzv1atovvibwvsKoib5klg1sziag2rtxibEAyxyQgibicDD75PmHYzE2fY9LDc4YhQiajPPDaiaLfs3YVZXgQ/0?wx_fmt=jpeg,是,2,否,,,75576,907,2582,37,0,0,1
2021-12-13 21:23:37,莫言：为什么人类永远需要童话和鬼怪故事？,http://mp.weixin.qq.com/s?__biz=Mzg3MTY2ODQxNA==&mid=2247485271&idx=1&sn=7779b57dea2a92ce995ec626cb6b9442&chksm=cefa4886f98dc19036e0bb5bed1a7f1e0801c96f9803d9409e809d08ac259b835072fc57f63d#rd,到底是什么支撑着我度过了那么漫长的艰难岁月？,莫言,http://mmbiz.qpic.cn/mmbiz_jpg/1rkoZ5tjJgwxK3RtticazWht6weMkrfPUUjstH5PeBvz0eBicBcCohIOHDkdgJX1fH8HSjnx3kwmtTxxO4P6xn3w/0?wx_fmt=jpeg,否,1,否,,,100001,3824,8411,47,0,0,0
2021-12-13 21:23:37,【莫言和你聊聊天】一个人究竟早熟好还是晚熟好？,http://mp.weixin.qq.com/s?__biz=Mzg3MTY2ODQxNA==&mid=2247485271&idx=2&sn=9b621cb667cfb38c5cf1f216bce4cff8&chksm=cefa4886f98dc1900007d5daa739972c973ad5dbd1de8946f8c6487cedb600ed87bf73adc9ba#rd,只要身体健康、精神愉快就是最好。,莫言,http://mmbiz.qpic.cn/mmbiz_jpg/1rkoZ5tjJgwWtx5nrswp5N8E3eib6cOOZq7Y4MWKgakodZ08gotYVZkUBtlhs5LyNicWyaibjXan7RzbgvMB73V6g/0?wx_fmt=jpeg,是,2,否,,,81644,939,2677,21,0,0,1
2021-12-06 21:02:24,莫言爆笑采访合集，把我看乐了,http://mp.weixin.qq.com/s?__biz=Mzg3MTY2ODQxNA==&mid=2247485188&idx=1&sn=e44369f7a0a33b438f6f3fcc0e8d33a6&chksm=cefa48d5f98dc1c3642037784e6c62e8028aa42eea0833a33c113d52afb8caba91681a4feedf#rd,作家届隐藏的段子手,莫言,http://mmbiz.qpic.cn/mmbiz_jpg/1rkoZ5tjJgwc4VjeU7KK2NoPJ9kl1q0xvicMbYc1vxFNtiaGc6CzVc9ZTkbdSFoWNRZf52aWnGYTymw6xBTfx7CQ/0?wx_fmt=jpeg,否,1,否,,,100001,3297,7162,49,0,0,0
2021-12-06 21:02:24,【莫言和你聊聊天】老觉得自己与周围格格不入，怎么办？,http://mp.weixin.qq.com/s?__biz=Mzg3MTY2ODQxNA==&mid=2247485188&idx=2&sn=d6cced8ff99b650469a205d66374670c&chksm=cefa48d5f98dc1c3f55774e07dc7fa9c6468077048499272e62f8e2468572d7fc0cc2a174658#rd,每个人都有自己的生活态度，没有必要非去讨别人的喜好。,莫言,http://mmbiz.qpic.cn/mmbiz_jpg/1rkoZ5tjJgxzVym0e9A1qFDHFd8Jaia01tu66Nhyqsb7hAhshvPG73bbdGJtaiaxAXl3aJj1H8tDfTo0x22ZcQ2g/0?wx_fmt=jpeg,是,2,否,,,82991,1144,3375,33,0,0,1
2021-11-22 21:12:23,莫言：笑得潇洒，活得尽兴,http://mp.weixin.qq.com/s?__biz=Mzg3MTY2ODQxNA==&mid=2247484997&idx=1&sn=8d4a1bd79dc9240d78077ebd974c5fd2&chksm=cefa4994f98dc08262cda6556c68bae2f0159d6c88fd5ab4bbefad81dfa84d9be71a4d158c4f#rd,没有笑就没有生活，没有笑也就没有文学。,莫言,http://mmbiz.qpic.cn/mmbiz_jpg/1rkoZ5tjJgz7ibn0riajRK7deF7icyf1GzY2aFqXHZUGCbMVpHlicNEyZg0wWo7iawib2AnzIicfuXddFloj8SJk24Xxg/0?wx_fmt=jpeg,是,1,否,,,100001,3163,6812,28,0,0,0
2021-11-22 21:12:23,【莫言和你聊聊天】好小说都具备这三个元素,http://mp.weixin.qq.com/s?__biz=Mzg3MTY2ODQxNA==&mid=2247484997&idx=2&sn=8cc5ab998f5e83471838e9652c1f6067&chksm=cefa4994f98dc082d7085c99c221d0927484a7d38baa0b9cce8622f32b0dc2e8eeeb2aa33557#rd,倾囊相授：关于小说的干货,莫言,http://mmbiz.qpic.cn/mmbiz_jpg/1rkoZ5tjJgyBE7tf6Kkcusc9Qw94y2HAwzJ9C7pT37V150GnMJahaAFVicFgK2dsjwvOiao8rUfKctj8beBNzgibQ/0?wx_fmt=jpeg,是,2,否,,,75935,1140,2997,22,0,0,1
2021-11-15 21:02:45,莫言：我心目中最潇洒的人,http://mp.weixin.qq.com/s?__biz=Mzg3MTY2ODQxNA==&mid=2247484939&idx=1&sn=02342ee2da22b950a497a3949d79602d&chksm=cefa49daf98dc0cc806d2bbee3cb701e7839b53b20981ac84e769ec9919d5006e07a75f0a23e#rd,既然破了，回头有什么用？,莫言,http://mmbiz.qpic.cn/mmbiz_jpg/1rkoZ5tjJgxePJrOjIn4o2PrdUCN3ibYflmKk7BeuESb7p7qwZMNlO8YEOYJ2gC1ico7vmWpE6iblyicJchPrbzNUQ/0?wx_fmt=jpeg,是,1,否,,,100001,3815,7536,41,0,0,0
2021-11-15 21:02:45,【莫言和你聊聊天】幽默能化解人生很多阻力,http://mp.weixin.qq.com/s?__biz=Mzg3MTY2ODQxNA==&mid=2247484939&idx=2&sn=af7155d6011d6d553e5c305503a9dc7f&chksm=cefa49daf98dc0cc26f0171dbad73feb73b9b875d24ffef0895b195e1eb1803d93d9981c8133#rd,幽默应该灌注进生活的各个方面,莫言,http://mmbiz.qpic.cn/mmbiz_jpg/1rkoZ5tjJgwic6Tt91CSojmH8f3J1gFFJRhPcCtW4LIT1ibh5ZaX2tgv5wk7dPaHqiczj9WVWMH0u5J8vAiaf6dykg/0?wx_fmt=jpeg,是,2,否,,,82675,919,2449,33,0,0,1
2021-11-08 20:58:09,莫言开公众号100天啦！,http://mp.weixin.qq.com/s?__biz=Mzg3MTY2ODQxNA==&mid=2247484873&idx=1&sn=13c8d357f0e9eb9e7da10c01d960b1c8&chksm=cefa4a18f98dc30e76e8a1039d9f455461a3e2346261a073c2f31c6628d3f81c0cc78781b14b#rd,这100天里我有什么变化？,莫言,http://mmbiz.qpic.cn/mmbiz_jpg/1rkoZ5tjJgy40iavMDE8qqgc3Ze8aoW7eftx7W7eHfNAs9OWfM1sLnticMiaBpyaa7HFRlfsD4cqB0HYejvuiah8xw/0?wx_fmt=jpeg,否,1,否,,,100001,2569,6200,90,0,0,0
2021-11-08 20:58:09,【莫言和你聊聊天】我的写作灵感是怎么来的,http://mp.weixin.qq.com/s?__biz=Mzg3MTY2ODQxNA==&mid=2247484873&idx=2&sn=1bf851437891fd4c905c1aed72297ed9&chksm=cefa4a18f98dc30e8246fc4c660f76f24e92a33ca6a7a7003ccbfa1b89a967ab3523af63c1fa#rd,从听故事的人，慢慢变成讲故事的人,莫言,http://mmbiz.qpic.cn/mmbiz_jpg/1rkoZ5tjJgy40iavMDE8qqgc3Ze8aoW7eNt9s8LSlM8SUb38oOBtDXLK5oDKWHzzHgDWEo1K3KBu5WH0DkXeE6g/0?wx_fmt=jpeg,是,2,否,,,80246,1126,2720,27,0,0,1
2021-11-01 21:05:56,冬天，想起了我洗热水澡的神仙体验,http://mp.weixin.qq.com/s?__biz=Mzg3MTY2ODQxNA==&mid=2247484804&idx=1&sn=69352776539f92fe859130184600d1f0&chksm=cefa4a55f98dc343b3cc69100af47368ac659bb28b673cde7d928252996c6d8e29b6196780b9#rd,脱胎换骨、神清气爽的初体验,,http://mmbiz.qpic.cn/mmbiz_jpg/1rkoZ5tjJgxgqDuCicAYNmEb3XsQLWYjEVynUG459hth7J45ic6LafopCBvtDbdTtWpI3iao0WMyspiaHjXCXCbpoQ/0?wx_fmt=jpeg,否,1,否,,,100001,2777,6257,58,0,0,0
2021-11-01 21:05:56,【莫言和你聊聊天】活着太累、太痛苦怎么办？,http://mp.weixin.qq.com/s?__biz=Mzg3MTY2ODQxNA==&mid=2247484804&idx=2&sn=38e940ef64a4674f9455b6103decaf88&chksm=cefa4a55f98dc3439110f4ceb99153d70aa69bdb029a791ed0c0ac7a82876b4cf167a73d7c53#rd,生死疲劳，从贪欲起，少欲无为，身心自在,莫言,http://mmbiz.qpic.cn/mmbiz_jpg/1rkoZ5tjJgytibtrovQV9l8guuU9ODs0bDKygkhpib18XzECtBL89OzrgAFOq6zVAxibqY3ffd4CP1icNxJHtibr55Q/0?wx_fmt=jpeg,是,2,否,,,100001,1768,3799,34,0,0,1
2021-10-25 21:01:14,莫言：我家的猫，创造了猫国奇迹！,http://mp.weixin.qq.com/s?__biz=Mzg3MTY2ODQxNA==&mid=2247484728&idx=1&sn=c6960574d3dbcd39bfa52ef218666d54&chksm=cefa4ae9f98dc3ff61d79cb1ea5f435af07a0a294f94543d0cbdc35aa0a2a02b533907633c2f#rd,一只创造了奇迹的猫,莫言,http://mmbiz.qpic.cn/mmbiz_jpg/1rkoZ5tjJgwjQl0ldqXfZckrbOA7v1b148QJzBKOqeIicQdx3edm12w8eXic3YOA68ibO0q4ia1icwUhkeHzCiaeZDvA/0?wx_fmt=jpeg,是,1,否,,,100001,4311,8668,85,0,0,0
2021-10-25 21:01:14,【莫言和你聊聊天】我是女性主义者,http://mp.weixin.qq.com/s?__biz=Mzg3MTY2ODQxNA==&mid=2247484728&idx=2&sn=06f37dc775a10840c9c6efdab015e783&chksm=cefa4ae9f98dc3ffdec7ff4519cdf9c49746e6d249877e1fee8366900164f6140204b6327769#rd,女人比男人更包容、更勇敢、更镇静也更伟大,莫言,http://mmbiz.qpic.cn/mmbiz_jpg/1rkoZ5tjJgy1T7hgRrmfBfsOhtIe6kNUgsjCjVIN2snwHpXvTjh5ZicrpiaEXNbWO0hJeh0GTVt0tnoZ37SXm6pA/0?wx_fmt=jpeg,是,2,否,,,100001,1680,4046,38,0,0,1
2021-10-18 21:19:12,莫言谈鲁迅：月光如水照缁衣,http://mp.weixin.qq.com/s?__biz=Mzg3MTY2ODQxNA==&mid=2247484647&idx=1&sn=66c996039a9b6c63bd3de5a55c7d426f&chksm=cefa4b36f98dc22071c141c334e96f1b04b33eedd5d0ae89e505899649c0ed0496f810240cab#rd,鲁迅先生写出了中国最好的小说,莫言,http://mmbiz.qpic.cn/mmbiz_jpg/1rkoZ5tjJgyjB6SeiavnPOZCJDmGTAiaiamRJcEUHPyWD8IEWrgwxibWXeX6blE0zSHiccQWn2cFTm1RMS0f9IKSMTQ/0?wx_fmt=jpeg,否,1,否,,,100001,2797,5047,33,0,0,0
2021-10-18 21:19:12,【莫言和你聊聊天】爱情究竟是什么？,http://mp.weixin.qq.com/s?__biz=Mzg3MTY2ODQxNA==&mid=2247484647&idx=2&sn=67f1b66eb4171c08ff6b443f1b5d4d5f&chksm=cefa4b36f98dc220bcf37483e36542d8d1274708eea8fe4deba2c851788aa0caef184550aec1#rd,爱情是一个没有谜底的千古谜题,莫言,http://mmbiz.qpic.cn/mmbiz_jpg/1rkoZ5tjJgy16lMJV34r9EOO1vrpYiby0v8NeQDZs2qxH6CKMQX8LUTArqerNYicac5vUMQYAFRxRMzOXibVCfTXA/0?wx_fmt=jpeg,是,2,否,,,100001,924,2419,19,0,0,1
2021-10-11 21:02:47,我、张艺谋与《红高粱》的故事,http://mp.weixin.qq.com/s?__biz=Mzg3MTY2ODQxNA==&mid=2247484549&idx=1&sn=317ac4dd5fb90690e6bc316f89fd051e&chksm=cefa4b54f98dc2427106a5782f2112ac871379222da30404f96ab58563dfe7121f79485988b2#rd,2012年，我在瑞典斯德哥尔摩花园电影院的演讲,莫言,http://mmbiz.qpic.cn/mmbiz_jpg/1rkoZ5tjJgymrgdsMHuexwJAvYDUrpibfDZTezz4jlYeLGI4yRh9bwQyv0ERHsnHflMMxVJQtkB1QmxnRpFHEGA/0?wx_fmt=jpeg,是,1,否,,,100001,4414,8174,48,0,0,0
2021-10-11 21:02:47,【莫言和你聊聊天】年轻人与父母无法沟通怎么办？,http://mp.weixin.qq.com/s?__biz=Mzg3MTY2ODQxNA==&mid=2247484549&idx=2&sn=cf285e94b7dcbbe1443b1eb425d1db98&chksm=cefa4b54f98dc2423b1ff6243ae801d03e51098ff923329f515df0dd71bcd880640c350d9655#rd,人与人的相处准则，就是求同存异。,,http://mmbiz.qpic.cn/mmbiz_jpg/1rkoZ5tjJgySwFWMpzajOtyvtwegqA6GO6HFQpqtlbnX3wNDOHibqTD2M756nVMsMbMc3WMOAnmuLcxFXc8ey7Q/0?wx_fmt=jpeg,否,2,否,,,78024,677,1596,15,0,0,1
2021-10-04 21:05:00,我的旅行：我在俄罗斯,http://mp.weixin.qq.com/s?__biz=Mzg3MTY2ODQxNA==&mid=2247484492&idx=1&sn=6891d05148e6fbcae6ec248acef21a08&chksm=cefa4b9df98dc28b637bca891fb03a349007ae4d5fd8f124e8599663b340b8fa0f0b317cff93#rd,一切都与我想象的不一样，一切都与我想象的一样。,莫言,http://mmbiz.qpic.cn/mmbiz_jpg/1rkoZ5tjJgwSicBbJic3dPTGQcngbD9MbjtZF1BEajR0lLtZTwKlGsKcLcshkqsGGibIj5vEfVkTtWsY5Xr9mUiapg/0?wx_fmt=jpeg,是,1,否,,,100001,3759,7807,43,0,0,0
2021-10-04 21:05:00,【莫言和你聊聊天】快乐的秘诀是什么？,http://mp.weixin.qq.com/s?__biz=Mzg3MTY2ODQxNA==&mid=2247484492&idx=2&sn=1c0413fb0551c702c12386bc551b9268&chksm=cefa4b9df98dc28b63cb8f4b7bff779f5c3e7a8d320487982b9fa669afc755577686265d63e3#rd,来和我聊天吧,,http://mmbiz.qpic.cn/mmbiz_jpg/1rkoZ5tjJgwJpQhOuGeicbhpbaheT4h9BcfJicsibP9sicOrUtpP9EuPO5pODyvOJVCdIotnlTycMHoRfCX1Tzqceg/0?wx_fmt=jpeg,否,2,否,,,100001,1619,5109,33,0,0,0
2021-09-27 22:06:15,没想到我是这样的莫言吧？,http://mp.weixin.qq.com/s?__biz=Mzg3MTY2ODQxNA==&mid=2247484311&idx=1&sn=c75ce52567c1e9236a02b8902231d113&chksm=cefa4c46f98dc5509eb895218dfcfd81cc64ffd425a05c687686a6682463d1cc2dba9e560783#rd,我旅游时的好玩儿瞬间,莫言,http://mmbiz.qpic.cn/mmbiz_jpg/1rkoZ5tjJgzqqLsTNvwRxLykaaL87sYDpePkMJO3xVlZJ2ictjX0VmHgbTcpDE9ucOfHlQzN6OtpfFiap7G6PiaDA/0?wx_fmt=jpeg,否,1,否,,,100001,3271,8060,61,0,0,0
2021-09-27 22:06:15,【莫言和你聊聊天】人生的意义是什么？,http://mp.weixin.qq.com/s?__biz=Mzg3MTY2ODQxNA==&mid=2247484311&idx=2&sn=1554cab6b117185ae3eef9a8b49c9ef3&chksm=cefa4c46f98dc5504267e8d5758ecdf9d63e868bab13fb6f6150c3dcae8e7fc5cfec245b9d97#rd,来和我聊天吧,,http://mmbiz.qpic.cn/mmbiz_jpg/1rkoZ5tjJgwwOqzoP2TCW39raEvBgNZO7Ugib1IWmQUsvSibxDtA7DZMeT6H7N7ZOIcUG1nqOUUIib5XnicHRZmQ9g/0?wx_fmt=jpeg,否,2,否,,,100001,1393,3175,33,0,0,1
2021-09-20 22:05:34,莫言：中秋是最美好的季节,http://mp.weixin.qq.com/s?__biz=Mzg3MTY2ODQxNA==&mid=2247484228&idx=1&sn=c60189b0b027c56c58c6a080a1d5ed78&chksm=cefa4c95f98dc5832bdfe9e08d1e959d39510c7b7f09df0519f27187cf9ce3d6753f179db8df#rd,我笔下的秋天与中秋,莫言,http://mmbiz.qpic.cn/mmbiz_jpg/1rkoZ5tjJgxPZ4CKLgdlgWYkj7EgTTGiaibX2j8VDVPOtoaibSUDpAn9EyYYhzTRKL7xvOtjezplnto3KLtGqU7TQ/0?wx_fmt=jpeg,是,1,否,,,100001,5345,10074,34,0,0,0
2021-09-20 22:05:34,【莫言和你聊聊天】我的写作“秘诀”,http://mp.weixin.qq.com/s?__biz=Mzg3MTY2ODQxNA==&mid=2247484228&idx=2&sn=abfa0fd3bd108a983e589a1bdb9bf779&chksm=cefa4c95f98dc583407ba7d73e0a4515fe2671f39d85fd21549c82eb3b7f9b2ab6d808a92c4d#rd,出名要趁早，做人要晚熟。,莫言,http://mmbiz.qpic.cn/mmbiz_jpg/1rkoZ5tjJgxkPeSibLtz0w6BuDGvDHjqtUPaD4GlJ5wichwueMaeXBWPGZtlzAukMic0sT3ib0f4bR5icvIQmCCbYvQ/0?wx_fmt=jpeg,是,2,否,,,92848,1165,3262,27,0,0,1
2021-09-13 22:01:08,莫言：我小时候都读什么书？,http://mp.weixin.qq.com/s?__biz=Mzg3MTY2ODQxNA==&mid=2247484093&idx=1&sn=ebccb479c49eb6c4a3ba7a4da9c1dd97&chksm=cefa4d6cf98dc47aeac54eb84b588cb24bf0d013cbc113d63a43c5f76bd42e6cf84ce752bfa3#rd,童年书单,,http://mmbiz.qpic.cn/mmbiz_jpg/1rkoZ5tjJgzmJTI67feUUodn3zic9LwKhk63GTD4iamz4ficpVkP04ZfB94iabKTSKEKf0VDrZ1f6fntEmXbXN5ulA/0?wx_fmt=jpeg,否,1,否,,,100001,3936,7556,67,0,0,0
2021-09-13 22:01:08,【莫言和你聊聊天】我最近在读什么书？,http://mp.weixin.qq.com/s?__biz=Mzg3MTY2ODQxNA==&mid=2247484093&idx=2&sn=d4f4b7910c7e7c3969ae38598ed63a5f&chksm=cefa4d6cf98dc47a945885b9637870baf342aaddf7ffe1ff180df0b649f6798c46d66d2b6440#rd,来和我聊天吧,莫言,http://mmbiz.qpic.cn/mmbiz_jpg/oibZHJKymm0BGdByRqbHChp535DSziatibDY8KugjsOaZYTFoxXKcw3zzEtcDMWgwicxHN5ydibttRsBxmSZUQnsflQ/0?wx_fmt=jpeg,是,2,否,,,100001,1122,2688,34,0,0,1
2021-09-06 22:04:57,莫言：40年前我是这么“出道”的,http://mp.weixin.qq.com/s?__biz=Mzg3MTY2ODQxNA==&mid=2247484064&idx=1&sn=22ed8842f6ba4a32bac0207045b06feb&chksm=cefa4d71f98dc467fb3774807a1a6f0c4b591ef105c5b3d3550d4dd9fb1e0e066518f101be55#rd,我的文学之路,莫言,http://mmbiz.qpic.cn/mmbiz_jpg/1rkoZ5tjJgzGt2ZGvic4SZh7wJUmkRu3SZSa3xibkQOHxib35hIlhibTzQF7oic1IYg6QndN2Bf57dDCQDzpTNdq38Q/0?wx_fmt=jpeg,是,1,否,,,100001,3495,7643,24,0,0,1
2021-09-06 22:04:57,【莫言和你聊聊天】我人生中的低谷期，是怎么熬过去的？,http://mp.weixin.qq.com/s?__biz=Mzg3MTY2ODQxNA==&mid=2247484064&idx=2&sn=a12f349113398631b4345e1ad61df476&chksm=cefa4d71f98dc46728a1da459a1418a6f9ea159df5231e8a21073a83f3b4a9cebcd5e2f02b21#rd,来和我聊天吧,莫言,http://mmbiz.qpic.cn/mmbiz_jpg/1rkoZ5tjJgwek1lLptKD65ZOAXnebSibftIDPuoOpE1Jr5X9DfJsPY8J7ebmkS4TKp4LAl3ibD244JjNNdhPCMdA/0?wx_fmt=jpeg,是,2,否,,,100001,1727,3966,19,0,0,1
2021-09-03 16:08:26,关于粉丝迁移至本公众号的说明,http://mp.weixin.qq.com/s?__biz=Mzg3MTY2ODQxNA==&mid=2247483998&idx=1&sn=7f99aebbb8ee091908f1ecebc3fbb571&chksm=cefa4d8ff98dc4991a62d09566d9950ded7cded7d092ebb1728d36279f0e1cd2264f3c3b3c09#rd,感谢您继续关注我们的公众号。您之前关注的公众号莫言已经将全部业务、功能转移至本公众号。,,https://mmbiz.qlogo.cn/mmbiz_png/4whpV1VZl2ibXic0qYUBzsxw4RDAGVk5EGP0DFdYyMuiaicI7Az4FcvwViayFACJAWQfRVkicNHqWicAy7pRP5JK9mbvg/0?wx_fmt=png,否,1,否,,,100001,2788,6824,0,0,0,0
2021-08-23 22:05:04,莫言日记,http://mp.weixin.qq.com/s?__biz=Mzg3MTY2ODQxNA==&mid=2247483997&idx=1&sn=0055f5bdd236a8dc143ae86d292eb0fe&chksm=cefa4d8cf98dc49a9021f1f8495304db2f9a3aa7a1538401c8cea861d9192826f61ffa6d2a65#rd,今天我去收割玉米啦,莫言,http://mmbiz.qpic.cn/mmbiz_jpg/oibZHJKymm0CWr20mCg1D5Vjib8gEtPUVf0x7znEiaBz2Loia1IibN1C3WrxWURTvP2tAzpnDUVcdC7OqOSKibRdJSKA/0?wx_fmt=jpeg,是,1,否,,,100001,6539,15828,46,0,0,0
2021-08-23 22:05:04,【莫言和你聊聊天】年轻好，还是老去好？,http://mp.weixin.qq.com/s?__biz=Mzg3MTY2ODQxNA==&mid=2247483997&idx=2&sn=fe78355f1c04d837e22d8ce08c3310b8&chksm=cefa4d8cf98dc49ae0a08ac274b0957fc3b4cabaa94aea925c28392764a26032ae2dbcc709a2#rd,来和我聊天吧,莫言,http://mmbiz.qpic.cn/mmbiz_jpg/oibZHJKymm0BGdByRqbHChp535DSziatibDY8KugjsOaZYTFoxXKcw3zzEtcDMWgwicxHN5ydibttRsBxmSZUQnsflQ/0?wx_fmt=jpeg,是,2,否,,,100001,3273,7629,20,0,0,1
2021-08-16 22:01:09,莫言回复网友提问，画风超颠覆！,http://mp.weixin.qq.com/s?__biz=Mzg3MTY2ODQxNA==&mid=2247483996&idx=1&sn=72f62d430ecdb6be757a8a212cdbf9ce&chksm=cefa4d8df98dc49bd257e888e54b7eb99dbaf23dfdc13d39a1d22d6079105ba50b07534e3f80#rd,认（超）真（萌）回复网友留言,莫言,http://mmbiz.qpic.cn/mmbiz_jpg/oibZHJKymm0BRdlibEh7XhAEpZJ29I3C9bxYlNbYnvgvZYHAmk1JswZGTR4wAQmC6GsKuibmA41HnQ4YUs8ib1ISjA/0?wx_fmt=jpeg,否,1,否,,,100001,6468,13684,38,0,0,0
2021-08-16 22:01:09,莫言：我为什么想跟年轻人聊聊天？,http://mp.weixin.qq.com/s?__biz=Mzg3MTY2ODQxNA==&mid=2247483996&idx=2&sn=2e3894c2e9166a0883009e56efb4997b&chksm=cefa4d8df98dc49b9b39e69a35cfb99a46bbf16c303f2acae48fa19e976726c610c796afd19a#rd,来和我聊天吧,莫言,http://mmbiz.qpic.cn/mmbiz_jpg/oibZHJKymm0BRdlibEh7XhAEpZJ29I3C9b4Ju4jwibOwIabLmLhp02taOPCzzUmrMAhnLmGzIh2b7cnaUhrKzrg5w/0?wx_fmt=jpeg,是,2,否,,,100001,2360,6046,11,0,0,1
2021-08-16 22:01:09,莫言回复网友提问【完整版】,http://mp.weixin.qq.com/s?__biz=Mzg3MTY2ODQxNA==&mid=2247483996&idx=3&sn=0281d0ffa2b258888125f618f3c325a0&chksm=cefa4d8df98dc49b0d93a38cca000880bdd39c49a2b3a9f2a8599831b1813dc467a8eb54d004#rd,,莫言,http://mmbiz.qpic.cn/mmbiz_jpg/oibZHJKymm0BRdlibEh7XhAEpZJ29I3C9bYTQOtbiapjkuoqCAPW7B3d2JA903eLaKJBMkYFXewEbGibSEOsd6bSBQ/0?wx_fmt=jpeg,是,3,否,,,100001,4512,9628,10,0,0,0
2021-08-09 22:03:11,莫言开公众号啦！,http://mp.weixin.qq.com/s?__biz=Mzg3MTY2ODQxNA==&mid=2247483995&idx=1&sn=5df93c1d13db1dd9602e8c8a9d1f0f16&chksm=cefa4d8af98dc49cb0d6f60e985caeece1045b96fb101b2cda0de79c0d3d36111e3ad812df60#rd,欢迎大家关注,,http://mmbiz.qpic.cn/mmbiz_jpg/oibZHJKymm0ApP2jyBGdqS9iaYozr7yBGa2JTpOqAibYvhAb9Z0wkEbObkFv7qqpI6V7X3wcZftlzCsY82GUFQZgg/0?wx_fmt=jpeg,否,1,否,,,100001,13197,20849,24,0,0,0
2021-08-09 22:03:11,【莫言和你聊聊天】文学最大的用处，就是没有用处,http://mp.weixin.qq.com/s?__biz=Mzg3MTY2ODQxNA==&mid=2247483995&idx=2&sn=0b8ef7a18c76059c11ff77e09475cec5&chksm=cefa4d8af98dc49c78f3f0ad809957be3995565c23b6a9a7842b2dcdc80bc7a62c1e5bcc2338#rd,来和我聊聊天吧,,http://mmbiz.qpic.cn/mmbiz_jpg/oibZHJKymm0CqK7kAgiaFIV1CztaSaF65rTOTiaxicuKJKDZwMJDBia8nOj3UWt0gbnjDs4Vk2lxfjakMYz9ePym3sA/0?wx_fmt=jpeg,否,2,否,,,100001,3721,7947,16,0,0,1
2021-08-02 22:02:16,我为什么叫“莫言”？,http://mp.weixin.qq.com/s?__biz=Mzg3MTY2ODQxNA==&mid=2247483994&idx=1&sn=f327b88b59c2876da349d899c8fbb352&chksm=cefa4d8bf98dc49d0f3f46c005b68c54fbc61dcd61cb9730b444ca5f29a1881b4a1e7982f7ab#rd,聊聊我笔名的由来,莫言,http://mmbiz.qpic.cn/mmbiz_jpg/oibZHJKymm0CqK7kAgiaFIV1CztaSaF65r9HUOAyQicHj3rFIFLxZ2pUvu7zJgVojPdwDvnxeWxgLyLvzuJmhtccw/0?wx_fmt=jpeg,是,1,否,,,100001,6619,14824,19,0,0,0
2021-08-02 22:02:16,莫言和你聊聊天：终其一生做个平凡人，有错吗？,http://mp.weixin.qq.com/s?__biz=Mzg3MTY2ODQxNA==&mid=2247483994&idx=2&sn=b6f32ee47cb95394b211a3acf746e9f9&chksm=cefa4d8bf98dc49d6e9cfe649d5ca7e477a143cb6576628b439d828fc0be1bcd68f5320fe118#rd,来和我聊天吧,,http://mmbiz.qpic.cn/mmbiz_jpg/oibZHJKymm0CqK7kAgiaFIV1CztaSaF65rTOTiaxicuKJKDZwMJDBia8nOj3UWt0gbnjDs4Vk2lxfjakMYz9ePym3sA/0?wx_fmt=jpeg,否,2,否,,,100001,2788,6593,14,0,0,1
2021-07-18 14:53:17,关于粉丝迁移至本公众号的说明,http://mp.weixin.qq.com/s?__biz=Mzg3MTY2ODQxNA==&mid=2247483993&idx=1&sn=ad5b411f0deb71e7467d9bb7d81978e5&chksm=cefa4d88f98dc49efe360319637cc40445f8d72a438026df7043fa14166a6d85a1dc51295b0b#rd,感谢您继续关注我们的公众号。您之前关注的公众号书单狗服务号2已经将全部业务、功能转移至本公众号。,,https://mmbiz.qlogo.cn/mmbiz_png/4whpV1VZl2ibXic0qYUBzsxw4RDAGVk5EGP0DFdYyMuiaicI7Az4FcvwViayFACJAWQfRVkicNHqWicAy7pRP5JK9mbvg/0?wx_fmt=png,否,1,否,,,3066,76,134,0,0,0,0
